作品ID,版本ID,作品名称,中文名称,原文名称,主分类,细分类,游戏类型,主要角色,发行年份,平台,发行公司,发行厂商归档,版本类型,角色配音标注,版本差异,来源
g089,g089-v1,巨洞冒险,,Colossal Cave Adventure,文字冒险,纯文本指令,纯文本／洞穴探索,探险者（玩家）,1976,PDP-10,Will Crowther（作者传播）,非商业／未署商业厂商,原始大型机版,无角色配音,原作以洞穴路线和少量宝物为核心；非商业发行。,https://www.catb.org/~esr/open-adventure/history.html
g089,g089-v2,巨洞冒险,,Colossal Cave Adventure,文字冒险,纯文本指令,纯文本／洞穴探索,探险者（玩家）,1977,PDP-10,Don Woods（作者传播）,非商业／未署商业厂商,扩充版,无角色配音,Don Woods 在原作上增加谜题、宝藏和奇幻内容；同机种的不同内容版本。,https://rickadams.org/adventure/a_history.html
g090,g090-v1,佐克（大型机原作）,,Zork (MIT PDP-10 original),文字冒险,纯文本指令,纯文本／奇幻解谜,冒险者（玩家）,1977,PDP-10,MIT 创作者团队（非商业传播）,非商业／未署商业厂商,大型机原作,无角色配音,MIT 收藏的 1977 年 MDL 源码；随后商业版拆分为《Zork I》等独立作品。,https://github.com/MITDDC/zork
g091,g091-v1,冒险乐园,,Adventureland,文字冒险,纯文本指令,纯文本／寻宝解谜,冒险者（玩家）,1978,TRS-80,Scott Adams（初期自行销售）,非商业／未署商业厂商,首发录音带,无角色配音,最初的商业家用机文字冒险之一；后续 Adventure International 包装版时间另待核。,https://www.msadams.com/adventures.htm
g092,g092-v1,海盗冒险,,Pirate Adventure,文字冒险,纯文本指令,纯文本／海盗寻宝,冒险者（玩家）、海盗,1978,TRS-80,Scott Adams／Adventure International,Adventure International,早期家用机版,无角色配音,作者 Scott 与 Alexis Adams；具体早期商业包装和出版名称仍待逐批核对。,https://ifdb.org/viewgame?id=zya3mo3njj58hewi
g089,g089-v3,巨洞冒险,,Colossal Cave Adventure,文字冒险,纯文本指令,纯文本／洞穴探索,探险者（玩家）,1979,TRS-80,Microsoft,Microsoft,Microsoft Adventure 商业改编,无角色配音,家用电脑版本，属于《Adventure》的商业改编；不等同于 1976 年源代码。,https://www.trs-80.org/microsoft-adventure.html
g089,g089-v4,巨洞冒险,,Colossal Cave Adventure,文字冒险,纯文本指令,纯文本／洞穴探索,探险者（玩家）,1979,Apple II,Microsoft,Microsoft,Microsoft Adventure 商业改编,无角色配音,同年销售的 Apple II 版，发行时间据电脑史馆藏。,https://www.trs-80.org/microsoft-adventure.html
g093,g093-v1,伯爵,,The Count,文字冒险,纯文本指令,纯文本／吸血鬼恐怖,冒险者（玩家）、吸血鬼伯爵,1979,家用计算机,Adventure International,Adventure International,早期家用机版,无角色配音,1979 年发行，但最早的具体机种及包装待核；不推定为 TRS-80 首发。,https://ifdb.org/viewgame?id=89qmjvv4cb0z93t5
g001,g001-v1,神秘屋,,Mystery House,文字冒险,图文指令,图文指令／悬疑,宅邸调查者（玩家）,1980,Apple II,On-Line Systems,On-Line Systems,首发,无角色配音,最早商业发行版。,https://www.sierragamers.com/ken-williams/
g002,g002-v1,佐克 I,,Zork I: The Great Underground Empire,文字冒险,纯文本指令,纯文本／奇幻解谜,地下帝国的探险者（玩家）,1980,家用计算机,Infocom,Infocom,首发,无角色配音,按 Infocom 商业版；早期大型机 Zork 不并入。,https://infocom-if.org/company/company.html
g057,g057-v1,巫师与公主,,The Wizard and the Princess,文字冒险,图文指令,彩色图文指令／奇幻,冒险者（玩家）、普莉西拉公主、巫师 Harlin,1980,Apple II,On-Line Systems,On-Line Systems,首发,无角色配音,彩色静态插图与文字指令。,https://www.sierragamers.com/roberta-williams/
g058,g058-v1,克兰斯顿庄园,,Cranston Manor,文字冒险,图文指令,彩色图文指令／寻宝,寻宝者（玩家）、克兰斯顿,1981,Apple II,On-Line Systems,On-Line Systems,首发,无角色配音,英文指令与彩色场景。,https://www.sierragamers.com/wp-content/uploads/2019/12/001_On_Line_Letter_Volume_1_Number_1_June_1981.pdf
g062,g062-v1,佐克 II,,Zork II: The Wizard of Frobozz,文字冒险,纯文本指令,纯文本／奇幻解谜,冒险者（玩家）、Frobozz 巫师,1981,家用计算机,Infocom,Infocom,首发／早期多机种,无角色配音,此处合并同年早期计算机平台；具体机种日期待核实。,https://www.infocom-if.org/games/zork2/zork2.html
g094,g094-v1,软色情冒险,,Softporn Adventure,文字冒险,纯文本指令,纯文本／成人喜剧冒险,男性主人公（玩家）,1981,Apple II,On-Line Systems,On-Line Systems,首发商业版,无角色配音,文本指令；归入成人喜剧文字冒险，不等同于后来的恋爱视觉小说。,https://www.sierragamers.com/wp-content/uploads/2019/12/SierraVault_Game_List_V201302010.pdf
g003,g003-v1,Deadline,最后期限,Deadline,文字冒险,纯文本指令,纯文本／推理,侦探长（玩家）、Marshall Robner,1982,家用计算机,Infocom,Infocom,首发,无角色配音,作品最早确认的版本。,https://infocom-if.org/games/games.html
g004,g004-v1,夜生活,,ナイトライフ,Galgame,早期成人向互动,成人向／生活工具,情侣（玩家设定）,1982,日本个人计算机,光荣,光荣,首发,无角色配音,历史作品；严格说并非典型恋爱叙事游戏。,https://www.famitsu.com/news/202312/10327281.html
g005,g005-v1,Lolita：野球拳,,ロリータ～野球拳,Galgame,早期成人向互动,成人向／猜拳,野球拳对战者（玩家）、对手,1982,FM-7 等,PSK,PSK,首发,无角色配音,按广义早期美少女游戏收录；不是视觉小说。,https://fm-7.com/museum/products/7bj82lkr/
g057,g057-v2,巫师与公主,,The Wizard and the Princess,文字冒险,图文指令,彩色图文指令／奇幻,冒险者（玩家）、普莉西拉公主、巫师 Harlin,1982,IBM PC,IBM,IBM,Adventure in Serenia 版本,无角色配音,以不同标题发行的 IBM 移植版。,https://www.sierragamers.com/hi-res/
g059,g059-v1,时区,,Time Zone,文字冒险,图文指令,彩色图文指令／时间旅行,旅行者（玩家）,1982,Apple II,On-Line Systems,On-Line Systems,首发,无角色配音,多张磁盘的跨时代图文冒险。,https://www.sierragamers.com/hi-res/
g063,g063-v1,佐克 III,,Zork III: The Dungeon Master,文字冒险,纯文本指令,纯文本／奇幻解谜,冒险者（玩家）、地下城主,1982,家用计算机,Infocom,Infocom,首发／早期多机种,无角色配音,同年发行机种与先后顺序仍待逐台核实。,https://www.infocom-if.org/games/zork3/zork3.html
g064,g064-v1,星际交汇,,Starcross,文字冒险,纯文本指令,纯文本／科幻探索,黑洞矿工（玩家）,1982,家用计算机,Infocom,Infocom,首发／早期多机种,无角色配音,以文字命令探索外星飞船；机种明细待核实。,https://www.infocom-if.org/games/starcross/starcross.html
g095,g095-v1,尤利西斯与金羊毛,,Ulysses and the Golden Fleece,文字冒险,图文指令,彩色图文指令／希腊神话,尤利西斯、独眼巨人、海妖,1982,Apple II,On-Line Systems／Sierra On-Line,On-Line Systems、Sierra On-Line,Hi-Res Adventure #4,无角色配音,上方场景插图、下方两词指令；系列页和设计师年表列 1982 年。,https://www.sierragamers.com/hi-res/
g096,g096-v1,表参道冒险,,表参道アドベンチャー,文字冒险,纯文本指令,纯文本／杂志刊载解谜,潜入者（玩家）,1982,PC-8001,ASCII（杂志刊载）,ASCII,1982 年 4 月杂志版,无角色配音,随《月刊 ASCII》附刊 Ah!SKI 发表的文本指令游戏。,https://ifdb.org/viewgame?id=l0ovglum7br9nztc
g096,g096-v2,表参道冒险,,表参道アドベンチャー,文字冒险,纯文本指令,纯文本／杂志刊载解谜,潜入者（玩家）,1982,MZ-80K/C,ASCII（杂志刊载）,ASCII,同刊载机种适配,无角色配音,利用杂志所列机种接口执行相同程序；不是另一次商业发行。,https://electrelic.com/electrelic/node/1072?language=en
g096,g096-v3,表参道冒险,,表参道アドベンチャー,文字冒险,纯文本指令,纯文本／杂志刊载解谜,潜入者（玩家）,1982,MZ-80B,ASCII（杂志刊载）,ASCII,同刊载机种适配,无角色配音,共用游戏主体，机种依赖部分不同；不是 PC-9801 首发。,https://electrelic.com/electrelic/node/1072?language=en
g097,g097-v1,谜之屋（日本版原创）,,ミステリーハウスⅠ,文字冒险,图文指令,图文指令／寻宝,寻宝者（玩家）,1982,MZ-80B,マイクロキャビン,マイクロキャビン,日本原始版,无角色配音,1982 年夏 MZ 系列黑白图像作品，与 Sierra 同名游戏故事不同。,https://www.gamepres.org/pc88/library/adv.htm
g098,g098-v1,谜之屋 II,,ミステリーハウスⅡ,文字冒险,图文指令,图文指令／寻宝,寻宝者（玩家）,1982,FM-8,マイクロキャビン,マイクロキャビン,早期 FM 版,无角色配音,馆藏列 1982 年；早期 FM-8 盘与 FM-7 不兼容。,https://fm-7.com/museum/products/jna9lxqz/
g113,g113-v1,霍比特人,,The Hobbit,文字冒险,图文指令,图文文字冒险／奇幻,比尔博·巴金斯、甘道夫、索林,1982,ZX Spectrum,Melbourne House,Melbourne House,原版,,1982 年 ZX Spectrum 录音带原版；同年 Sinclair Research 曾发行同平台再版。,https://worldofspectrum.org/software?id=0006440
g113,g113-v2,霍比特人,,The Hobbit,文字冒险,图文指令,图文文字冒险／奇幻,比尔博·巴金斯、甘道夫、索林,1982,ZX Spectrum,Sinclair Research Ltd,Sinclair Research,同平台再版,,馆藏另列 1982 年 Sinclair Research 的 ZX Spectrum 再版，平台和游戏本体相同。,https://worldofspectrum.org/software?id=0006440
g001,g001-v2,神秘屋,,Mystery House,文字冒险,图文指令,图文指令／悬疑,宅邸调查者（玩家）,1983,PC-8801,スタークラフト,スタークラフト,日本移植,无角色配音,1983 年 4 月 PC-8801 移植 Sierra 原作；与同名 MicroCabin 原创作品不同。,https://www.gamepres.org/pc88/library/1983/1983_4.htm
g006,g006-v1,Planetfall,行星坠落,Planetfall,文字冒险,纯文本指令,纯文本／科幻,星际巡逻队员（玩家）、Floyd,1983,家用计算机,Infocom,Infocom,首发,无角色配音,作品最早确认的版本。,https://www.infocom-if.org/authors/meretzky.html
g007,g007-v1,波多比亚连续杀人事件,,ポートピア連続殺人事件,文字冒险,图文指令,图文指令／推理,刑警（玩家）、ヤス,1983,日本个人计算机,艾尼克斯,Enix（艾尼克斯）,首发,无角色配音,此处文字冒险包括图文指令游戏。,https://fm-7.com/museum/products/k6sufaqm/
g008,g008-v1,玛丽酱危机一发,,マリちゃん危機一髪,Galgame,美少女探索冒险,美少女／解救冒险,玛丽,1983,PC-8801 等,艾尼克斯,Enix（艾尼克斯）,首发,无角色配音,部分版本附有磁带人声；不等同游戏内角色配音。,https://fm-7.com/museum/products/1paitdl4/
g009,g009-v1,团地妻的诱惑,,団地妻の誘惑,Galgame,成人向冒险,成人向／冒险,住宅区探索者（玩家）、团地妻,1983,日本个人计算机,光荣,光荣,首发,无角色配音,作品最早确认的版本。,https://www.famitsu.com/news/202312/10327281.html
g010,g010-v1,龙穴历险记,,Dragon’s Lair,互动动画,激光影碟·动作选择,激光影碟／动作选择,德克（Dirk）、达芙妮（Daphne）,1983,街机,Cinematronics,Cinematronics,首发,,美国街机原版。,https://www.arcade-history.com/game/702/
g041,g041-v1,悬置,,Suspended,文字冒险,纯文本指令,纯文本／科幻解谜,IRIS、WALDO、AUDA、POET,1983,家用计算机,Infocom,Infocom,首发,无角色配音,文字指令控制不同机器人完成修复。,https://www.infocom-if.org/games/games.html
g042,g042-v1,魔法师,,Enchanter,文字冒险,纯文本指令,纯文本／奇幻解谜,见习魔法师（玩家）、Krill,1983,家用计算机,Infocom,Infocom,首发,无角色配音,咒语收集与解析器指令是主要玩法。,https://www.infocom-if.org/games/games.html
g057,g057-v3,巫师与公主,,The Wizard and the Princess,文字冒险,图文指令,彩色图文指令／奇幻,冒险者（玩家）、普莉西拉公主、巫师 Harlin,1983,FM-7,スタークラフト,スタークラフト,日本移植,无角色配音,由 Starcraft 移植，画面与平台适配有别于 Apple II。,https://fm-7.com/museum/products/gcdtmjc7/
g058,g058-v2,克兰斯顿庄园,,Cranston Manor,文字冒险,图文指令,彩色图文指令／寻宝,寻宝者（玩家）、克兰斯顿,1983,FM-7,スタークラフト,スタークラフト,日本移植,无角色配音,日本 FM-7 平台移植；追寻宅邸中的宝藏。,https://fm-7.com/museum/products/0mvxzwag/
g065,g065-v1,目击者,,The Witness,文字冒险,纯文本指令,纯文本／侦探推理,警探（玩家）、Duffy 警佐,1983,家用计算机,Infocom,Infocom,首发／早期多机种,无角色配音,依据 Infocom 年表与作者资料记为 1983 年；各机种另待核实。,https://www.infocom-if.org/authors/galley.html
g066,g066-v1,异教徒,,Infidel,文字冒险,纯文本指令,纯文本／考古冒险,探险者（玩家）,1983,家用计算机,Infocom,Infocom,首发／早期多机种,无角色配音,沙漠求生与古迹探索；机种明细待核实。,https://www.infocom-if.org/games/infidel/infidel.html
g073,g073-v1,惑星梅菲乌斯,,惑星メフィウス,文字冒险,图文指令,图文指令／科幻,星亚瑟（玩家）,1983,FM-7,T&E SOFT,T&E SOFT,首发,无角色配音,档案列 FM-7 为原始机种，采用指令与画面目标选择。,https://fm-7.com/museum/products/tocvx2b8/
g074,g074-v1,德泽尼乐园,,デゼニランド,文字冒险,图文指令,图文指令／游乐园解谜,寻宝者（玩家）,1983,X1D,ハドソンソフト,Hudson Soft（哈德森）,首发机种,无角色配音,档案将 X1D 列为原始机种；准确先后月份待核实。,https://fm-7.com/museum/products/zd9clwc4/
g074,g074-v2,德泽尼乐园,,デゼニランド,文字冒险,图文指令,图文指令／游乐园解谜,寻宝者（玩家）,1983,FM-7,ハドソンソフト,Hudson Soft（哈德森）,移植,无角色配音,FM-7 图文指令版；与 X1D 同年，月份待核实。,https://fm-7.com/museum/products/zd9clwc4/
g075,g075-v1,四次元少女莉迪亚,,四次元少女リディア,文字冒险,图文指令,图文指令／科幻故事,调查员（玩家）、Trigger 博士,1983,FM-7,チャンピオンソフト,チャンピオンソフト,首发,无角色配音,附立体眼镜的图文冒险；有音乐但角色人声未见证据。,https://fm-7.com/museum/products/91e3ra67/
g082,g082-v1,贝加之战,,Bega's Battle,互动动画,激光影碟·射击／驾驶,激光影碟／动画射击,Bega、Luna、Jobe、Sony、Varge,1983,街机,Data East,Data East,首发,,动画影碟穿插射击环节；非文字分支视觉小说。,https://www.arcade-museum.com/Videogame/begas-battle
g087,g087-v1,暗黑星云,,暗黒星雲,文字冒险,图文指令,图文指令／科幻,星亚瑟（玩家）,1983,FM-7,T&E SOFT,T&E SOFT,首发,无角色配音,前作续篇，另有几段 3D 射击；角色人声未见证据。,https://fm-7.com/museum/products/gttnk7za/
g097,g097-v2,谜之屋（日本版原创）,,ミステリーハウスⅠ,文字冒险,图文指令,图文指令／寻宝,寻宝者（玩家）,1983,FM-7,マイクロキャビン,マイクロキャビン,彩色移植,无角色配音,馆藏标为 1983 年 11 月；改为 FM-7 彩色画面，且此版晚于《谜之屋 II》的 FM 版。,https://fm-7.com/museum/products/az1oan43/
g098,g098-v2,谜之屋 II,,ミステリーハウスⅡ,文字冒险,图文指令,图文指令／寻宝,寻宝者（玩家）,1983,FM-7,マイクロキャビン,マイクロキャビン,FM-7 专用版,无角色配音,馆藏发行明细记为 1983 年 FM-7 专用版；早期 FM-8 盘在 FM-7 不能正常运行。,https://fm-7.com/museum/products/jna9lxqz/releases
g099,g099-v1,黑水晶,,The Dark Crystal,文字冒险,图文指令,彩色图文指令／电影改编,Jen、Kira,1983,Apple II,Sierra On-Line,Sierra On-Line,Hi-Res Adventure #6,无角色配音,依电影改编的图文冒险，输入文字命令进行探索。,https://www.sierragamers.com/the-dark-crystal/
g100,g100-v1,南青山冒险,,南青山アドベンチャー,文字冒险,纯文本指令,纯文本／科幻讽刺,投稿者（玩家）,1983,PC-8001,ASCII,ASCII,1983 年 4 月发表,无角色配音,《表参道冒险》后续作品，英文命令文本游戏；首发机种记为 PC-8001 及以后兼容系列。,https://www.gamepres.org/pc88/library/1983/1983_4.htm
g101,g101-v1,帕姆斯,,ザ・パームス,文字冒险,图文指令,图文指令／海底探险,冒险者（玩家）、被掳走的恋人,1983,FM-8,ハミングバードソフト,ハミングバードソフト,系列第 1 作,无角色配音,馆藏记 1983 年 1 月，原始机种标 FM-8；图文指令冒险。,https://fm-7.com/museum/products/aibua2n8/
g101,g101-v2,帕姆斯,,ザ・パームス,文字冒险,图文指令,图文指令／海底探险,冒险者（玩家）、被掳走的恋人,1983,FM-7,ハミングバードソフト,ハミングバードソフト,FM-7 适配,无角色配音,FM-7 兼容版本；与 FM-8 的具体发行先后待核。,https://fm-7.com/museum/products/aibua2n8/
g102,g102-v1,仙境骑士,,ザ・ナイト・オブ・ワンダーランド,文字冒险,图文指令,图文指令／童话,冒险者（玩家）、罗姆公主,1983,FM-7/8,ハミングバードソフト,ハミングバードソフト,系列第 2 作,无角色配音,馆藏原始机种为 FM-7/8；与《帕姆斯》相比更多中间色画面。,https://fm-7.com/museum/products/vitpdgtz/
g103,g103-v1,星光冒险 PART 1,,スターライト・アドベンチャー PART 1,文字冒险,纯文本指令,文本指令／科幻童话,旅行者（玩家）、被营救的公主,1983,FM-7,キャリーラボ,キャリーラボ,早期 FM 版,无角色配音,馆藏明确 FM-7 机种；以文字指令推进，含日文平假名显示。,https://fm-7.com/museum/products/vjg12a36/
g104,g104-v1,寻找广子,,アタックひろ子ちゃん,Galgame,成人向冒险,成人向／图文指令,玩家、ひろ子,1983,FM-7,チャンピオンソフト,チャンピオンソフト,早期成人冒险,无角色配音,馆藏将其列为冒险与成人向，首发机种未核实。,https://fm-7.com/museum/products/7kjmjxi8/
g113,g113-v3,霍比特人,,The Hobbit,文字冒险,图文指令,图文文字冒险／奇幻,比尔博·巴金斯、甘道夫、索林,1983,Commodore 64,Melbourne House,Melbourne House,录音带移植,,档案页将 C64 录音带版列为 1983；页面另列 1985 年该版装载器，年份有异文，待查当年包装。,https://www.lemon64.com/game/hobbit-tape-version
g114,g114-v1,英灵殿,,Valhalla,文字冒险,图文指令,图文文字冒险／北欧神话,冒险者（玩家）,1983,ZX Spectrum,Legend,Legend,原版,,ZX Spectrum 初版；1984 年 C64 版单列。,https://worldofspectrum.org/archive/software/games/valhalla-legend-1
g115,g115-v1,占星大冒险,,アストロロジー・スクランブル,文字冒险,图文指令,图文冒险／奇幻恋爱,杰米尼、阿夸丽亚斯、撒旦、墨丘利,1983,FM-7,リバーヒルソフト,リバーヒルソフト,原版,,馆藏将 FM-7 列为原始机种。,https://fm-7.com/museum/products/mrq0utaa/
g116,g116-v1,寻找线索！,,手掛りを探せ！,文字冒险,图文指令,图文冒险／推理,旅馆管理员（玩家）,1983,FM-8／FM-7,リバーヒルソフト,リバーヒルソフト,原版,,馆藏列 FM 系兼容机种，原始机种不明，合并记为一个兼容版本。,https://fm-7.com/museum/products/kgzrbt1p/
g117,g117-v1,流浪小鼠,,ザ・ストレイストーリー,文字冒险,图文指令,图文冒险／童话,小鼠,1983,FM-8／FM-7,リバーヒルソフト,リバーヒルソフト,原版,,原始机种不明，馆藏记载 FM 系兼容。,https://fm-7.com/museum/products/db6qluaw/
g118,g118-v1,女子宿舍危机,,女子寮パニック,Galgame,成人向冒险,成人向／图文冒险,罗姆（ロムちゃん）,1983,FM-8／FM-7,エニックス,Enix（艾尼克斯）,原版,,1983 年 6 月共用磁带；馆藏将 FM-8 列为原始机种。,https://fm-7.com/museum/products/vj1bitct/releases
g119,g119-v1,飞鸟之恋,,Lovely飛鳥,Galgame,恋爱剧情冒险,恋爱／图文冒险,飞鸟,1983,FM-7,エニックス,Enix（艾尼克斯）,原版,,1983 年 10 月 FM-7 版；馆藏列其为原始机种。,https://fm-7.com/museum/products/l2zkgfa5/
g120,g120-v1,不可思议之旅,,不思議な旅,文字冒险,图文指令,图文冒险／异世界,异世界漂流者（玩家）,1983,FM-7,エニックス,Enix（艾尼克斯）,原版,,原名「ファンタジーアイランド」；1983 年 10 月 FM-7 版。,https://fm-7.com/museum/products/qto4u7tq/
g121,g121-v1,间谍 0011,,SPY-0011,文字冒险,图文指令,图文冒险／间谍,间谍 0011（玩家）,1983,FM-8／FM-7,チャンピオンソフト,チャンピオンソフト,原版,,原始机种不明，馆藏记载 FM 系兼容。,https://fm-7.com/museum/products/0refcz7z/
g122,g122-v1,太空奇遇,,スペーシーワンダー,文字冒险,图文指令,图文冒险／科幻,飞船船长（玩家）,1983,FM-8／FM-7,チャンピオンソフト,チャンピオンソフト,原版,,原始机种不明，馆藏记载 FM 系兼容。,https://fm-7.com/museum/products/a1b1vc7z/
g123,g123-v1,奥利机场杀人事件,,オルリー空港殺人事件,文字冒险,图文指令,图文冒险／推理,佳苗、明菜,1983,FM-8／FM-7,チャンピオンソフト,チャンピオンソフト,原版,,原始机种不明，馆藏记载 FM 系兼容。,https://fm-7.com/museum/products/lrdwgvuy/
g011,g011-v1,银河系漫游指南,,The Hitchhiker’s Guide to the Galaxy,文字冒险,纯文本指令,纯文本／科幻喜剧,亚瑟·登特、福特·普里费克特,1984,家用计算机,Infocom,Infocom,首发,无角色配音,作品最早确认的版本。,https://infocom-if.org/games/games.html
g012,g012-v1,北海道连锁杀人：鄂霍次克消失,,北海道連鎖殺人 オホーツクに消ゆ,文字冒险,图文选项／调查,图文选项／推理,刑警（版本设定不同）、黑木五郎（早期PC版）、猿渡俊介（后续版）,1984,PC-8801 等,ASCII（LOGIN SOFT）,ASCII,首发,无角色配音,1984 年 PC 原版；FM-7 移植在 1985 年。,https://www.gamepres.org/pc88/library/1984/ohotsuku.htm
g013,g013-v1,荷兰妻会梦见电鳗吗？,,オランダ妻は電気ウナギの夢を見るか？,Galgame,成人向冒险,成人向／冒险,冒险者（玩家）、荷兰妻,1984,日本个人计算机,光荣,光荣,首发,无角色配音,首发 1984；FM-7 版登记为 1985 年。,https://www.famitsu.com/news/202312/10327281.html
g044,g044-v1,太空王牌,,Space Ace,互动动画,激光影碟·动作选择,激光影碟／动画动作选择,Ace / Dexter、Kimberly、Borf,1984,街机,Cinematronics,Cinematronics,首发,,激光影碟播放手绘动画；按时操作决定分支。,https://www.arcade-museum.com/Videogame/space-ace--cinematronics
g060,g060-v1,国王密使：王冠之旅,,King’s Quest: Quest for the Crown,文字冒险,图文指令,动画图文指令／奇幻,格雷厄姆（Graham）、爱德华国王,1984,IBM PCjr,IBM,IBM,首发,无角色配音,移动角色与输入指令相结合的早期动画冒险。,https://www.sierragamers.com/wp-content/uploads/2019/12/Kings_Quest_1_Manual_1_IBM_Version.pdf
g060,g060-v2,国王密使：王冠之旅,,King’s Quest: Quest for the Crown,文字冒险,图文指令,动画图文指令／奇幻,格雷厄姆（Graham）、爱德华国王,1984,IBM PC / DOS,Sierra On-Line,Sierra On-Line,PC 移植,无角色配音,一般 PC 发行版与原 PCjr 版的硬件适配不同。,https://www.sierragamers.com/kq1-grey-box/
g067,g067-v1,巫术师,,Sorcerer,文字冒险,纯文本指令,纯文本／奇幻解谜,魔法师（玩家）、Belboz,1984,家用计算机,Infocom,Infocom,首发／早期多机种,无角色配音,《Enchanter》的系列后续，需收集和运用咒语。,https://www.infocom-if.org/games/sorcerer/sorcerer.html
g068,g068-v1,深海追踪,,Seastalker,文字冒险,纯文本指令,纯文本／海底科幻,青年发明家（玩家）、Tip,1984,家用计算机,Infocom,Infocom,首发／早期多机种,无角色配音,面向较年轻读者的文字冒险。,https://www.infocom-if.org/games/seastalker/seastalker.html
g069,g069-v1,海底宝藏,,Cutthroats,文字冒险,纯文本指令,纯文本／沉船寻宝,潜水员（玩家）,1984,家用计算机,Infocom,Infocom,首发／早期多机种,无角色配音,不同开局可能指向不同沉船。,https://www.infocom-if.org/games/cutthroats/cutthroats.html
g070,g070-v1,嫌疑人,,Suspect,文字冒险,纯文本指令,纯文本／推理,记者（玩家）,1984,家用计算机,Infocom,Infocom,首发／早期多机种,无角色配音,从被怀疑者的视角搜集线索。,https://www.infocom-if.org/games/suspect/suspect.html
g076,g076-v1,死亡陷阱,,ザ・デストラップ,文字冒险,图文指令,图文指令／谍报冒险,情报员 Benson、Dr. Gitan,1984,PC-8801,スクウェア,スクウェア,原始机种,无角色配音,档案认定 PC-8801 为原始平台；以指令和静态图像推进。,https://fm-7.com/museum/products/1xukf90e/
g076,g076-v2,死亡陷阱,,ザ・デストラップ,文字冒险,图文指令,图文指令／谍报冒险,情报员 Benson、Dr. Gitan,1984,FM-7,スクウェア,スクウェア,同年移植,无角色配音,FM-7 馆藏标注 1984 年 12 月；与 PC 版分开。,https://fm-7.com/museum/products/1xukf90e/
g077,g077-v1,沙拉王国的番茄公主,,サラダの国のトマト姫,文字冒险,图文指令,图文指令／童话,黄瓜战士（玩家）、番茄公主、南瓜大王,1984,PC-8801,ハドソンソフト,Hudson Soft（哈德森）,早期 PC 版,无角色配音,1984 年 7 月 PC-8801 版；日文指令图文冒险。,https://www.gamepres.org/pc88/library/1984/1984_7.htm
g077,g077-v2,沙拉王国的番茄公主,,サラダの国のトマト姫,文字冒险,图文指令,图文指令／童话,黄瓜战士（玩家）、番茄公主、南瓜大王,1984,FM-7,ハドソンソフト,Hudson Soft（哈德森）,同年多机种版,无角色配音,FM-7 馆藏确认 1984 年，未确认与 PC-8801 的发行先后。,https://fm-7.com/museum/products/zyh0e5dv/
g078,g078-v1,扎斯：夺回人工智能猎户座,,ザース 人工頭脳オリオンの奪還,文字冒险,图文指令,图文指令／科幻,少女（姓名待核）,1984,FM-7,エニックス,Enix（艾尼克斯）,首发,无角色配音,馆藏列 FM-7 为原始机种，画面受科幻动画影响。,https://fm-7.com/museum/products/3txek9px/
g079,g079-v1,翼人,,ウイングマン,文字冒险,图文指令,图文指令／漫画改编,广野健太、梦葵（葵）,1984,PC-8801,エニックス,Enix（艾尼克斯）,原始 PC 版,无角色配音,1984 年 11 月 PC-8801 版；角色名以原作设定为背景。,https://www.gamepres.org/pc88/library/1984/1984_11.htm
g083,g083-v1,雷霆风暴／眼镜蛇指令,,サンダーストーム / Cobra Command,互动动画,激光影碟·射击／驾驶,激光影碟／动画射击,直升机驾驶员（玩家）,1984,街机,Data East,Data East,首发,,日本名《Thunder Storm》，海外街机名《Cobra Command》；与 1988 年同名射击游戏无关。,https://www.arcade-museum.com/Videogame/cobra-command
g084,g084-v1,忍者疾风,,忍者ハヤテ,互动动画,激光影碟·动作选择,激光影碟／动画动作选择,疾风（ハヤテ）、被掳走的公主,1984,街机,TAITO,TAITO（太东）,首发,,激光影碟播放动画，按提示决定动作；角色配音范围待核实。,https://www.taito.co.jp/mob/topics/26255
g088,g088-v1,泰拉 4001,,テラ4001,文字冒险,图文指令,图文指令／科幻,星亚瑟（玩家）、Antonio Inoshin、Gondar,1984,FM-7,T&E SOFT,T&E SOFT,首发,无角色配音,含角色移动、飞行及简化战斗等混合玩法。,https://fm-7.com/museum/products/crs8l0ue/
g099,g099-v2,黑水晶,,The Dark Crystal,文字冒险,图文指令,彩色图文指令／电影改编,Jen、Kira,1984,Apple II,Sierra On-Line,Sierra On-Line,Gelfling Adventure 儿童改编版,无角色配音,同题材重新设计为选择式界面，适合较年轻的玩家；1984 年版本据 Sierra 年鉴。,https://www.sierragamers.com/wp-content/uploads/2019/12/SierraVault_Game_List_V201302010.pdf
g105,g105-v1,深渊,,ABYSS,文字冒险,图文指令,图文指令／科幻潜入,莫兹·希巴特（Moz Shibatto）,1984,FM-7/8,ハミングバードソフト,ハミングバードソフト,系列首作,无角色配音,图文指令科幻冒险；馆藏将原始机种记为 FM-7/8。,https://fm-7.com/museum/products/74ajuk34/
g106,g106-v1,黑猫庄继承杀人事件,,黒猫荘相続殺人事件,文字冒险,图文指令,图文指令／推理,调查员（玩家）、助手正男,1984,FM-7,リバーヒルソフト,リバーヒルソフト,早期 FM 版,无角色配音,馆藏确认该机种和年份；完整首发机种顺序未核实。,https://fm-7.com/museum/products/yyf8ms3g/
g107,g107-v1,逃离异次元,,異次元からの脱出,文字冒险,图文指令,图文指令／神秘惊悚,迷失异界的上班族（玩家）,1984,FM-7,日本ファルコム,日本ファルコム,早期 FM 版,无角色配音,后半部分含三维迷宫；其他早期机种的确切年份待核。,https://fm-7.com/museum/products/7ggib9g6/
g108,g108-v1,恶魔之戒,,デーモンズリング,文字冒险,图文指令,图文指令／神秘恐怖,魔王之戒的调查者（玩家）,1984,PC-8801,日本ファルコム,日本ファルコム,原始 PC 版,无角色配音,馆藏标 PC-8801 为原始机种，具体首发月份未获核实。,https://fm-7.com/museum/products/4l5wmkh8/
g108,g108-v2,恶魔之戒,,デーモンズリング,文字冒险,图文指令,图文指令／神秘恐怖,魔王之戒的调查者（玩家）,1984,FM-7,日本ファルコム,日本ファルコム,FM-7 移植,无角色配音,馆藏标 1984 年；场景快速绘制，FM-7 版画面生成约 1 秒。,https://fm-7.com/museum/products/4l5wmkh8/
g114,g114-v2,英灵殿,,Valhalla,文字冒险,图文指令,图文文字冒险／北欧神话,冒险者（玩家）,1984,Commodore 64,Legend,Legend,移植版,,1984 年 Commodore 64 版；平台发布时间与 1983 年 ZX Spectrum 原版分列。,https://www.lemon64.com/game/valhalla
g124,g124-v1,G 人：寻找记忆！,,Gメン 記憶を探せ！,文字冒险,图文指令,图文冒险／悬疑,失忆调查者（玩家）,1984,FM-8／FM-7,リバーヒルソフト,リバーヒルソフト,原版,,原始机种不明，馆藏记载 FM 系兼容。,https://fm-7.com/museum/products/6mwspus0/
g125,g125-v1,杂耍之石,,ジャグラー・ストーン,文字冒险,图文指令,图文冒险／奇幻,冒险者（玩家）、神秘老人,1984,FM-8／FM-7,リバーヒルソフト,リバーヒルソフト,原版,,四分屏同时显示当前及前三个场景；原始机种未明。,https://fm-7.com/museum/products/5bzhbzog/
g126,g126-v1,高校大冒险,,ハイスクールアドベンチャー,文字冒险,图文指令,图文冒险／校园解谜,校园炸弹调查者（玩家）,1984,FM-7,エニックス,Enix（艾尼克斯）,原版,,1984 年 6 月 FM-7 原版；参赛时原名「座間高アドベンチャー」。,https://fm-7.com/museum/products/e2w2qqkl/
g127,g127-v1,暗黑城：创世神加利安的复活,,暗黒城～創造神ギャリアンの復活,文字冒险,图文指令,图文冒险／奇幻,暗黑使徒格鲁,1984,FM-7,エニックス,Enix（艾尼克斯）,原版,,1984 年 7 月 FM-7 原版；分九章。,https://fm-7.com/museum/products/om904bko/
g128,g128-v1,再一次：成功人生故事,,サクセス ライフ ストーリィ アゲイン,文字冒险,图文指令,图文冒险／人生模拟,追求成为圣灵的男子,1984,FM-7,エニックス,Enix（艾尼克斯）,原版,,1984 年 12 月 FM-7 原版；七段小冒险串联。,https://fm-7.com/museum/products/2oqhpy7x/
g129,g129-v1,福尔摩斯,,Sherlock,文字冒险,图文指令,图文文字冒险／侦探,夏洛克·福尔摩斯、华生,1984,ZX Spectrum,Melbourne House,Melbourne House,原版,,馆藏 1984 年 ZX Spectrum 录音带原版。,https://worldofspectrum.org/archive/software/text-adventures/sherlock-melbourne-house
g130,g130-v1,汉普斯特德,,Hampstead,文字冒险,纯文本指令,纯文本／社会讽刺,向上爬的主人公（玩家）,1984,ZX Spectrum,Melbourne House,Melbourne House,原版,,1984 年 ZX Spectrum 版；社会阶层讽刺题材。,https://worldofspectrum.org/archive/software/text-adventures/hampstead-melbourne-house
g130,g130-v2,汉普斯特德,,Hampstead,文字冒险,纯文本指令,纯文本／社会讽刺,向上爬的主人公（玩家）,1984,Commodore 64,Melbourne House,Melbourne House,移植版,,C64 版目录列 1984 年，与 ZX Spectrum 版同年；具体画面差异待核。,https://www.lemon64.com/game/hampstead
g131,g131-v1,维京人埃里克传奇,,The Saga of Erik the Viking,文字冒险,图文指令,图文文字冒险／北欧传奇,埃里克,1984,ZX Spectrum,Mosaic Publishing Ltd,Mosaic Publishing Ltd,原版,,1984 年 ZX Spectrum 原版；由 Level 9 制作。,https://worldofspectrum.org/archive/software/text-adventures/the-saga-of-erik-the-viking-mosaic-publishing-ltd
g132,g132-v1,恐怖城堡,,Castle of Terror,文字冒险,图文指令,图文文字冒险／恐怖,冒险者（玩家）,1984,ZX Spectrum,Melbourne House,Melbourne House,原版,,1984 年 ZX Spectrum 版。,https://worldofspectrum.org/archive/software/text-adventures/castle-of-terror-melbourne-house
g133,g133-v1,爱丽丝梦游仙境,,不思議の国のアリス,文字冒险,纯文本指令,纯文本／文学改编,爱丽丝,1984,FM-8／FM-7,マイクロキャビン,マイクロキャビン,原版,,1984 年 4 月 FM 系兼容磁带；另有 エレキッド 销售版，同年但月份未明。,https://fm-7.com/museum/products/yrjupxzp/releases
g133,g133-v2,爱丽丝梦游仙境,,不思議の国のアリス,文字冒险,纯文本指令,纯文本／文学改编,爱丽丝,1984,PC-8001,マイクロキャビン,マイクロキャビン,原始机种版本,,馆藏将 PC-8001 列作原始机种；FM 系磁带 1984 年 4 月另有明确馆藏记录，PC-8001 月份待核。,https://fm-7.com/museum/products/yrjupxzp/
g007,g007-v2,波多比亚连续杀人事件,,ポートピア連続殺人事件,文字冒险,图文指令,图文指令／推理,刑警（玩家）、ヤス,1985,红白机,艾尼克斯,Enix（艾尼克斯）,家庭机移植,,移植时重做指令选择界面；并非1983年PC初版。,https://www.nintendo.co.jp/etc/interview/platinumgames/vol1/index3.html
g014,g014-v1,时间少女,,タイムギャル,互动动画,激光影碟·动作选择,激光影碟／动作选择,玲香（レイカ）、鲁达（ルーダ）,1985,街机,太东,TAITO（太东）,首发,,日本街机原版。,https://www.taito.co.jp/mob/topics/2587
g015,g015-v1,天使们的午后,天使们的午后,天使たちの午後,Galgame,成人向冒险,成人向／学园冒险,白石由美子,1985,PC-8801,JAST（日本）,JAST（日本）,首发,无角色配音,1985 年 PC-8801 初版；键盘输入指令。该初版不支持后续 JAST SOUND 语音。,https://www.8-bits.info/gamelist/PC88/info/info_6Tyibs0v7iKE9uBs.php
g016,g016-v1,东京搭讪街,,TOKYOナンパストリート,Galgame,恋爱剧情冒险,成人向／都市恋爱冒险,东京街区的搭讪者（玩家）、街头邂逅对象,1985,日本个人计算机,艾尼克斯,Enix（艾尼克斯）,首发,无角色配音,作品最早确认的版本。,https://fm-7.com/museum/products/vt0km2jr/
g017,g017-v1,轻井泽诱拐指南,,軽井沢誘拐案内,文字冒险,图文选项／调查,图文选项／推理,绑架案调查者（玩家）、被绑架者,1985,日本个人计算机,艾尼克斯,Enix（艾尼克斯）,首发,无角色配音,作品最早确认的版本。,https://fm-7.com/museum/products/iq8kysdi/
g018,g018-v1,黄金国传奇,,エルドラド伝奇,Galgame,成人向冒险,成人向／奇幻冒险,黄金国探险者（玩家）,1985,FM-7 等,艾尼克斯,Enix（艾尼克斯）,首发,无角色配音,作品最早确认的版本。,https://fm-7.com/museum/products/333wukd2/
g043,g043-v1,永远航行的心灵,,A Mind Forever Voyaging,文字冒险,纯文本指令,纯文本／科幻叙事,PRISM、Perry Simm,1985,家用计算机,Infocom,Infocom,首发,无角色配音,以多次模拟年代的变化推进故事。,https://www.infocom-if.org/games/games.html
g061,g061-v1,国王密使 II：浪漫王座,,King’s Quest II: Romancing the Throne,文字冒险,图文指令,动画图文指令／童话,格雷厄姆（Graham）、瓦兰妮丝（Valanice）,1985,IBM PC / DOS,Sierra On-Line,Sierra On-Line,首发,无角色配音,沿用指令输入与角色移动的图文冒险。,https://www.sierragamers.com/kings-quest-2/
g071,g071-v1,许愿石,,Wishbringer,文字冒险,纯文本指令,纯文本／轻奇幻,邮差（玩家）、黑猫,1985,家用计算机,Infocom,Infocom,首发／早期多机种,无角色配音,较易入门的文字解谜冒险。,https://www.infocom-if.org/games/wishbringer/wishbringer.html
g072,g072-v1,破咒者,,Spellbreaker,文字冒险,纯文本指令,纯文本／奇幻解谜,魔法师（玩家）、Belboz,1985,家用计算机,Infocom,Infocom,首发／早期多机种,无角色配音,《Enchanter》系列第三部，围绕失控的魔法展开。,https://www.infocom-if.org/games/spellbreaker/spellbreaker.html
g079,g079-v2,翼人,,ウイングマン,文字冒险,图文指令,图文指令／漫画改编,广野健太、梦葵（葵）,1985,FM-7,エニックス,Enix（艾尼克斯）,移植,无角色配音,FM-7 馆藏记 1985 年 3 月；加入平台适配。,https://fm-7.com/museum/products/aao3ghzi/
g080,g080-v1,阿兹特克,,アステカ,文字冒险,图文指令,图文指令／考古探险,Wilson 博士,1985,PC-8801,日本ファルコム,日本ファルコム,原始机种,无角色配音,PC-8801 初版；具体月份的二手档案有差异，按年登记。,https://www.falcom.co.jp/games-data/egg_asteka_pc8801
g080,g080-v2,阿兹特克,,アステカ,文字冒险,图文指令,图文指令／考古探险,Wilson 博士,1985,FM-7,日本ファルコム,日本ファルコム,同年移植,无角色配音,FM-7 馆藏记为 1985 年 6 月，采用局部实景图像。,https://fm-7.com/museum/products/qagni9o7/
g081,g081-v1,Will：死亡陷阱 II,,Will: The Death Trap II,文字冒险,图文指令,图文指令／科幻谍报,Benson、Aisha,1985,PC-8801,スクウェア,スクウェア,首发,无角色配音,图文指令冒险采用更多局部动画和对话模式；非激光影碟电影。,https://www.gamepres.org/pc88/library/1985/1985_9.htm
g085,g085-v1,公路追击,,ロードブラスター / Road Blaster,互动动画,激光影碟·射击／驾驶,激光影碟／动画赛车动作,驾驶者（玩家）,1985,街机,Data East,Data East,首发,,东映制作动画影像，按指示操作车辆。,https://www.arcade-museum.com/Videogame/road-blaster
g086,g086-v1,妖精公寓,,Fairie's Residence,Galgame,美少女探索冒险,美少女／图文探索与小游戏,公寓探索者（玩家）、公寓居民,1985,FM-7,チャンピオンソフト,チャンピオンソフト,同年 FM-7 版,无角色配音,馆藏确认 1985 年 FM-7 版本；与 PC-8801 版的具体发行先后及内容异同未核实。,https://fm-7.com/museum/products/9sufuw5m/
g086,g086-v2,妖精公寓,,Fairie's Residence,Galgame,美少女探索冒险,美少女／图文探索与小游戏,公寓探索者（玩家）、公寓居民,1985,PC-8801,チャンピオンソフト,チャンピオンソフト,1985 年 4 月 PC 版,无角色配音,当期 PC-8801 软件目录明确 1985 年 4 月；描述与 FM-7 版的房间和人物线索一致。,https://www.gamepres.org/pc88/library/1985/1985_4.htm
g105,g105-v2,深渊,,ABYSS,文字冒险,图文指令,图文指令／科幻潜入,莫兹·希巴特（Moz Shibatto）,1985,FM-7,ハミングバードソフト,ハミングバードソフト,tape ABYSS 录音带版,无角色配音,1985 年录音带版：情节基本一致，但画面重新绘制，整部程序驻留内存。,https://fm-7.com/museum/products/rwoxchsm/
g109,g109-v1,深渊 II：帝王之泪,,ABYSS Ⅱ 帝王の涙,文字冒险,图文指令,图文指令／科幻,莫兹·希巴特（Moz Shibatto）,1985,FM-7,ハミングバードソフト,ハミングバードソフト,续作,无角色配音,与 1984 年《ABYSS》分属两部作品，馆藏原始机种为 FM-7。,https://fm-7.com/museum/products/x0bcvxtx/
g110,g110-v1,黄道带,,ゾーディアック,文字冒险,图文指令,图文指令／科幻探索,寻父的主角、亚马洛伊德·玛丽、杜马博士,1985,FM-7,リバーヒルソフト,リバーヒルソフト,早期 FM 版,无角色配音,馆藏确认年份与机种；完整首发平台和确切月份待核。,https://fm-7.com/museum/products/rdtaieyr/
g111,g111-v1,神威之剑,,カムイの剣,文字冒险,图文指令,图文指令／小说与动画改编,次郎,1985,FM-7,コンプティーク,コンプティーク,FM-7 版,无角色配音,馆藏确认 1985 年；其他机种和海外英文版日期未核实，暂不拆分。,https://fm-7.com/museum/products/y6ai5nay/
g111,g111-v2,神威之剑,,カムイの剣,文字冒险,图文指令,图文指令／小说与动画改编,次郎,1985,PC-8801,コンプティーク,コンプティーク,1985 年 4 月 PC 版,无角色配音,当期目录记 1985 年 4 月；剧情围绕次郎与基德船长宝藏展开，FM-7 版发行月待核。,https://www.gamepres.org/pc88/library/1985/1985_4.htm
g112,g112-v1,新哥斯拉,,ニューゴジラ,文字冒险,图文指令,图文指令／电影改编,牧吾郎、尚子、哥斯拉,1985,PC-8801,東宝,東宝,原始 PC 版,无角色配音,1985 年 4 月版含三个玩法段落；包装附怪兽叫声磁带，未据此将角色配音标为“有”。,https://www.gamepres.org/pc88/library/1985/1985_4.htm
g129,g129-v2,福尔摩斯,,Sherlock,文字冒险,图文指令,图文文字冒险／侦探,夏洛克·福尔摩斯、华生,1985,Commodore 64,Melbourne House,Melbourne House,移植版,,C64 版资料列 1985 年；ZX Spectrum 原版为 1984 年。,https://www.lemon64.com/game/sherlock
g132,g132-v2,恐怖城堡,,Castle of Terror,文字冒险,图文指令,图文文字冒险／恐怖,冒险者（玩家）,1985,Commodore 64,Melbourne House,Melbourne House,移植版,,C64 版资料列 1985 年；ZX Spectrum 原版 1984 年。,https://www.lemon64.com/game/castle-of-terror
g134,g134-v1,瓦尔·特拉德,,バル・トラッド,文字冒险,图文指令,图文冒险／科幻,罗曼·杰森,1985,FM-8／FM-7,リバーヒルソフト,リバーヒルソフト,原版,,原始机种不明；冒险过程中穿插动作游戏关卡。,https://fm-7.com/museum/products/7wx08tq8/
g135,g135-v1,棋子,,The Pawn / QL-Pawn,文字冒险,纯文本指令,纯文本／奇幻,凯罗夫尼亚的旅行者（玩家）,1985,Sinclair QL,Sinclair Research,Sinclair Research,原版,无角色配音,1985 年 QL-Pawn 原始版 1.0，纯文本、双 Microdrive；后来的 The Pawn 彩色图像版另属后续移植。,https://magneticscrolls.info/facts.php
g136,g136-v1,恐怖海滨度假,,Terrormolinos,文字冒险,纯文本指令,纯文本／喜剧,度假者（玩家）,1985,ZX Spectrum,Melbourne House,Melbourne House,原版,,1985 年 ZX Spectrum 版，基于修改后的 The Quill。,https://worldofspectrum.org/archive/software/text-adventures/terrormolinos-melbourne-house
g136,g136-v2,恐怖海滨度假,,Terrormolinos,文字冒险,纯文本指令,纯文本／喜剧,度假者（玩家）,1985,Commodore 64,Melbourne House,Melbourne House,移植版,,C64 版资料列 1985 年；画面和互动细节待核。,https://www.lemon64.com/game/terrormolinos
g137,g137-v1,莫登的任务,,Mordon's Quest,文字冒险,图文指令,图文文字冒险／奇幻,莫登、冒险者（玩家）,1985,ZX Spectrum,Melbourne House,Melbourne House,原版,,1985 年 ZX Spectrum 版；剧情细节待核实。,https://worldofspectrum.org/archive/software/text-adventures/mordons-quest-melbourne-house
g138,g138-v1,罗宾汉：瑞安侬试金石,,Robin of Sherwood: The Touchstones of Rhiannon,文字冒险,图文指令,文字冒险／奇幻传说,罗宾汉、威尔·斯卡雷特、穆奇,1985,ZX Spectrum,Adventure International,Adventure International,原版,,1985 年 ZX Spectrum 版。,https://worldofspectrum.org/archive/software/text-adventures/robin-of-sherwood-the-touchstones-of-rhiannon-adventure-international
g012,g012-v2,北海道连锁杀人：鄂霍次克消失,,北海道連鎖殺人 オホーツクに消ゆ,文字冒险,图文选项／调查,图文选项／推理,刑警（版本设定不同）、黑木五郎（早期PC版）、猿渡俊介（后续版）,1987,红白机,ASCII,ASCII,改编移植,,根据PC版重新编排故事与人物表现。,https://www.4gamer.net/games/777/G077714/20240222001/
g019,g019-v1,No・Ri・Ko,纪子,No・Ri・Ko,文字冒险,光盘图文冒险,CD-ROM／偶像互动,小川范子,1988,PC Engine CD-ROM²,Hudson,Hudson Soft（哈德森）,首发,,配音与歌曲来自偶像本人；并非 Leaf 式视觉小说。,https://pcefan.com/pcengine/entry15.html
g040,g040-v1,Snatcher,掠夺者,スナッチャー,文字冒险,图文选项／调查,科幻／赛博朋克侦探,吉利安·希德、Metal Gear Mk.II,1988,PC-8801,Konami,Konami,首发,无角色配音,PC初版以指令调查为核心。,https://www.konami.com/corporate/ja/history/product.html
g077,g077-v3,沙拉王国的番茄公主,,サラダの国のトマト姫,文字冒险,图文指令,图文指令／童话,黄瓜战士（玩家）、番茄公主、南瓜大王,1988,红白机,ハドソンソフト,Hudson Soft（哈德森）,主机改编,无角色配音,用屏幕命令菜单取代电脑版键盘输入，画面与内容重制。,https://www.nintendo.co.jp/wii/vc/vc_skt/vc_skt_01.html
g020,g020-v1,眼镜蛇：黑龙王的传说,,コブラ 黒竜王の伝説,文字冒险,光盘图文冒险,CD-ROM／科幻冒险,眼镜蛇（コブラ）,1989,PC Engine CD-ROM²,Hudson,Hudson Soft（哈德森）,首发,,作品最早确认的版本。,https://pcefan.com/pcengine/entry15.html
g045,g045-v1,龙穴历险记 II：时间扭曲,,Dragon's Lair II: Time Warp,互动动画,激光影碟·动作选择,激光影碟／动画动作选择,德克（Dirk）、达芙妮（Daphne）,1991,街机,Leland,Leland,首发,,延续手绘动画和即时按键玩法。,https://flyers.arcade-museum.com/videogames/show/314
g021,g021-v1,弟切草,,弟切草,视觉小说,有声小说,有声小说／恐怖,公平（初始名，可更改）、奈美,1992,超级任天堂,Chunsoft,Chunsoft,首发,无角色配音,“有声小说”指音乐与音效，不保证角色配音。,https://www.spike-chunsoft.co.jp/company/outline/
g040,g040-v2,Snatcher,掠夺者,スナッチャー,文字冒险,图文选项／调查,科幻／赛博朋克侦探,吉利安·希德、Metal Gear Mk.II,1992,PC Engine SUPER CD-ROM²,Konami,Konami,有声移植,,新增角色语音与扩充剧情表现。,https://www.konami.com/games/pcemini/lineup/jp/ja/
g046,g046-v1,同级生,,同級生,Galgame,恋爱剧情冒险,校园恋爱／地图探索,樱木舞、田中美沙、黑川里美,1992,PC-9800,ELF,ELF,首发,无角色配音,原版以地图、日程和人物事件推进。,https://shiravune.com/archives/2502
g022,g022-v1,镰鼬之夜,,かまいたちの夜,视觉小说,有声小说,有声小说／推理,透、真理,1994,超级任天堂,Chunsoft,Chunsoft,首发,无角色配音,作品最早确认的版本。,https://www.spike-chunsoft.co.jp/pages/games/kama/
g023,g023-v1,心跳回忆,,ときめきメモリアル,Galgame,恋爱模拟,恋爱模拟,藤崎诗织、虹野沙希、馆林见晴,1994,PC Engine SUPER CD-ROM²,Konami,Konami,首发,,恋爱模拟，不属于狭义视觉小说。,https://www.konami.com/games/tokimeki/about/index.html
g023,g023-v2,心跳回忆,,ときめきメモリアル,Galgame,恋爱模拟,恋爱模拟,藤崎诗织、虹野沙希、馆林见晴,1995,PlayStation,Konami,Konami,增强移植,,《forever with you》改良画面与音效。,https://www.konami.com/games/corporate/ja/news/topics/20250203/
g024,g024-v2,雫,水滴,雫,视觉小说,剧情分支／冒险,悬疑／成人向,长濑祐介、月岛瑠璃子,1996,PC-9800,Leaf,Leaf,原版首发,无角色配音,1996 年 1 月 PC-98 原版；Windows 版晚约五个月。,https://www.gamepres.org/catalog/?id=8811007923009
g024,g024-v1,雫,水滴,雫,视觉小说,剧情分支／冒险,悬疑／成人向,长濑祐介、月岛瑠璃子,1996,Windows,Leaf,Leaf,1996 年 Windows 移植,无角色配音,PC-9800 版之后同年推出的 Windows 版；不是最初发行平台。,https://www.suruga-ya.jp/product/detail/145003226
g025,g025-v1,痕,,痕,视觉小说,剧情分支／冒险,悬疑／成人向,柏木耕一、柏木千鹤、柏木梓、柏木枫、柏木初音,1996,Windows,Leaf,Leaf,首发,无角色配音,兼属广义 Galgame。,https://pc98.info/pc-game-history-05-windows-and-the-end/
g038,g038-v1,YU-NO,在世界尽头咏唱恋曲的少女,この世の果てで恋を唄う少女YU-NO,视觉小说,剧情分支／冒险,科幻／多线冒险,有马拓哉、波多野神奈、岛津澪、尤诺,1996,PC-9800,ELF,ELF,首发,,原版多线剧情与宝玉系统；当年配音情况需逐版核对。,https://yu-no.jp/spec/ps/
g026,g026-v1,ToHeart,心之彼端,ToHeart,视觉小说,恋爱剧情,校园恋爱,藤田浩之、神岸明里、来栖川芹香、玛尔琪（Multi）,1997,Windows,Leaf,Leaf,首发,无角色配音,兼属 Galgame；1999 年 PlayStation 版加入角色配音。,https://aquaplus.jp/toheart/en.html
g038,g038-v2,YU-NO,在世界尽头咏唱恋曲的少女,この世の果てで恋を唄う少女YU-NO,视觉小说,剧情分支／冒险,科幻／多线冒险,有马拓哉、波多野神奈、岛津澪、尤诺,1997,Sega Saturn,ELF,ELF,家用机移植,,新增角色配音并调整表现与内容。,https://yu-no.jp/spec/ps/
g027,g027-v1,双重角色,,ダブルキャスト,互动动画,全动画·剧情分支,全动画／悬疑,美月,1998,PlayStation,Sony Computer Entertainment,Sony Computer Entertainment,首发,,“やるドラ”系列；由 Production I.G 制作动画。,https://www.productionig.com/contents/works/05_/000169.html
g047,g047-v1,ONE：辉之季节,,ONE 〜輝く季節へ〜,视觉小说,恋爱剧情,校园恋爱／奇幻,折原浩平、长森瑞佳、七濑留美,1998,Windows,Tactics（NEXTON）,Tactics（NEXTON）,首发,无角色配音,1998 年 PC 原作。,https://nexton-net.jp/nexton30th/nvm001/
g026,g026-v2,ToHeart,心之彼端,ToHeart,视觉小说,恋爱剧情,校园恋爱,藤田浩之、神岸明里、来栖川芹香、玛尔琪（Multi）,1999,PlayStation,AQUAPLUS,AQUAPLUS,全年龄移植,,重写与补充部分内容，并加入角色配音。,https://aquaplus.jp/th/
g028,g028-v1,Kanon,雪之少女,Kanon,视觉小说,恋爱剧情,恋爱／奇幻,相泽祐一、月宫亚由、水濑名雪,1999,Windows,VisualArt’s / Key,VisualArt’s、Key,首发,无角色配音,兼属 Galgame；按 Windows 初版。,https://key.visualarts.gr.jp/product/kanon/
g029,g029-v1,AIR,青空,AIR,视觉小说,恋爱剧情,恋爱／奇幻,国崎往人、神尾观铃、神尾晴子,2000,Windows,VisualArt’s / Key,VisualArt’s、Key,首发,无角色配音,兼属 Galgame。,https://key.visualarts.gr.jp/key20th/history.html
g048,g048-v1,Never 7：无限终点,,Never 7 - The End of Infinity,视觉小说,恋爱剧情,恋爱冒险／科幻悬疑,石原诚、川岛优夏、樋口遥,2000,PlayStation,KID,KID,infinity 初版,,此行指早期《infinity》，与后来的 Never 7 版本标题不同。,https://www.famitsu.com/game/title/19078/page/1
g049,g049-v1,逆转裁判,,逆転裁判,文字冒险,图文选项／调查,调查／法庭推理,成步堂龙一、绫里真宵、御剑怜侍,2001,Game Boy Advance,CAPCOM,Capcom,首发,无角色配音,系列首作。,https://www.nintendo.com/jp/topics/article/f141655c-c8da-11e7-8cda-063b7ac45a6d
g028,g028-v2,Kanon,雪之少女,Kanon,视觉小说,恋爱剧情,恋爱／奇幻,相泽祐一、月宫亚由、水濑名雪,2002,PlayStation 2,Interchannel,Interchannel,家用机移植,,家用机版提供角色配音；主角配音因版本而异。,https://www.prot.co.jp/switch/kanon/introduction.html
g050,g050-v1,Ever17：无限之外,,Ever 17 - The Out of Infinity,视觉小说,剧情分支／冒险,海底设施／科幻悬疑,仓成武、少年、田中优美清春香菜、小町鸫,2002,Dreamcast,KID,KID,同步首发,,2002 年同期发行的主机原版；原版配音范围待核对。,https://dengekionline.com/data/news/2002/7/22/b79e0433ff091f2308a4dc12a1901014.html
g050,g050-v2,Ever17：无限之外,,Ever 17 - The Out of Infinity,视觉小说,剧情分支／冒险,海底设施／科幻悬疑,仓成武、少年、田中优美清春香菜、小町鸫,2002,PlayStation 2,KID,KID,同步首发,,2002 年同期发行的主机原版；原版配音范围待核对。,https://dengekionline.com/data/news/2002/7/22/b79e0433ff091f2308a4dc12a1901014.html
g051,g051-v1,寒蝉鸣泣之时,,ひぐらしのなく頃に,视觉小说,有声小说,有声小说／乡村悬疑,前原圭一、龙宫礼奈、园崎魅音,2002,Windows,07th Expansion,07th Expansion,《鬼隐篇》同人首发,无角色配音,原作第一篇于 2002 年夏季同人展发表；音乐音效不算角色配音。,https://07th-expansion.net/Soft/Prolog.htm
g052,g052-v1,Muv-Luv,爱与命运,マブラヴ,Galgame,恋爱剧情冒险,校园恋爱／平行世界,白银武、鉴纯夏、御剑冥夜,2003,Windows,âge,âge,首发,,原版含 Extra 和 Unlimited 两部分；原版配音范围待核查。,https://muvluv.com/en/products/
g030,g030-v1,CLANNAD,克兰娜德,CLANNAD,视觉小说,恋爱剧情,校园／家庭,冈崎朋也、古河渚、坂上智代,2004,Windows,VisualArt’s / Key,VisualArt’s、Key,首发,无角色配音,2004 年 4 月 28 日首发；兼属广义 Galgame。,https://key.visualarts.gr.jp/key20th/history.html
g031,g031-v1,Fate/stay night,命运之夜,Fate/stay night,视觉小说,剧情分支／冒险,奇幻／战斗,卫宫士郎、Saber、远坂凛、间桐樱,2004,Windows,TYPE-MOON,TYPE-MOON,首发,无角色配音,官网明确列出初版角色配音“无”；后续版本不同。,https://www.typemoon.com/products/fate/data/index.html
g032,g032-v1,星之梦,,planetarian ～ちいさなほしのゆめ～,视觉小说,单线视觉小说,单线剧情／科幻,星野梦美、废墟猎人（屑屋）,2004,Windows 在线下载,VisualArt’s / Key,VisualArt’s、Key,首发,,最初的在线版仅有部分语音；2006 年 PS2 版扩充为全配音。,https://www.prot.co.jp/ps2/planetarian/index.html
g027,g027-v2,双重角色,,ダブルキャスト,互动动画,全动画·剧情分支,全动画／悬疑,美月,2005,PSP,Sony Computer Entertainment,Sony Computer Entertainment,掌机移植,,将PlayStation全动画多结局作品移植至PSP。,https://www.productionig.com/contents/works_sp/31_/index.html
g033,g033-v1,日在校园,,School Days,互动动画,全动画·剧情分支,全动画／恋爱剧情,伊藤诚、桂言叶、西园寺世界,2005,Windows,Overflow（STACK）,Overflow（STACK）,首发,,兼属视觉小说与 Galgame；首发 2005 年，2025 年为 20 周年。,https://0verflow.com/sdre_live/
g049,g049-v2,逆转裁判,,逆転裁判,文字冒险,图文选项／调查,调查／法庭推理,成步堂龙一、绫里真宵、御剑怜侍,2005,Nintendo DS,CAPCOM,Capcom,《复苏的逆转》,,增收第五话与触屏科学调查；配音为少量法庭语音，非全程对话配音。,https://www.nintendo.com/jp/topics/article/f141655c-c8da-11e7-8cda-063b7ac45a6d
g030,g030-v2,CLANNAD,克兰娜德,CLANNAD,视觉小说,恋爱剧情,校园／家庭,冈崎朋也、古河渚、坂上智代,2006,PlayStation 2,Interchannel,Interchannel,家用机移植,,原版内容移植至主机，加入角色配音。,https://key.visualarts.gr.jp/clannad_10th/
g032,g032-v2,星之梦,,planetarian ～ちいさなほしのゆめ～,视觉小说,单线视觉小说,单线剧情／科幻,星野梦美、废墟猎人（屑屋）,2006,PlayStation 2,PROTOTYPE,PROTOTYPE,全配音移植,,原2004年Windows版仅部分声音，本版加入包括主角在内的完整配音。,https://www.prot.co.jp/ps2/planetarian/index.html
g053,g053-v1,Muv-Luv Alternative,爱与命运：替代篇,マブラヴ オルタネイティヴ,视觉小说,剧情分支／冒险,科幻战争／平行世界,白银武、鉴纯夏、御剑冥夜、香月夕呼,2006,Windows,âge,âge,DVD 首发,,2006 年 2 月发行的成人向 PC 初版；配音范围待核实。,https://muvluv.com/alternative/spec.htm
g031,g031-v2,Fate/stay night,命运之夜,Fate/stay night,视觉小说,剧情分支／冒险,奇幻／战斗,卫宫士郎、Saber、远坂凛、间桐樱,2007,PlayStation 2,角川书店,角川书店,全年龄移植,,《Realta Nua》加入角色配音与新演出。,https://typemoon.com/contents/9ncnes/fate-stay-night-realta-nua
g030,g030-v3,CLANNAD,克兰娜德,CLANNAD,视觉小说,恋爱剧情,校园／家庭,冈崎朋也、古河渚、坂上智代,2008,Windows,VisualArt’s / Key,VisualArt’s、Key,全配音修订版,,《CLANNAD フルボイス》，与2004年无配音初版区分。,https://key.visualarts.gr.jp/clannad_10th/
g034,g034-v1,428：被封锁的涩谷,,428 ～封鎖された渋谷で～,视觉小说,有声小说,实拍有声小说／群像悬疑,加纳慎也、远藤亚智、御法川实,2008,Wii,世嘉（开发：Chunsoft）,世嘉,首发,,“有声小说”不等于对白配音；首发 2008 年。,https://www.nintendo.co.jp/wii/software/rtoj/index.html
g054,g054-v1,命运石之门,,STEINS;GATE,视觉小说,剧情分支／冒险,科学幻想／时间旅行,冈部伦太郎、牧濑红莉栖、椎名真由理、桥田至、阿万音铃羽、漆原琉华、菲莉丝·喵喵、桐生萌郁,2009,Xbox 360,5pb.,5pb.,首发,,2009-10-15 日本 Xbox 360 首发；后向兼容不另计独立移植。,https://www.kagaku-adv.com/titles/steinsgate/
g055,g055-v1,极限脱出：9 小时 9 人 9 扇门,,極限脱出 9時間9人9の扉,视觉小说,推理解谜融合,密室逃脱／悬疑,淳平、茜、四叶,2009,Nintendo DS,Spike,Spike,首发,无角色配音,双屏叙事与逃脱谜题；没有 2017 年合集中新增的对话配音。,https://www.spike-chunsoft.co.jp/pages/zendesu/about/index.html
g035,g035-v1,弹丸论破：希望的学园与绝望高中生,,ダンガンロンパ 希望の学園と絶望の高校生,视觉小说,推理解谜融合,推理／辩论,苗木诚、雾切响子、黑白熊,2010,PSP,Spike,Spike,首发,,推理冒险含角色配音；不是恋爱游戏。,https://www.spike-chunsoft.co.jp/news/17141/
g039,g039-v1,WHITE ALBUM2,白色相簿2,WHITE ALBUM2 -introductory chapter-,视觉小说,恋爱剧情,恋爱／群像,北原春希、小木曾雪菜、冬马和纱,2010,Windows,Leaf / AQUAPLUS,Leaf、AQUAPLUS,首发／序章,,仅含《introductory chapter》，完整后续剧情后来发行。,https://blog.aquaplus.jp/archives/2352
g054,g054-v2,命运石之门,,STEINS;GATE,视觉小说,剧情分支／冒险,科学幻想／时间旅行,冈部伦太郎、牧濑红莉栖、椎名真由理、桥田至、阿万音铃羽、漆原琉华、菲莉丝·喵喵、桐生萌郁,2010,Windows,Nitroplus,Nitroplus,PC 移植,,2010-08-26 日本 Windows 移植；发行署名为 Nitroplus，制作合作另行说明。,https://www.kagaku-adv.com/titles/steinsgate/
g039,g039-v2,WHITE ALBUM2,白色相簿2,WHITE ALBUM2 -introductory chapter-,视觉小说,恋爱剧情,恋爱／群像,北原春希、小木曾雪菜、冬马和纱,2011,Windows,Leaf / AQUAPLUS,Leaf、AQUAPLUS,终章发行（含 CC／coda）,,2011 年《closing chapter》产品收录大学篇 CC 及后续社会人篇 coda；coda 属于故事第三段，并非独立发行的第三款产品。套装版另附 IC。,https://leaf.aquaplus.jp/product/wa2cc/
g031,g031-v3,Fate/stay night,命运之夜,Fate/stay night,视觉小说,剧情分支／冒险,奇幻／战斗,卫宫士郎、Saber、远坂凛、间桐樱,2012,PlayStation Vita,角川游戏,角川游戏,掌机移植,,以《Realta Nua》为基础适配Vita。,https://www.typemoon.com/products/fatevita/character/
g039,g039-v3,WHITE ALBUM2,白色相簿2,WHITE ALBUM2 -introductory chapter-,视觉小说,恋爱剧情,恋爱／群像,北原春希、小木曾雪菜、冬马和纱,2012,PlayStation 3,AQUAPLUS,AQUAPLUS,合集与全年龄修订,,《幸せの向こう側》整合 IC、CC 与 coda 三段剧情，并新增剧情、CG 及动态立绘。,https://aquaplus.jp/wa2/product.html
g039,g039-v4,WHITE ALBUM2,白色相簿2,WHITE ALBUM2 -introductory chapter-,视觉小说,恋爱剧情,恋爱／群像,北原春希、小木曾雪菜、冬马和纱,2013,PlayStation Vita,AQUAPLUS,AQUAPLUS,掌机移植,,增加小说显示模式、画面切换与名场面提示。,https://aquaplus.jp/wa2vita/products/
g052,g052-v2,Muv-Luv,爱与命运,マブラヴ,Galgame,恋爱剧情冒险,校园恋爱／平行世界,白银武、鉴纯夏、御剑冥夜,2016,Steam,aNCHOR,aNCHOR,数字移植,,PC 数字版加入本地化并保留角色语音。,https://games.ancr.jp/games/muv-luv/
g038,g038-v3,YU-NO,在世界尽头咏唱恋曲的少女,この世の果てで恋を唄う少女YU-NO,视觉小说,剧情分支／冒险,科幻／多线冒险,有马拓哉、波多野神奈、岛津澪、尤诺,2017,PlayStation 4,5pb. / MAGES.,5pb.、MAGES.,完全重制,,新角色画面、重编音乐、角色配音；预购附原版移植DLC。,https://yu-no.jp/spec/ps/
g038,g038-v4,YU-NO,在世界尽头咏唱恋曲的少女,この世の果てで恋を唄う少女YU-NO,视觉小说,剧情分支／冒险,科幻／多线冒险,有马拓哉、波多野神奈、岛津澪、尤诺,2017,PlayStation Vita,5pb. / MAGES.,5pb.、MAGES.,完全重制,,与PS4版同期发行的掌机版。,https://yu-no.jp/spec/ps/
g053,g053-v2,Muv-Luv Alternative,爱与命运：替代篇,マブラヴ オルタネイティヴ,视觉小说,剧情分支／冒险,科幻战争／平行世界,白银武、鉴纯夏、御剑冥夜、香月夕呼,2017,Steam,aNCHOR,aNCHOR,本地化数字版,,加入译文、画面调整和额外角色配音。,https://store.steampowered.com/app/802890/MuvLuv_Alternative/
g055,g055-v2,极限脱出：9 小时 9 人 9 扇门,,極限脱出 9時間9人9の扉,视觉小说,推理解谜融合,密室逃脱／悬疑,淳平、茜、四叶,2017,Steam,Spike Chunsoft,Spike Chunsoft,《The Nonary Games》合集,,高分辨率画面并为本作新增日语、英语对话配音。,https://www.spike-chunsoft.co.jp/pages/zeroescape/doublepack/
g055,g055-v3,极限脱出：9 小时 9 人 9 扇门,,極限脱出 9時間9人9の扉,视觉小说,推理解谜融合,密室逃脱／悬疑,淳平、茜、四叶,2017,PlayStation 4,Spike Chunsoft,Spike Chunsoft,《The Nonary Games》合集,,高分辨率画面并为本作新增日语、英语对话配音。,https://www.spike-chunsoft.co.jp/pages/zeroescape/doublepack/
g055,g055-v4,极限脱出：9 小时 9 人 9 扇门,,極限脱出 9時間9人9の扉,视觉小说,推理解谜融合,密室逃脱／悬疑,淳平、茜、四叶,2017,PlayStation Vita,Spike Chunsoft,Spike Chunsoft,《The Nonary Games》合集,,高分辨率画面并为本作新增日语、英语对话配音。,https://www.spike-chunsoft.co.jp/pages/zeroescape/doublepack/
g056,g056-v1,心跳文学部！,,Doki Doki Literature Club!,视觉小说,剧情分支／冒险,心理恐怖／元叙事,Monika、Sayori、Yuri、Natsuki,2017,Windows / itch.io,Team Salvato,Team Salvato,免费首发,无角色配音,2017 年 9 月在 itch.io 先行推出；无角色台词配音。,https://teamsalvato.com/news/
g056,g056-v2,心跳文学部！,,Doki Doki Literature Club!,视觉小说,剧情分支／冒险,心理恐怖／元叙事,Monika、Sayori、Yuri、Natsuki,2017,Windows / Steam,Team Salvato,Team Salvato,Steam 发行,无角色配音,Steam 于同年稍后发行原版，保留心理恐怖的元叙事结构。,https://store.steampowered.com/app/698780/Doki_Doki_Literature_Club/
g034,g034-v2,428：被封锁的涩谷,,428 ～封鎖された渋谷で～,视觉小说,有声小说,实拍有声小说／群像悬疑,加纳慎也、远藤亚智、御法川实,2018,PlayStation 4,Spike Chunsoft,Spike Chunsoft,高清移植,,面向现代主机重新发行。,https://www.spike-chunsoft.co.jp/news/1799/
g034,g034-v3,428：被封锁的涩谷,,428 ～封鎖された渋谷で～,视觉小说,有声小说,实拍有声小说／群像悬疑,加纳慎也、远藤亚智、御法川实,2018,Windows / Steam,Spike Chunsoft,Spike Chunsoft,高清移植,,与PS4版同日发行的PC版。,https://www.spike-chunsoft.co.jp/news/1799/
g051,g051-v2,寒蝉鸣泣之时,,ひぐらしのなく頃に,视觉小说,有声小说,有声小说／乡村悬疑,前原圭一、龙宫礼奈、园崎魅音,2018,Nintendo Switch,ENTERGRAM,ENTERGRAM,《奉》合集,,主机合集收录多篇故事并提供角色配音。,https://entergram.co.jp/higurashihou/products.html
g030,g030-v4,CLANNAD,克兰娜德,CLANNAD,视觉小说,恋爱剧情,校园／家庭,冈崎朋也、古河渚、坂上智代,2019,Nintendo Switch,PROTOTYPE,PROTOTYPE,高清移植,,携带模式与多语言字幕；按Switch版发行年记录。,https://www.prot.co.jp/switch/clannad/spec.html
g038,g038-v5,YU-NO,在世界尽头咏唱恋曲的少女,この世の果てで恋を唄う少女YU-NO,视觉小说,剧情分支／冒险,科幻／多线冒险,有马拓哉、波多野神奈、岛津澪、尤诺,2019,Nintendo Switch,5pb. / MAGES.,5pb.、MAGES.,重制移植,,2017重制版移植至Switch。,https://yu-no.jp/spec/
g049,g049-v3,逆转裁判,,逆転裁判,文字冒险,图文选项／调查,调查／法庭推理,成步堂龙一、绫里真宵、御剑怜侍,2019,Nintendo Switch,CAPCOM,Capcom,初期三部曲合集,,《逆转裁判123》收录前三作；保留少量法庭语音，并提升显示效果。,https://www.nintendo.com/jp/topics/article/761e2356-2f26-11e9-b104-0a6d14145cb1
g049,g049-v4,逆转裁判,,逆転裁判,文字冒险,图文选项／调查,调查／法庭推理,成步堂龙一、绫里真宵、御剑怜侍,2019,Steam,CAPCOM,Capcom,初期三部曲合集,,三部曲合集中的初代，非单独重制；配音主要为法庭喊话。,https://store.steampowered.com/app/787480/Phoenix_Wright_Ace_Attorney_Trilogy/
g051,g051-v3,寒蝉鸣泣之时,,ひぐらしのなく頃に,视觉小说,有声小说,有声小说／乡村悬疑,前原圭一、龙宫礼奈、园崎魅音,2019,PlayStation 4,ENTERGRAM,ENTERGRAM,《奉》移植,,与 Switch 合集主体内容相同，但不支持触屏操作。,https://entergram.co.jp/higurashihou/products.html
g054,g054-v3,命运石之门,,STEINS;GATE,视觉小说,剧情分支／冒险,科学幻想／时间旅行,冈部伦太郎、牧濑红莉栖、椎名真由理、桥田至、阿万音铃羽、漆原琉华、菲莉丝·喵喵、桐生萌郁,2019,Nintendo Switch,Spike Chunsoft,Spike Chunsoft,ELITE 国际版,,2019-02-19 国际发行；全动画改编，同一作品。,https://www.spike-chunsoft.com/games/steinsgate-elite/
g054,g054-v4,命运石之门,,STEINS;GATE,视觉小说,剧情分支／冒险,科学幻想／时间旅行,冈部伦太郎、牧濑红莉栖、椎名真由理、桥田至、阿万音铃羽、漆原琉华、菲莉丝·喵喵、桐生萌郁,2019,PlayStation 4,Spike Chunsoft,Spike Chunsoft,ELITE 国际版,,2019-02-19 国际发行；全动画改编，同一作品。,https://www.spike-chunsoft.com/games/steinsgate-elite/
g029,g029-v2,AIR,青空,AIR,视觉小说,恋爱剧情,恋爱／奇幻,国崎往人、神尾观铃、神尾晴子,2021,Nintendo Switch,PROTOTYPE,PROTOTYPE,高清移植,,提供日语全配音，之后更新加入英语及简体中文字幕。,https://www.prot.co.jp/switch/air/spec.html
g035,g035-v2,弹丸论破：希望的学园与绝望高中生,,ダンガンロンパ 希望の学園と絶望の高校生,视觉小说,推理解谜融合,推理／辩论,苗木诚、雾切响子、黑白熊,2021,Nintendo Switch,Spike Chunsoft,Spike Chunsoft,纪念版移植,,收入系列合集，也提供单独下载。,https://www.spike-chunsoft.co.jp/news/13989/
g036,g036-v1,月姬：月之玻璃片,,月姫 -A piece of blue glass moon-,视觉小说,剧情分支／冒险,奇幻／悬疑,远野志贵、爱尔奎特、希耶尔、远野秋叶,2021,PlayStation 4,TYPE-MOON,TYPE-MOON,重制首发,,2021 年重制新作；2000 年同人原作另有年份。,https://typemoon.com/products/tsukihime/
g036,g036-v2,月姬：月之玻璃片,,月姫 -A piece of blue glass moon-,视觉小说,剧情分支／冒险,奇幻／悬疑,远野志贵、爱尔奎特、希耶尔、远野秋叶,2021,Nintendo Switch,TYPE-MOON,TYPE-MOON,同步首发,,与PlayStation 4版同年发行；非2000年PC原版。,https://typemoon.com/products/tsukihime/
g046,g046-v2,同级生,,同級生,Galgame,恋爱剧情冒险,校园恋爱／地图探索,樱木舞、田中美沙、黑川里美,2021,Windows,FANZA GAMES（DG REMAKE）,FANZA GAMES（DG REMAKE）,日版重制,,更新画面与系统，并为女主角加入配音。,https://dmmgames.co.jp/news/detail/id=1786
g056,g056-v3,心跳文学部！,,Doki Doki Literature Club!,视觉小说,剧情分支／冒险,心理恐怖／元叙事,Monika、Sayori、Yuri、Natsuki,2021,Nintendo Switch,Serenity Forge,Serenity Forge,Plus 扩展版,无角色配音,增加六段友情支线、高清画面、画廊和音乐播放器。,https://www.serenityforge.com/games/doki-doki-literature-club-plus
g056,g056-v4,心跳文学部！,,Doki Doki Literature Club!,视觉小说,剧情分支／冒险,心理恐怖／元叙事,Monika、Sayori、Yuri、Natsuki,2021,PlayStation 4 / PlayStation 5,Serenity Forge,Serenity Forge,Plus 扩展版,无角色配音,增加六段友情支线、高清画面、画廊和音乐播放器。,https://www.serenityforge.com/games/doki-doki-literature-club-plus
g056,g056-v5,心跳文学部！,,Doki Doki Literature Club!,视觉小说,剧情分支／冒险,心理恐怖／元叙事,Monika、Sayori、Yuri、Natsuki,2021,Windows / Steam,Serenity Forge,Serenity Forge,Plus 扩展版,无角色配音,增加六段友情支线、高清画面、画廊和音乐播放器。,https://www.serenityforge.com/games/doki-doki-literature-club-plus
g046,g046-v3,同级生,,同級生,Galgame,恋爱剧情冒险,校园恋爱／地图探索,樱木舞、田中美沙、黑川里美,2022,Windows / Steam,Shiravune,Shiravune,国际版重制,,基于 2021 年重制，加入中英文文本；与 1992 年原版分开。,https://shiravune.com/archives/2502
g055,g055-v5,极限脱出：9 小时 9 人 9 扇门,,極限脱出 9時間9人9の扉,视觉小说,推理解谜融合,密室逃脱／悬疑,淳平、茜、四叶,2022,Xbox One / Windows 10,Spike Chunsoft,Spike Chunsoft,合集新平台,,2017 年配音合集移植到 Xbox 与 Microsoft Store PC。,https://www.spike-chunsoft.co.jp/news/14736/
g014,g014-v2,时间少女,,タイムギャル,互动动画,激光影碟·动作选择,激光影碟／动作选择,玲香（レイカ）、鲁达（ルーダ）,2023,Nintendo Switch,太东,TAITO（太东）,高清复刻,,收录于太东LD游戏合集，升级画面并保留互动动画。,https://www.taito.co.jp/taitoldgamecollection
g028,g028-v3,Kanon,雪之少女,Kanon,视觉小说,恋爱剧情,恋爱／奇幻,相泽祐一、月宫亚由、水濑名雪,2023,Nintendo Switch,PROTOTYPE,PROTOTYPE,高清移植,,高清画面与日语角色配音；主角仅部分场景有声。,https://www.prot.co.jp/switch/kanon/spec.html
g047,g047-v2,ONE：辉之季节,,ONE 〜輝く季節へ〜,视觉小说,恋爱剧情,校园恋爱／奇幻,折原浩平、长森瑞佳、七濑留美,2023,Nintendo Switch,novamicus（NEXTON）,novamicus（NEXTON）,ONE. 重制,,重绘立绘并加入角色配音；主人公仍不配音。,https://nexton-net.jp/nexton30th/nvm001/
g047,g047-v3,ONE：辉之季节,,ONE 〜輝く季節へ〜,视觉小说,恋爱剧情,校园恋爱／奇幻,折原浩平、长森瑞佳、七濑留美,2023,Windows,novamicus（NEXTON）,novamicus（NEXTON）,ONE. 重制,,重绘立绘并加入角色配音；主人公仍不配音。,https://nexton-net.jp/nexton30th/nvm001/
g047,g047-v4,ONE：辉之季节,,ONE 〜輝く季節へ〜,视觉小说,恋爱剧情,校园恋爱／奇幻,折原浩平、长森瑞佳、七濑留美,2023,Steam,novamicus（NEXTON）,novamicus（NEXTON）,ONE. 数字版,,重绘画面与角色配音；商店显示的跨区日期可能早于日版一天。,https://store.steampowered.com/app/2432100/ONE/
g084,g084-v2,忍者疾风,,忍者ハヤテ,互动动画,激光影碟·动作选择,激光影碟／动画动作选择,疾风（ハヤテ）、被掳走的公主,2023,Nintendo Switch,TAITO,TAITO（太东）,HD 复刻,,《TAITO LD Game Collection》收录，以高清影像呈现。,https://www.taito.co.jp/mob/topics/26135
g012,g012-v3,北海道连锁杀人：鄂霍次克消失,,北海道連鎖殺人 オホーツクに消ゆ,文字冒险,图文选项／调查,图文选项／推理,刑警（版本设定不同）、黑木五郎（早期PC版）、猿渡俊介（后续版）,2024,Nintendo Switch,G-MODE,G-MODE,重制,,依据红白机版重制，新增后续故事与人物配音。,https://info.gmodecorp.com/cs/okhotsk/
g012,g012-v4,北海道连锁杀人：鄂霍次克消失,,北海道連鎖殺人 オホーツクに消ゆ,文字冒险,图文选项／调查,图文选项／推理,刑警（版本设定不同）、黑木五郎（早期PC版）、猿渡俊介（后续版）,2024,Windows / Steam,G-MODE,G-MODE,重制,,与Switch同款重制版；按平台单独登记。,https://info.gmodecorp.com/cs/okhotsk/products/
g031,g031-v4,Fate/stay night,命运之夜,Fate/stay night,视觉小说,剧情分支／冒险,奇幻／战斗,卫宫士郎、Saber、远坂凛、间桐樱,2024,Nintendo Switch,TYPE-MOON,TYPE-MOON,高清复刻,,基于Vita版，画面高清化并增加多语言文本。,https://typemoon.com/products/f-sn/
g031,g031-v5,Fate/stay night,命运之夜,Fate/stay night,视觉小说,剧情分支／冒险,奇幻／战斗,卫宫士郎、Saber、远坂凛、间桐樱,2024,Windows / Steam,TYPE-MOON,TYPE-MOON,高清复刻,,与Switch版同期发布的《REMASTERED》。,https://typemoon.com/products/f-sn/
g046,g046-v4,同级生,,同級生,Galgame,恋爱剧情冒险,校园恋爱／地图探索,樱木舞、田中美沙、黑川里美,2024,Nintendo Switch,EXNOA（DG REMAKE）,EXNOA（DG REMAKE）,主机重制版,,CSver 调整内容，保留重制的配音与画面，增加新场景。,https://dmmgames.co.jp/news/detail/id=1786
g046,g046-v5,同级生,,同級生,Galgame,恋爱剧情冒险,校园恋爱／地图探索,樱木舞、田中美沙、黑川里美,2024,PlayStation 4,EXNOA（DG REMAKE）,EXNOA（DG REMAKE）,主机重制版,,CSver 调整内容，保留重制的配音与画面，增加新场景。,https://dmmgames.co.jp/news/detail/id=1786
g052,g052-v3,Muv-Luv,爱与命运,マブラヴ,Galgame,恋爱剧情冒险,校园恋爱／平行世界,白银武、鉴纯夏、御剑冥夜,2024,Nintendo Switch,aNCHOR,aNCHOR,主机复刻,,面向主机的调整版本，与 2003 年 PC 原版区分。,https://games.ancr.jp/games/muv-luv/
g053,g053-v3,Muv-Luv Alternative,爱与命运：替代篇,マブラヴ オルタネイティヴ,视觉小说,剧情分支／冒险,科幻战争／平行世界,白银武、鉴纯夏、御剑冥夜、香月夕呼,2024,Nintendo Switch,aNCHOR,aNCHOR,主机复刻,,主机版以全年龄内容和重新调整的显示呈现。,https://games.ancr.jp/games/muv-luv-alternative/
g014,g014-v3,时间少女,,タイムギャル,互动动画,激光影碟·动作选择,激光影碟／动作选择,玲香（レイカ）、鲁达（ルーダ）,2025,Windows / Steam,太东,TAITO（太东）,高清复刻移植,,高清复刻版在Steam发行。,https://www.taito.co.jp/mob/topics/36776
g023,g023-v3,心跳回忆,,ときめきメモリアル,Galgame,恋爱模拟,恋爱模拟,藤崎诗织、虹野沙希、馆林见晴,2025,Nintendo Switch,Konami,Konami,复刻,,《forever with you エモーショナル》加入EVS呼名功能与图像切换。,https://www.konami.com/games/corporate/ja/news/topics/20250508/
g033,g033-v2,日在校园,,School Days,互动动画,全动画·剧情分支,全动画／恋爱剧情,伊藤诚、桂言叶、西园寺世界,2025,Windows,Overflow（STACK）,Overflow（STACK）,高清复刻,,《School Days REMASTERED》重做现代系统兼容性，保留动画式叙事。,https://0verflow.com/sdrm/
g037,g037-v1,ToHeart（重制版）,,ToHeart,视觉小说,恋爱剧情,校园恋爱／重制,藤田浩之、神岸明里、玛尔琪（Multi）,2025,Nintendo Switch,AQUAPLUS,AQUAPLUS,重制首发,,1997 年原作的 2025 年重制版，单独列示；平台发行方有别。,https://aquaplus.jp/toheart/en.html
g037,g037-v2,ToHeart（重制版）,,ToHeart,视觉小说,恋爱剧情,校园恋爱／重制,藤田浩之、神岸明里、玛尔琪（Multi）,2025,Windows / Steam,DMM GAMES、Shiravune,DMM GAMES、Shiravune,同步首发,,3D重制；可切换新旧配音，Steam平台发行方与日版不同。,https://aquaplus.jp/toheart/en.html
g048,g048-v2,Never 7：无限终点,,Never 7 - The End of Infinity,视觉小说,恋爱剧情,恋爱冒险／科幻悬疑,石原诚、川岛优夏、樋口遥,2025,Nintendo Switch,MAGES.,MAGES.,高清复刻,,2025 年复刻版，保留恋爱冒险主线并更新显示。,https://game.mages.co.jp/infinity/never7/
g048,g048-v3,Never 7：无限终点,,Never 7 - The End of Infinity,视觉小说,恋爱剧情,恋爱冒险／科幻悬疑,石原诚、川岛优夏、樋口遥,2025,PlayStation 4,MAGES.,MAGES.,高清复刻,,2025 年复刻版，保留恋爱冒险主线并更新显示。,https://game.mages.co.jp/infinity/never7/
g048,g048-v4,Never 7：无限终点,,Never 7 - The End of Infinity,视觉小说,恋爱剧情,恋爱冒险／科幻悬疑,石原诚、川岛优夏、樋口遥,2025,Steam,MAGES.,MAGES.,高清复刻,,2025 年复刻版，保留恋爱冒险主线并更新显示。,https://game.mages.co.jp/infinity/never7/
g050,g050-v3,Ever17：无限之外,,Ever 17 - The Out of Infinity,视觉小说,剧情分支／冒险,海底设施／科幻悬疑,仓成武、少年、田中优美清春香菜、小町鸫,2025,Nintendo Switch,MAGES.,MAGES.,高清复刻,,使用 2011 年版调整过的文本，将 3D 人物恢复为 2D 并更新画面。,https://game.mages.co.jp/infinity/ever17/
g050,g050-v4,Ever17：无限之外,,Ever 17 - The Out of Infinity,视觉小说,剧情分支／冒险,海底设施／科幻悬疑,仓成武、少年、田中优美清春香菜、小町鸫,2025,PlayStation 4,MAGES.,MAGES.,高清复刻,,使用 2011 年版调整过的文本，将 3D 人物恢复为 2D 并更新画面。,https://game.mages.co.jp/infinity/ever17/
g050,g050-v5,Ever17：无限之外,,Ever 17 - The Out of Infinity,视觉小说,剧情分支／冒险,海底设施／科幻悬疑,仓成武、少年、田中优美清春香菜、小町鸫,2025,Steam,MAGES.,MAGES.,高清复刻,,使用 2011 年版调整过的文本，将 3D 人物恢复为 2D 并更新画面。,https://game.mages.co.jp/infinity/ever17/
g056,g056-v6,心跳文学部！,,Doki Doki Literature Club!,视觉小说,剧情分支／冒险,心理恐怖／元叙事,Monika、Sayori、Yuri、Natsuki,2025,Android,Team Salvato / Serenity Forge,Team Salvato、Serenity Forge,移动版,无角色配音,免费本篇升级高清；Plus 的支线和画廊作为付费扩展。,https://teamsalvato.com/news/ddlc-is-now-available-on-ios-and-android/
g056,g056-v7,心跳文学部！,,Doki Doki Literature Club!,视觉小说,剧情分支／冒险,心理恐怖／元叙事,Monika、Sayori、Yuri、Natsuki,2025,iOS,Team Salvato / Serenity Forge,Team Salvato、Serenity Forge,移动版,无角色配音,免费本篇升级高清；Plus 的支线和画廊作为付费扩展。,https://teamsalvato.com/news/ddlc-is-now-available-on-ios-and-android/
g084,g084-v3,忍者疾风,,忍者ハヤテ,互动动画,激光影碟·动作选择,激光影碟／动画动作选择,疾风（ハヤテ）、被掳走的公主,2025,Steam,TAITO,TAITO（太东）,HD 复刻数字版,,单独发行的 HD 移植；商店与日本公告跨时区日期有一天差异。,https://www.taito.co.jp/mob/topics/36776
g139,g139-v1,桃太郎,,桃太郎（むかしむかしゲームシリーズ）,文字冒险,图文指令,图文冒险／童话,桃太郎,1983,FM-8／FM-7,チャンピオンソフト,チャンピオンソフト,首发,,馆藏只确认 FM 系版本年份；兼容机型不拆为单独发行。,https://fm-7.com/museum/products/9dor4y34/
g140,g140-v1,浦岛太郎,,浦島太郎（むかしむかしゲームシリーズ）,文字冒险,图文指令,图文冒险／童话,浦岛太郎,1983,FM-8／FM-7,チャンピオンソフト,チャンピオンソフト,首发,,馆藏只确认 FM 系版本年份；兼容机型不拆为单独发行。,https://fm-7.com/museum/products/vdeoigey/
g141,g141-v1,法老的诅咒,,ファラオの呪い,文字冒险,图文指令,图文冒险／奇幻探索,探险者（玩家）,1983,FM-8／FM-7,チャンピオンソフト,チャンピオンソフト,首发,,馆藏只确认 FM 系版本年份；兼容机型不拆为单独发行。,https://fm-7.com/museum/products/qssw5yp9/
g142,g142-v1,疯狂屋,,クレージーハウス,文字冒险,图文指令,图文冒险／奇幻探索,探险家（玩家）,1983,FM-8／FM-7,チャンピオンソフト,チャンピオンソフト,首发,,馆藏只确认 FM 系版本年份；兼容机型不拆为单独发行。,https://fm-7.com/museum/products/y22rwd0b/
g143,g143-v1,鬼巌城,,鬼巌城,文字冒险,图文指令,图文冒险／奇幻探索,冒险者（玩家）、阎魔,1984,FM-8／FM-7,チャンピオンソフト,チャンピオンソフト,首发,,馆藏只确认 FM 系版本年份；兼容机型不拆为单独发行。,https://fm-7.com/museum/products/6csi44i0/
g144,g144-v1,白玫瑰连续杀人事件,,白バラ連続殺人事件,文字冒险,图文指令,图文冒险／推理,白玫瑰连环案调查者（玩家）,1984,FM-8／FM-7,リバーヒルソフト,リバーヒルソフト,首发,,馆藏只确认 FM 系版本年份；兼容机型不拆为单独发行。,https://fm-7.com/museum/products/i0l23t7t/
g145,g145-v1,Little Busters!,小小克星！,リトルバスターズ！,Galgame,恋爱剧情冒险,恋爱冒险／校园友情,直枝理树、枣恭介、枣铃,2007,Windows,VisualArt’s / Key,VisualArt’s、Key,首发,,2007 年初回版；官方产品表明确记载角色音声。,https://key.visualarts.gr.jp/product/little/site/products.htm
g145,g145-v2,Little Busters!,小小克星！,リトルバスターズ！,Galgame,恋爱剧情冒险,恋爱冒险／校园友情,直枝理树、枣恭介、枣铃,2012,Windows,VisualArt’s / Key,VisualArt’s、Key,PERFECT EDITION,,以 EX 为基础的全年龄扩充版，加入 PSP／Vita 移植时的新增内容。,https://key.visualarts.gr.jp/product/little/
g146,g146-v1,Rewrite,改写,Rewrite,Galgame,恋爱剧情冒险,校园恋爱／神秘冒险,天王寺瑚太朗、神户小鸟、千里朱音,2011,Windows,VisualArt’s / Key,VisualArt’s、Key,首发,,官方目录记载 2011 年 6 月 24 日首发；角色音声有官方录制记录。,https://key.visualarts.gr.jp/product_all
g146,g146-v2,Rewrite,改写,Rewrite,Galgame,恋爱剧情冒险,校园恋爱／神秘冒险,天王寺瑚太朗、神户小鸟、千里朱音,2016,Windows,VisualArt’s / Key,VisualArt’s、Key,Rewrite＋,,原作加笔修订、增加演出，并同捆另行发行的 Harvest festa!。,https://key.visualarts.gr.jp/rewrite/
g147,g147-v1,Summer Pockets,夏日口袋,Summer Pockets,Galgame,恋爱剧情冒险,恋爱冒险／海岛夏日,鹰原羽依里、鸣濑白羽,2018,Windows,VisualArt’s / Key,VisualArt’s、Key,首发,,官方目录记载初回版 2018 年 6 月 29 日；角色页面列出配音。,https://key.visualarts.gr.jp/summer/
g147,g147-v2,Summer Pockets,夏日口袋,Summer Pockets,Galgame,恋爱剧情冒险,恋爱冒险／海岛夏日,鹰原羽依里、鸣濑白羽,2020,Windows,VisualArt’s / Key,VisualArt’s、Key,REFLECTION BLUE,,扩充角色故事的 REFLECTION BLUE 版；与 2018 年原版分列。,https://key.visualarts.gr.jp/summer_rb/
g148,g148-v1,LOOPERS,轮回者,LOOPERS,视觉小说,单线视觉小说,单线小说／时间循环,平良、米娅、西蒙,2021,Windows,VisualArt’s / Key,VisualArt’s、Key,首发,,官方公布 2021 年 5 月 28 日首发，并列有角色配音。,https://key.visualarts.gr.jp/kinetic/loopers/
g148,g148-v2,LOOPERS,轮回者,LOOPERS,视觉小说,单线视觉小说,单线小说／时间循环,平良、米娅、西蒙,2022,Nintendo Switch,PROTOTYPE,PROTOTYPE,主机移植,,官方于 2022 年 6 月 2 日公告 Switch 版上市。,https://www.prot.co.jp/switch/loopers/spec.html
g148,g148-v3,LOOPERS,轮回者,LOOPERS,视觉小说,单线视觉小说,单线小说／时间循环,平良、米娅、西蒙,2023,PlayStation 4,PROTOTYPE,PROTOTYPE,主机移植,,官方于 2023 年 2 月 16 日公告 PS4 版上市。,https://www.prot.co.jp/ps4/loopers/spec.html
g148,g148-v4,LOOPERS,轮回者,LOOPERS,视觉小说,单线视觉小说,单线小说／时间循环,平良、米娅、西蒙,2023,Steam,VisualArts,VisualArt’s,数字版,,官方于 2023 年 6 月 27 日公告 Steam 版上市。,https://store.steampowered.com/app/1811500/LOOPERS/
g149,g149-v1,星之终途,,終のステラ,视觉小说,单线视觉小说,单线小说／末日科幻,裘德·格雷、菲莉娅,2022,Windows,VisualArt’s / Key,VisualArt’s、Key,首发,,官方目录记载 2022 年 9 月 30 日，角色页面标有声优。,https://key.visualarts.gr.jp/kinetic/stella/
g150,g150-v1,白色相簿,,WHITE ALBUM,Galgame,恋爱模拟,恋爱模拟／偶像,藤井冬弥、森川由绮、绪方理奈,1998,Windows,Leaf,Leaf,首发,,Leaf 官方产品页记载 1998 年 5 月 1 日；早期版本配音待核实。,https://leaf.aquaplus.jp/product/wa/
g151,g151-v1,传颂之物,,うたわれるもの,视觉小说,剧情分支／冒险,剧情阅读／战略角色扮演,哈克奥罗、艾露露、阿露露,2002,Windows,Leaf,Leaf,首发,,AQUAPLUS 二十周年资料确定首作在 2002 年 4 月 26 日推出；原版角色配音待核实。,https://aquaplus.jp/uta20/
g152,g152-v1,秋之回忆,,Memories Off,Galgame,恋爱剧情冒险,校园恋爱／多线剧情,三上智也、今坂唯笑、桧月彩花,1999,PlayStation,KID,KID,首发,,1999 年 9 月 30 日 PS 版；实体商品页记载型号 SLPS-02296。,https://www.suruga-ya.jp/product/detail/140005644
g153,g153-v1,秋之回忆 2nd,,Memories Off 2nd,Galgame,恋爱剧情冒险,校园恋爱／多线剧情,伊波健、白河萤,2001,Dreamcast,KID,KID,首发,,世嘉主机软件目录记载 2001 年 9 月 27 日上市，发行署名“キッド”。,https://www.sega.jp/history/hard/dreamcast/software_l.html
g153,g153-v2,秋之回忆 2nd,,Memories Off 2nd,Galgame,恋爱剧情冒险,校园恋爱／多线剧情,伊波健、白河萤,2001,PlayStation,KID,KID,同期平台版,,商品目录记载 2001 年 9 月 27 日的 PlayStation 版；与 DC 版同日发行。,https://www.gavas.jp/products/detail.php?product_id=9072
g154,g154-v1,想起你：秋之回忆,,想い出にかわる君 ～Memories Off～,Galgame,恋爱剧情冒险,大学生活／恋爱剧情,加贺正午、黑须彼方,2002,PlayStation 2,KID,KID,首发,,实体商品记录 2002 年 11 月 28 日上市，型号 SLPS-25173。,https://www.suruga-ya.jp/product/detail/144000859
g154,g154-v2,想起你：秋之回忆,,想い出にかわる君 ～Memories Off～,Galgame,恋爱剧情冒险,大学生活／恋爱剧情,加贺正午、黑须彼方,2002,Dreamcast,KID,KID,同期平台版,,世嘉软件目录记录 2002 年 11 月 28 日的 Dreamcast 版本。,https://www.sega.jp/history/hard/dreamcast/software_l.html
g155,g155-v1,命运／虚空明镜,,Fate/hollow ataraxia,视觉小说,剧情分支／冒险,传奇／循环悬疑,卫宫士郎、远坂凛、巴泽特,2005,Windows,TYPE-MOON,TYPE-MOON,首发,,TYPE-MOON 官方目录记载 2005 年 10 月 28 日及 Windows 平台。,https://www.typemoon.com/products/products.html
g156,g156-v1,魔法使之夜,,魔法使いの夜,视觉小说,单线视觉小说,现代魔法／青春奇幻,苍崎青子、久远寺有珠、静希草十郎,2012,Windows,TYPE-MOON,TYPE-MOON,首发,无角色配音,2012 年 4 月 12 日 PC 原版；后续高清版本才增加角色全配音。,https://www.typemoon.com/products/mahoyo/outline.html
g156,g156-v2,魔法使之夜,,魔法使いの夜,视觉小说,单线视觉小说,现代魔法／青春奇幻,苍崎青子、久远寺有珠、静希草十郎,2022,Nintendo Switch,Aniplex,Aniplex,高清全配音版,,任天堂公告 2022 年 12 月 8 日，由 Aniplex 发行；加入全配音及全高清画面。,https://www.nintendo.com/jp/topics/article/1737ab04-f329-40c6-b23d-ec364bc75ec4
g156,g156-v3,魔法使之夜,,魔法使いの夜,视觉小说,单线视觉小说,现代魔法／青春奇幻,苍崎青子、久远寺有珠、静希草十郎,2022,PlayStation 4,Aniplex,Aniplex,高清全配音版,,官方产品页列 2022 年 12 月 8 日实体版；PS 商店列数字版上线日 12 月 7 日（时区／商店口径不同）。,https://store.playstation.com/ja-jp/product/JP3372-CUSA32284_00-GAME000000MAHOYO
g156,g156-v4,魔法使之夜,,魔法使いの夜,视觉小说,单线视觉小说,现代魔法／青春奇幻,苍崎青子、久远寺有珠、静希草十郎,2023,Steam,Aniplex Inc.,Aniplex,PC 高清版,,Steam 平台 2023 年 12 月 14 日推出全配音高清版本。,https://store.steampowered.com/app/2052410/
g157,g157-v1,智代 After,,智代アフター ～It’s a Wonderful Life～,Galgame,恋爱剧情冒险,恋爱／家庭生活,坂上智代、冈崎朋也、坂上鹰文,2005,Windows,VisualArt’s / Key,VisualArt’s、Key,首发成人版,,Key 官方目录记载 2005 年 11 月 25 日 R-18 初回限定版。,https://key.visualarts.gr.jp/product/tomoyo/
g157,g157-v2,智代 After,,智代アフター ～It’s a Wonderful Life～,Galgame,恋爱剧情冒险,恋爱／家庭生活,坂上智代、冈崎朋也、坂上鹰文,2010,Windows,VisualArt’s / Key,VisualArt’s、Key,全年龄纪念版,,2010 年 4 月 30 日的 Memorial Edition；官方明确标示全年龄。,https://key.visualarts.gr.jp/product/tomoyo/
g157,g157-v3,智代 After,,智代アフター ～It’s a Wonderful Life～,Galgame,恋爱剧情冒险,恋爱／家庭生活,坂上智代、冈崎朋也、坂上鹰文,2014,Windows,VisualArt’s / Key,VisualArt’s、Key,PerfectEdition,,2014 年 9 月 26 日的 PerfectEdition，保留独立版本记录。,https://key.visualarts.gr.jp/product/tomoyo/pe/contents.html
g158,g158-v1,天使的心跳！第一章,,Angel Beats! -1st beat-,视觉小说,剧情分支／冒险,死后校园／群像剧情,音无结弦、仲村由理、立华奏,2015,Windows,VisualArt’s / Key,VisualArt’s、Key,首发,,Key 官方产品页记载 2015 年 6 月 26 日、Windows、全年龄。,https://key.visualarts.gr.jp/angelbeats/products.html
g159,g159-v1,心之彼端 2,,ToHeart2,Galgame,恋爱剧情冒险,校园恋爱／多线剧情,河野贵明、柚原此美、向坂环,2004,PlayStation 2,AQUAPLUS,AQUAPLUS,首发,,AQUAPLUS 官方产品页记载 2004 年 12 月 28 日 PS2 恋爱 ADV。,https://aquaplus.jp/th2/html/products.html
g160,g160-v1,超级弹丸论破 2：再见绝望学园,,スーパーダンガンロンパ２ さよなら絶望学園,视觉小说,推理解谜融合,孤岛悬疑／学级裁判,日向创、七海千秋、狛枝凪斗,2012,PSP,Spike Chunsoft,Spike Chunsoft,首发,,厂商十五周年资料记载 2012 年 7 月 26 日 PSP 首发。,https://www.spike-chunsoft.co.jp/news/45095/
g161,g161-v1,新弹丸论破 V3：大家互相残杀的新学期,,ニューダンガンロンパＶ３ みんなのコロシアイ新学期,视觉小说,推理解谜融合,校园悬疑／学级裁判,赤松枫、最原终一、王马小吉,2017,PlayStation 4,Spike Chunsoft,Spike Chunsoft,同期首发,,厂商十五周年资料记载 PS4 与 PS Vita 同于 2017 年 1 月 12 日推出。,https://www.spike-chunsoft.co.jp/news/45095/
g161,g161-v2,新弹丸论破 V3：大家互相残杀的新学期,,ニューダンガンロンパＶ３ みんなのコロシアイ新学期,视觉小说,推理解谜融合,校园悬疑／学级裁判,赤松枫、最原终一、王马小吉,2017,PS Vita,Spike Chunsoft,Spike Chunsoft,同期首发,,与 PS4 同期推出的掌机版，具体差异未核实。,https://www.spike-chunsoft.co.jp/news/45095/
g162,g162-v1,鬼哭街,,The Cyber Slayer 鬼哭街,视觉小说,单线视觉小说,赛博朋克／复仇武侠,孔涛罗、孔瑞丽,2002,Windows,Nitroplus,Nitroplus,首发成人版,无角色配音,官方资料记载 2002 年 3 月 29 日、Windows、配音“音声なし”。,https://www.nitroplus.co.jp/game/03-cyberslayer/
g162,g162-v2,鬼哭街,,The Cyber Slayer 鬼哭街,视觉小说,单线视觉小说,赛博朋克／复仇武侠,孔涛罗、孔瑞丽,2011,Windows,Nitroplus,Nitroplus,全配音新版,,2011 年 5 月 27 日上市的全配音版，官方标示 15 岁以上推荐。,https://www.nitroplus.co.jp/game/kikokugai/about/
g163,g163-v1,沙耶之歌,,沙耶の唄,视觉小说,剧情分支／冒险,心理恐怖／悬疑,匂坂郁纪、沙耶、户尾耕司,2003,Windows,Nitroplus,Nitroplus,首发,,官方记载 2003 年 12 月 26 日，并列出郁纪与沙耶等角色配音。,https://www.nitroplus.co.jp/game/06-song-of-saya/saya.php
g164,g164-v1,库特之后,,クドわふたー,Galgame,恋爱剧情冒险,校园恋爱／后日谈,直枝理树、能美库特莉亚芙卡,2010,Windows,VisualArt’s / Key,VisualArt’s、Key,首发成人版,,Key 官方产品信息记载 2010 年 6 月 25 日、Windows、18 岁以下不可购买。,https://key.visualarts.gr.jp/kudo/ex/spec.html
g164,g164-v2,库特之后,,クドわふたー,Galgame,恋爱剧情冒险,校园恋爱／后日谈,直枝理树、能美库特莉亚芙卡,2013,Windows,VisualArt’s / Key,VisualArt’s、Key,全年龄版,,Key 官方公告 2013 年 6 月 28 日推出 PC 全年龄版。,https://key.visualarts.gr.jp/kudo/
g165,g165-v1,Rewrite Harvest festa!,改写：丰收祭,Rewrite Harvest festa!,Galgame,恋爱剧情冒险,青春奇幻／番外篇,天王寺瑚太朗、神户小鸟、千里朱音,2012,Windows,VisualArt’s / Key,VisualArt’s、Key,首发粉丝盘,,Key 公告 2012 年 7 月 27 日推出《Rewrite Harvest festa!》。,https://key.visualarts.gr.jp/info/2012/02/rewrite_harvest_festa.html
g166,g166-v1,同人志派对,,こみっくパーティー,Galgame,恋爱模拟,同人创作／恋爱模拟,千堂和树、高濑瑞希、九品佛大志,1999,Windows,Leaf,Leaf,首发成人版,,原版实体游戏目录记载 1999 年 5 月 28 日，厂商 Leaf，型号 WIC6420。,https://www.suruga-ya.jp/product/detail/145002307
g166,g166-v2,同人志派对,,こみっくパーティー,Galgame,恋爱模拟,同人创作／恋爱模拟,千堂和树、高濑瑞希、九品佛大志,2001,Dreamcast,AQUAPLUS,AQUAPLUS,主机扩充版,,AQUAPLUS 官方记载 2001 年 8 月 9 日；增加原 PC 版没有的剧情与画面，台词全配音。,https://aquaplus.jp/cp/product.html
g167,g167-v1,秋之回忆：从今以后,,メモリーズオフ ～それから～,Galgame,恋爱剧情冒险,校园恋爱／分手悬念,鹭泽一蹴、陵祈、藤原雅,2004,PlayStation 2,KID,KID,首发,,实体普通版记载 2004 年 6 月 24 日、KID、型号 SLPM-65610。,https://www.suruga-ya.jp/product/detail/144001946
g168,g168-v1,秋之回忆 #5：中断的胶片,,メモリーズオフ#5 とぎれたフィルム,Galgame,恋爱剧情冒险,大学生活／电影创作,河合春人、仙堂麻寻、日名明日香,2005,PlayStation 2,KID,KID,首发,,实体普通版记载 2005 年 10 月 27 日、KID、型号 SLPM-66147。,https://www.suruga-ya.jp/kaitori/kaitori_detail/144003118
g169,g169-v1,装甲恶鬼村正,,装甲悪鬼村正,视觉小说,剧情分支／冒险,架空历史／暗黑武侠,凑斗景明、村正,2009,Windows,Nitroplus,Nitroplus,首发,,Nitroplus 官方记载 2009 年 10 月 30 日及“フルボイス”。,https://www.nitroplus.co.jp/game/18-muramasa/
g170,g170-v1,极限脱出ADV：善人死亡,,極限脱出ADV 善人シボウデス,视觉小说,推理解谜融合,密室逃脱／信任博弈,西格玛、菲、露娜,2012,Nintendo 3DS,CHUNSOFT,Chunsoft,同期首发,,官方原版商品信息记载 2012 年 2 月 16 日、发行／开发 CHUNSOFT，小说段落全配音。,https://www.spike-chunsoft.co.jp/pages/zendesu/mb/products/index.html
g170,g170-v2,极限脱出ADV：善人死亡,,極限脱出ADV 善人シボウデス,视觉小说,推理解谜融合,密室逃脱／信任博弈,西格玛、菲、露娜,2012,PS Vita,CHUNSOFT,Chunsoft,同期首发,,官方原版商品信息记载 2012 年 2 月 16 日、发行／开发 CHUNSOFT，小说段落全配音。,https://www.spike-chunsoft.co.jp/pages/zendesu/mb/products/index.html
g171,g171-v1,极限脱出：零时困境,,ZERO ESCAPE 刻のジレンマ,视觉小说,推理解谜融合,多视角／密室逃脱,卡洛斯、茜、淳平,2016,PS Vita,Spike Chunsoft,Spike Chunsoft,同期首发,,官方版本表：Vita／3DS／Steam 2016 年 6 月 30 日；PS4 2017 年 8 月 17 日。,https://www.spike-chunsoft.co.jp/pages/zeroescape/spec/
g171,g171-v2,极限脱出：零时困境,,ZERO ESCAPE 刻のジレンマ,视觉小说,推理解谜融合,多视角／密室逃脱,卡洛斯、茜、淳平,2016,Nintendo 3DS,Spike Chunsoft,Spike Chunsoft,同期首发,,官方版本表：Vita／3DS／Steam 2016 年 6 月 30 日；PS4 2017 年 8 月 17 日。,https://www.spike-chunsoft.co.jp/pages/zeroescape/spec/
g171,g171-v3,极限脱出：零时困境,,ZERO ESCAPE 刻のジレンマ,视觉小说,推理解谜融合,多视角／密室逃脱,卡洛斯、茜、淳平,2016,Steam,Spike Chunsoft,Spike Chunsoft,PC 发行,,官方版本表：Vita／3DS／Steam 2016 年 6 月 30 日；PS4 2017 年 8 月 17 日。,https://www.spike-chunsoft.co.jp/pages/zeroescape/spec/
g171,g171-v4,极限脱出：零时困境,,ZERO ESCAPE 刻のジレンマ,视觉小说,推理解谜融合,多视角／密室逃脱,卡洛斯、茜、淳平,2017,PlayStation 4,Spike Chunsoft,Spike Chunsoft,主机移植,,官方版本表：Vita／3DS／Steam 2016 年 6 月 30 日；PS4 2017 年 8 月 17 日。,https://www.spike-chunsoft.co.jp/pages/zeroescape/spec/
g172,g172-v1,逆转裁判 2,,逆転裁判２,文字冒险,图文选项／调查,法庭推理／调查与举证,成步堂龙一、绫里真宵、狩魔冥,2002,Game Boy Advance,Capcom,Capcom,首发,,任天堂 GBA 发行表记载 2002 年 10 月 18 日及厂商 Capcom。,https://www.nintendo.co.jp/n08/before/02_1011.html
g172,g172-v2,逆转裁判 2,,逆転裁判２,文字冒险,图文选项／调查,法庭推理／调查与举证,成步堂龙一、绫里真宵、狩魔冥,2006,Nintendo DS,Capcom,Capcom,Best Price! 移植,,2006 年 10 月 26 日版本增加触屏／麦克风操作并附英语版本。,https://www.nintendo.co.jp/ds/software/a2gj/index.html
g173,g173-v1,逆转裁判 3,,逆転裁判３,文字冒险,图文选项／调查,法庭推理／跨时间线叙事,成步堂龙一、绫里千寻、戈德,2004,Game Boy Advance,Capcom,Capcom,首发,,任天堂 GBA 发行表记载 2004 年 1 月 23 日及厂商 Capcom。,https://www.nintendo.co.jp/n08/before/0312_0401.html
g173,g173-v2,逆转裁判 3,,逆転裁判３,文字冒险,图文选项／调查,法庭推理／跨时间线叙事,成步堂龙一、绫里千寻、戈德,2007,Nintendo DS,Capcom,Capcom,Best Price! 移植,,2007 年 8 月 23 日移植版加入触屏／麦克风操作及英语版本。,https://www.nintendo.co.jp/ds/software/yg3j/index.html
g174,g174-v1,海猫鸣泣之时,,うみねこのなく頃に,视觉小说,有声小说,孤岛推理／魔女谜题,右代宫战人、贝阿朵莉切、右代宫真里亚,2007,Windows,07th Expansion,07th Expansion,Episode 1 同人首发,,07th Expansion 官方回顾确认 2007 年推出原作有声小说；此处仅标原版第一篇。,https://07th-expansion.net/umi_saku/
g150,g150-v2,白色相簿,,WHITE ALBUM,Galgame,恋爱模拟,恋爱模拟／偶像,藤井冬弥、森川由绮、绪方理奈,2010,PlayStation 3,AQUAPLUS,AQUAPLUS,全新演出重制版,,AQUAPLUS 官方产品表记载 2010 年 6 月 24 日的 PS3 初版；新角色声优示例见官方页面。,https://aquaplus.jp/wa/product.html
g175,g175-v1,心跳回忆 2,,ときめきメモリアル2,Galgame,恋爱模拟,校园恋爱／养成模拟,阳之下光、白雪美帆,1999,PlayStation,Konami,Konami,首发,,1999 年 11 月 25 日原版，加入 EVS 角色呼名系统。,https://www.konami.com/games/tokimeki/about/index.html
g175,g175-v2,心跳回忆 2,,ときめきメモリアル2,Galgame,恋爱模拟,校园恋爱／养成模拟,阳之下光、白雪美帆,2009,PSP（游戏档案）,Konami,Konami,数字再发行,,2009 年 11 月 25 日 PS 游戏档案版；EVS 附加盘另行提供。,https://www.konami.com/games/jp/ja/products/dl_pspps3vita_tokimeki2_arch/
g176,g176-v1,心跳回忆 3：约定的那片地方,,ときめきメモリアル3～約束のあの場所で～,Galgame,恋爱模拟,校园恋爱／养成模拟,萌木野高中的学生（玩家）、牧原优纪子,2001,PlayStation 2,Konami,Konami,首发,,2001 年 12 月 20 日发行；系列第三部的 PS2 原版。,https://www.konami.com/games/tokimeki/about/index.html
g177,g177-v1,心跳回忆 4,,ときめきメモリアル4,Galgame,恋爱模拟,校园恋爱／养成模拟,星川真希、大仓都子,2009,PSP,Konami,Konami,首发,,2009 年 12 月 3 日推出 UMD 版；恋爱模拟与 EVS 呼名功能。,https://www.konami.com/games/tokimeki/4/
g178,g178-v1,恐怖惊魂夜 2：监狱岛童谣,,かまいたちの夜2 ～監獄島のわらべ唄～,视觉小说,有声小说,孤岛悬疑／多结局,矢岛透、小林真理、香山诚一,2002,PlayStation 2,Chunsoft,Chunsoft,首发,,2002 年 7 月 18 日原版；分支选择与多结局，人物以 3D 剪影呈现。,https://www.spike-chunsoft.co.jp/pages/games/kama2/info.html
g178,g178-v2,恐怖惊魂夜 2：监狱岛童谣,,かまいたちの夜2 ～監獄島のわらべ唄～,视觉小说,有声小说,孤岛悬疑／多结局,矢岛透、小林真理、香山诚一,2003,PlayStation 2,Chunsoft,Chunsoft,PlayStation 2 the Best,,2003 年 4 月 3 日再版，附赠此前限量版的制作花絮及采访影像光盘。,https://www.spike-chunsoft.co.jp/pages/games/kama2/info.html
g179,g179-v1,恐怖惊魂夜×3：三日月岛事件的真相,,かまいたちの夜×3 三日月島事件の真相,视觉小说,有声小说,多视点／悬疑推理,矢岛透、小林真理、香山诚一,2006,PlayStation 2,世嘉,世嘉,首发,,2006 年 7 月 27 日发行；多主角时间表，并收录第一、二作主要篇章。,https://www.spike-chunsoft.co.jp/pages/games/segachun/kama3.html
g179,g179-v2,恐怖惊魂夜×3：三日月岛事件的真相,,かまいたちの夜×3 三日月島事件の真相,视觉小说,有声小说,多视点／悬疑推理,矢岛透、小林真理、香山诚一,2024,Nintendo Switch,Spike Chunsoft,Spike Chunsoft,周年移植,,2024 年 9 月 19 日；增添复古文字字体与原声播放功能。,https://www.spike-chunsoft.co.jp/pages/kama3/
g179,g179-v3,恐怖惊魂夜×3：三日月岛事件的真相,,かまいたちの夜×3 三日月島事件の真相,视觉小说,有声小说,多视点／悬疑推理,矢岛透、小林真理、香山诚一,2024,PlayStation 4,Spike Chunsoft,Spike Chunsoft,周年数字移植,,2024 年 9 月 19 日数字发行；收录三部曲主要篇章。,https://www.spike-chunsoft.co.jp/pages/kama3/
g179,g179-v4,恐怖惊魂夜×3：三日月岛事件的真相,,かまいたちの夜×3 三日月島事件の真相,视觉小说,有声小说,多视点／悬疑推理,矢岛透、小林真理、香山诚一,2024,Steam,Spike Chunsoft,Spike Chunsoft,周年 PC 数字移植,,2024 年 9 月 19 日数字发行；增添复古文字字体与原声播放功能。,https://www.spike-chunsoft.co.jp/pages/kama3/
g180,g180-v1,真恐怖惊魂夜：第11位来访者,,真かまいたちの夜 11人目の訪問者,视觉小说,有声小说,雪山旅馆／悬疑推理,坂卷快人、立花京香、白河雪乃,2011,PlayStation 3,CHUNSOFT,Chunsoft,同期首发,,2011 年 12 月 17 日发售，支持多人同时推理的在线模式。,https://www.spike-chunsoft.co.jp/pages/shinkama/products/index.html
g180,g180-v2,真恐怖惊魂夜：第11位来访者,,真かまいたちの夜 11人目の訪問者,视觉小说,有声小说,雪山旅馆／悬疑推理,坂卷快人、立花京香、白河雪乃,2011,PS Vita,CHUNSOFT,Chunsoft,同期首发,,2011 年 12 月 17 日发售，另有利用掌机触控的双人模式。,https://www.spike-chunsoft.co.jp/pages/shinkama/products/index.html
g181,g181-v1,忌火起草,,忌火起草,视觉小说,有声小说,怪谈恐怖／分支剧情,牧村弘树、爱美、正人,2007,PlayStation 3,世嘉,世嘉,首发,,2007 年 10 月 25 日 BD-ROM 版；立体音效与对白配音。,https://www.spike-chunsoft.co.jp/pages/games/imabikiso/index.html
g181,g181-v2,忌火起草,,忌火起草,视觉小说,有声小说,怪谈恐怖／分支剧情,牧村弘树、爱美、正人,2008,Wii,世嘉,世嘉,《解明篇》改编移植,,2008 年 8 月 7 日《忌火起草 解明篇》；Wii 平台的改编版本，具体新增剧情仍待核。,https://www.spike-chunsoft.co.jp/pages/games/wii_imabikiso/index.html
g182,g182-v1,逆转裁判 4,,逆転裁判４,文字冒险,图文选项／调查,法庭辩论／证据调查,王泥喜法介、成步堂龙一,2007,Nintendo DS,Capcom,Capcom,首发,,2007 年 4 月 12 日；新增「看穿」证人动作、触屏与麦克风操作；少量喊话语音。,https://www.nintendo.co.jp/ds/software/agcj/index.html
g183,g183-v1,Harmonia,和声,Harmonia,视觉小说,单线视觉小说,末日科幻／人与机器的情感,雷（Rei）、希奥娜（Shiona）、缇皮（Tipi）,2016,Steam,VisualArts,VisualArt’s,英文数字首发,,2016 年英文版首发，主要角色有日语配音；日期显示存在时区差异，年份一致。,https://store.steampowered.com/app/421660/Harmonia/
g183,g183-v2,Harmonia,和声,Harmonia,视觉小说,单线视觉小说,末日科幻／人与机器的情感,雷（Rei）、希奥娜（Shiona）、缇皮（Tipi）,2017,Windows,VisualArt’s / Key,VisualArt’s、Key,日文实体版,,2017 年 5 月 26 日一般发售的日文实体版；官方此前已公告 C91 日文版。,https://key.visualarts.gr.jp/harmonia/
g183,g183-v3,Harmonia,和声,Harmonia,视觉小说,单线视觉小说,末日科幻／人与机器的情感,雷（Rei）、希奥娜（Shiona）、缇皮（Tipi）,2022,Nintendo Switch,PROTOTYPE,PROTOTYPE,全角色配音移植,,2022 年 10 月 20 日；新增雷及其他角色配音，支持日、英、简体中文。,https://www.prot.co.jp/switch/harmonia/spec.html
g183,g183-v4,Harmonia,和声,Harmonia,视觉小说,单线视觉小说,末日科幻／人与机器的情感,雷（Rei）、希奥娜（Shiona）、缇皮（Tipi）,2024,Steam,VISUAL ARTS,VisualArt’s,Full HD Edition,,2024 年 4 月 24 日；1920×1080，新增主人公及 26 名配角语音，支持日英简中。,https://store.steampowered.com/app/2699690/Harmonia_Full_HD_Edition/
g184,g184-v1,LUNARiA：虚拟月之子,,LUNARiA -Virtualized Moonchild-,视觉小说,单线视觉小说,近未来科幻／远距离恋爱,T-BIT、LUNAR-Q,2021,Windows,VisualArt’s / Key,VisualArt’s、Key,日文首发,,2021 年 12 月 24 日；日文 Windows 版。,https://key.visualarts.gr.jp/kinetic/lunaria/
g184,g184-v2,LUNARiA：虚拟月之子,,LUNARiA -Virtualized Moonchild-,视觉小说,单线视觉小说,近未来科幻／远距离恋爱,T-BIT、LUNAR-Q,2022,Android,VisualArt’s / Key,VisualArt’s、Key,移动移植,,官方于 2022 年 2 月 24 日公告 Android 版配信，适配手机阅读。,https://key.visualarts.gr.jp/kinetic/lunaria/
g184,g184-v3,LUNARiA：虚拟月之子,,LUNARiA -Virtualized Moonchild-,视觉小说,单线视觉小说,近未来科幻／远距离恋爱,T-BIT、LUNAR-Q,2022,iOS,VisualArt’s / Key,VisualArt’s、Key,移动移植,,官方于 2022 年 2 月 24 日公告 iOS 版配信；与 PC 原版分开记录。,https://key.visualarts.gr.jp/kinetic/lunaria/
g184,g184-v4,LUNARiA：虚拟月之子,,LUNARiA -Virtualized Moonchild-,视觉小说,单线视觉小说,近未来科幻／远距离恋爱,T-BIT、LUNAR-Q,2024,Nintendo Switch,PROTOTYPE,PROTOTYPE,多语言主机移植,,2024 年 2 月 22 日；日英简中三种文本与日语全配音。,https://www.prot.co.jp/switch/lunaria/index.html
g184,g184-v5,LUNARiA：虚拟月之子,,LUNARiA -Virtualized Moonchild-,视觉小说,单线视觉小说,近未来科幻／远距离恋爱,T-BIT、LUNAR-Q,2024,Steam,VISUAL ARTS,VisualArt’s,多语言数字版,,2024 年 8 月 30 日；全高清，日英简中三种文本，支持触控操作。,https://store.steampowered.com/app/2983260/LUNARiA_Virtualized_Moonchild/
g185,g185-v1,星之梦：雪圈球,,planetarian ～雪圏球～,视觉小说,单线视觉小说,科幻／机器人／前日谈,星野梦美、仓桥里美,2021,Windows,VisualArt’s / Key,VisualArt’s、Key,前传首发／Ultimate Edition,,2021 年 9 月 3 日；作为合集第二张游戏盘提供，也可单独下载购买。,https://key.visualarts.gr.jp/product/planetarian/ul_edition/
g185,g185-v2,星之梦：雪圈球,,planetarian ～雪圏球～,视觉小说,单线视觉小说,科幻／机器人／前日谈,星野梦美、仓桥里美,2024,Nintendo Switch,PROTOTYPE,PROTOTYPE,主机移植／双作合集,,2024 年 6 月 27 日；单独数字版或与本篇同捆，日英法简繁五种文本。,https://www.prot.co.jp/switch/planetarianlpsg/index.html
g185,g185-v3,星之梦：雪圈球,,planetarian ～雪圏球～,视觉小说,单线视觉小说,科幻／机器人／前日谈,星野梦美、仓桥里美,2025,Steam,VISUAL ARTS,VisualArt’s,多语言数字版,,2025 年 4 月 30 日；日语全配音、五种文本，支持 Dolby Atmos 双耳音频音乐。,https://store.steampowered.com/app/2983350/
g186,g186-v1,天籁人偶：冬空花火／雪华文样,,プリマドール 冬空花火／雪華文様,视觉小说,单线视觉小说,战争余波／自律人偶／双篇前传,灰樱、鸦羽、莉莉娅、远间凪,2023,Windows,VisualArt’s / Key,VisualArt’s、Key,首发,,2023 年 4 月 28 日；将灰樱、鸦羽前传改编为 Kinetic Novel。,https://primadoll.jp/kineticnovel/01/index.html
g187,g187-v1,天籁人偶：无名典礼,,プリマドール 無名典礼,视觉小说,单线视觉小说,战争／逃亡／人偶前传,箒星、无名皇军士兵,2024,Windows,VisualArt’s / Key,VisualArt’s、Key,首发,,2024 年 5 月 31 日；Windows 日文 Kinetic Novel，与第一卷剧情独立。,https://primadoll.jp/kineticnovel/02/index.html
g188,g188-v1,虹彩都市,,虹彩都市,视觉小说,单线视觉小说,AR 科幻／网络犯罪／记忆,喰木紫苑、一华百花、乙原琉璃乃,2025,Windows,VisualArt’s / Key,VisualArt’s、Key,首发,,2025 年 11 月 28 日；日文全年龄 Kinetic Novel。,https://key.visualarts.gr.jp/kinetic/augment_protocol/
g189,g189-v1,anemoi,风神,anemoi -アネモイ-,视觉小说,恋爱剧情,乡镇生活／约定／恋爱,速川麦、速川六花、辻仓朱比华,2026,Windows,VisualArt’s / Key,VisualArt’s、Key,首发,,2026 年 4 月 24 日；Windows 11 日文恋爱冒险，实体初回版与下载版。,https://key.visualarts.gr.jp/anemoi/spec.html
g190,g190-v1,CLANNAD：光守护的坡道,,CLANNAD 光見守る坂道で,视觉小说,单线视觉小说,校园／家庭／外传短篇集,古河渚、冈崎朋也、藤林杏、坂上智代,2008,功能手机（DoCoMo／SoftBank）,VisualArt’s（ビジュアルアーツ★Motto）,VisualArt’s,手机小说连载,,2008 年 1 月官方公告已配信至第二话；后续逐篇发布，不能视作 16 篇同时首发。,https://key.visualarts.gr.jp/info/2008/01/post_4.html
g190,g190-v2,CLANNAD：光守护的坡道,,CLANNAD 光見守る坂道で,视觉小说,单线视觉小说,校园／家庭／外传短篇集,古河渚、冈崎朋也、藤林杏、坂上智代,2010,PSP,PROTOTYPE,PROTOTYPE,上卷,,2010 年 6 月 3 日；前八篇故事，以文本、插图及广播剧演出组成视觉有声小说。,https://www.prot.co.jp/psp/clannad_hikari/
g190,g190-v3,CLANNAD：光守护的坡道,,CLANNAD 光見守る坂道で,视觉小说,单线视觉小说,校园／家庭／外传短篇集,古河渚、冈崎朋也、藤林杏、坂上智代,2010,PSP,PROTOTYPE,PROTOTYPE,下卷,,2010 年 7 月 15 日；后八篇故事，和上卷共同构成 16 篇外传。,https://www.prot.co.jp/psp/clannad_hikari/
g190,g190-v4,CLANNAD：光守护的坡道,,CLANNAD 光見守る坂道で,视觉小说,单线视觉小说,校园／家庭／外传短篇集,古河渚、冈崎朋也、藤林杏、坂上智代,2016,Steam,Sekai Project,Sekai Project,英文数字版,,2016 年 6 月 2 日；CLANNAD Side Stories，高清素材、英文文本与日语语音。,https://store.steampowered.com/app/420100/CLANNAD_Side_Stories/
g190,g190-v5,CLANNAD：光守护的坡道,,CLANNAD 光見守る坂道で,视觉小说,单线视觉小说,校园／家庭／外传短篇集,古河渚、冈崎朋也、藤林杏、坂上智代,2021,Nintendo Switch,PROTOTYPE,PROTOTYPE,双语主机版,,2021 年 5 月 20 日；完整 16 篇，日英文本与日语全配音。,https://www.prot.co.jp/switch/clannadss/spec.html
g145,g145-v3,Little Busters!,小小克星！,リトルバスターズ！,Galgame,恋爱剧情冒险,恋爱冒险／校园友情,直枝理树、枣恭介、枣铃,2008,Windows,VisualArt’s / Key,VisualArt’s、Key,Ecstasy（EX）增强成人版,,2008 年 7 月 25 日初回版；扩充角色路线的成人增强版，合并在原作作品下。,https://key.visualarts.gr.jp/product/little_ex/
g145,g145-v4,Little Busters!,小小克星！,リトルバスターズ！,Galgame,恋爱剧情冒险,恋爱冒险／校园友情,直枝理树、枣恭介、枣铃,2020,Nintendo Switch,PROTOTYPE,PROTOTYPE,Converted Edition,,2020 年 4 月 23 日；日英双语，保留扩充路线与小游戏，调整为家用机内容。,https://www.prot.co.jp/switch/lbc_en/index.html
g148,g148-v5,LOOPERS,轮回者,LOOPERS,视觉小说,单线视觉小说,单线小说／时间循环,平良、米娅、西蒙,2025,Windows,VisualArt’s / Key,VisualArt’s、Key,LOOPERS PLUS,,2025 年 10 月 24 日；新增人物故事、后日谈、十余张 CG 及新音乐，作为原作增强版。,https://key.visualarts.gr.jp/kinetic/loopersplus/
g032,g032-v3,星之梦,,planetarian ～ちいさなほしのゆめ～,视觉小说,单线视觉小说,单线剧情／科幻,星野梦美、废墟猎人（屑屋）,2021,Windows,VisualArt’s / Key,VisualArt’s、Key,Ultimate Edition 合集本篇,,2021 年 9 月 3 日；合集包含本篇与《雪圈球》两张游戏盘，本条指本篇。,https://key.visualarts.gr.jp/product/planetarian/ul_edition/
g032,g032-v4,星之梦,,planetarian ～ちいさなほしのゆめ～,视觉小说,单线视觉小说,单线剧情／科幻,星野梦美、废墟猎人（屑屋）,2024,Nintendo Switch,PROTOTYPE,PROTOTYPE,本篇与《雪圈球》合集,,2024 年 6 月 27 日；日英法简繁五种文本、全配音。本条对应合集内的本篇。,https://www.prot.co.jp/switch/planetarianlpsg/index.html
g147,g147-v3,Summer Pockets,夏日口袋,Summer Pockets,Galgame,恋爱剧情冒险,恋爱冒险／海岛夏日,鹰原羽依里、鸣濑白羽,2019,Nintendo Switch,PROTOTYPE,PROTOTYPE,原版主机移植,,2019 年 6 月 20 日；移植 2018 年原作，后来可通过追加内容扩充为 RB。,https://www.prot.co.jp/switch/
g147,g147-v4,Summer Pockets,夏日口袋,Summer Pockets,Galgame,恋爱剧情冒险,恋爱冒险／海岛夏日,鹰原羽依里、鸣濑白羽,2021,Nintendo Switch,PROTOTYPE,PROTOTYPE,REFLECTION BLUE 增强移植,,2021 年 7 月 1 日；扩充女主角路线，亦提供原版追加 RB 模式的 DLC。,https://www.prot.co.jp/switch/summerpocketsrb/spec.html
g147,g147-v5,Summer Pockets,夏日口袋,Summer Pockets,Galgame,恋爱剧情冒险,恋爱冒险／海岛夏日,鹰原羽依里、鸣濑白羽,2022,PlayStation 4,PROTOTYPE,PROTOTYPE,REFLECTION BLUE 增强移植,,2022 年 7 月 21 日；PS4 的 RB 版，角色全配音，主人公仅部分段落有声。,https://www.prot.co.jp/ps4/summerpocketsrb/spec.html
g149,g149-v2,星之终途,,終のステラ,视觉小说,单线视觉小说,单线小说／末日科幻,裘德·格雷、菲莉娅,2024,Nintendo Switch,PROTOTYPE,PROTOTYPE,多语言主机移植,,2024 年 12 月 5 日；日英简中三种文本和日语全配音。,https://www.prot.co.jp/switch/stella/index.html
g191,g191-v1,雾上的伊拉斯谟,,霧上のエラスムス -The Erasmus two-faced stories-,视觉小说,推理解谜融合,密室悬疑／群像／平行世界,梅尔·罗兹、奈莉·罗兹、米歇尔·博林杰、白发少女,2011,Windows,Novectacle,NOVECT,主篇首发,无角色配音,2011 年作品；原版主篇免费、背面篇另售；以同一洋馆谜案展开两面叙事。原始具体发售日尚待核实。,https://novect.net/erasmus.html
g191,g191-v2,雾上的伊拉斯谟,,霧上のエラスムス -The Erasmus two-faced stories-,视觉小说,推理解谜融合,密室悬疑／群像／平行世界,梅尔·罗兹、奈莉·罗兹、米歇尔·博林杰、白发少女,2014,Windows,Novectacle,NOVECT,完整版免费公开,无角色配音,2014 年 2 月 14 日起，原先单独销售的背面故事并入全篇免费版。,https://novect.net/erasmus.html
g191,g191-v3,雾上的伊拉斯谟,,霧上のエラスムス -The Erasmus two-faced stories-,视觉小说,推理解谜融合,密室悬疑／群像／平行世界,梅尔·罗兹、奈莉·罗兹、米歇尔·博林杰、白发少女,2020,Windows,NOVECT,NOVECT,Novectacle Collection 合集重制,,2020 年合集收录主篇与背面篇；官方说明全四作均翻新并提供最高 4K 画质。,https://booth.pm/ja/items/1956908
g192,g192-v1,海市蜃楼之馆,,ファタモルガーナの館 / The House in Fata Morgana,视觉小说,剧情分支／冒险,哥特悬疑／悲剧／多结局,米歇尔·博林杰、吉赛尔、摩尔甘娜、白发少女,2012,Windows,Novectacle,NOVECT,同人版首发,无角色配音,2012 年末发行的日文原作；以音乐和歌曲烘托叙事，未将演唱计作角色对话配音。确切日暂待独立原始资料复核。,https://www.cs.furyu.jp/kataruhito/fatamorgana/
g192,g192-v2,海市蜃楼之馆,,ファタモルガーナの館 / The House in Fata Morgana,视觉小说,剧情分支／冒险,哥特悬疑／悲剧／多结局,米歇尔·博林杰、吉赛尔、摩尔甘娜、白发少女,2016,Steam（Windows）,MangaGamer,MangaGamer,英文数字版,无角色配音,2016 年 5 月 13 日上市，由 MangaGamer 在 Steam 发行英文版。,https://store.steampowered.com/app/303310/The_House_in_Fata_Morgana/
g192,g192-v3,海市蜃楼之馆,,ファタモルガーナの館 / The House in Fata Morgana,视觉小说,剧情分支／冒险,哥特悬疑／悲剧／多结局,米歇尔·博林杰、吉赛尔、摩尔甘娜、白发少女,2017,PlayStation Vita,dramatic create,dramatic create,Collected Edition 主机合集,,2017 年 3 月 16 日日本版；包含本篇、外传及新增“现代篇”，仅新增现代篇的角色台词有配音。,https://dramaticcreate.com/fatamorgana/product_vita.html
g192,g192-v4,海市蜃楼之馆,,ファタモルガーナの館 / The House in Fata Morgana,视觉小说,剧情分支／冒险,哥特悬疑／悲剧／多结局,米歇尔·博林杰、吉赛尔、摩尔甘娜、白发少女,2019,PlayStation 4,dramatic create,dramatic create,Dreams of the Revenants Edition,,2019 年 10 月 24 日日本版；合集收录本篇、外传和现代篇，角色台词配音仅在现代篇。,https://dramaticcreate.com/fatamorgana/product.html
g192,g192-v5,海市蜃楼之馆,,ファタモルガーナの館 / The House in Fata Morgana,视觉小说,剧情分支／冒险,哥特悬疑／悲剧／多结局,米歇尔·博林杰、吉赛尔、摩尔甘娜、白发少女,2020,Windows,NOVECT,NOVECT,Novectacle Collection 合集重制,,2020 年官方作品合集以翻新画面提供本篇，最高支持 4K；与 2017 年主机新增的现代篇并非同一合集。,https://booth.pm/ja/items/1956908
g192,g192-v6,海市蜃楼之馆,,ファタモルガーナの館 / The House in Fata Morgana,视觉小说,剧情分支／冒险,哥特悬疑／悲剧／多结局,米歇尔·博林杰、吉赛尔、摩尔甘娜、白发少女,2021,Nintendo Switch,dramatic create,dramatic create,Dreams of the Revenants Edition,,2021 年 3 月 25 日日本版；内容与 PS4 版一致，角色台词配音仅限现代篇。,https://dramaticcreate.com/fatamorgana/product.html
g193,g193-v1,第七境,,セブンスコート / Seventh Lair,视觉小说,单线视觉小说,网络叙事／元幻想／平行世界,Dark†Knight、J.B、女性粉丝,2013,Windows／联动网站,Novectacle,NOVECT,网页联动免费短篇首发,无角色配音,2013 年愚人节公开；无选项的视觉小说，配套虚构作者网站与论坛；投稿页 2013 年 4 月 21 日上线。,https://freegame-mugen.jp/adventure/game_2181.html
g193,g193-v2,第七境,,セブンスコート / Seventh Lair,视觉小说,单线视觉小说,网络叙事／元幻想／平行世界,Dark†Knight、J.B、女性粉丝,2020,Windows,NOVECT,NOVECT,Novectacle Collection 合集重制,,2020 年四作合集收录《第七境》，官方称全部作品翻新并支持最高 4K。,https://booth.pm/ja/items/1956908
g193,g193-v3,第七境,,セブンスコート / Seventh Lair,视觉小说,单线视觉小说,网络叙事／元幻想／平行世界,Dark†Knight、J.B、女性粉丝,2022,Steam（Windows／macOS）,MangaGamer / WhisperGames,MangaGamer、WhisperGames,Seventh Lair 英文商业版,无角色配音,2022 年 3 月 31 日发行；官方英语商品页明确为平行世界视觉小说。,https://store.steampowered.com/app/1909810/Seventh_Lair/
g193,g193-v4,第七境,,セブンスコート / Seventh Lair,视觉小说,单线视觉小说,网络叙事／元幻想／平行世界,Dark†Knight、J.B、女性粉丝,2023,Nintendo Switch,MangaGamer,MangaGamer,Seventh Lair Remastered 主机版,,2023 年 2 月 9 日上线；日英法中多语言文本，移植 2020 年重制版。,https://www.nintendo.com/en-gb/Games/Nintendo-Switch-download-software/Seventh-Lair-2331996.html
g194,g194-v1,海市蜃楼之馆：无罪者的安魂曲,,ファタモルガーナの館 -Another Episode- / A Requiem for Innocence,视觉小说,单线视觉小说,哥特悲剧／前传／外传短篇集,雅各布·贝尔扎迪、摩尔甘娜、米歇尔·博林杰,2015,Windows,Novectacle,NOVECT,Another Episode 外传首发,无角色配音,2015 年 8 月 31 日可核实的 Windows 数字版；核心前传并附后日谈、Ascent of the Deli 等短篇。,https://dlsoft.dmm.com/detail/ihobe_0026/
g194,g194-v2,海市蜃楼之馆：无罪者的安魂曲,,ファタモルガーナの館 -Another Episode- / A Requiem for Innocence,视觉小说,单线视觉小说,哥特悲剧／前传／外传短篇集,雅各布·贝尔扎迪、摩尔甘娜、米歇尔·博林杰,2017,PlayStation Vita,dramatic create,dramatic create,Collected Edition 合集收录,无角色配音,2017 年 3 月 16 日日本版；收录外传，主机新增现代篇的配音不属于此前传外传内容。,https://dramaticcreate.com/fatamorgana/product_vita.html
g194,g194-v3,海市蜃楼之馆：无罪者的安魂曲,,ファタモルガーナの館 -Another Episode- / A Requiem for Innocence,视觉小说,单线视觉小说,哥特悲剧／前传／外传短篇集,雅各布·贝尔扎迪、摩尔甘娜、米歇尔·博林杰,2018,Steam（Windows）,MangaGamer,MangaGamer,A Requiem for Innocence 英文版,无角色配音,2018 年 5 月 17 日上架，商品语言页的 Full Audio 栏均未标记。,https://store.steampowered.com/app/804700/The_House_in_Fata_Morgana_A_Requiem_for_Innocence/
g194,g194-v4,海市蜃楼之馆：无罪者的安魂曲,,ファタモルガーナの館 -Another Episode- / A Requiem for Innocence,视觉小说,单线视觉小说,哥特悲剧／前传／外传短篇集,雅各布·贝尔扎迪、摩尔甘娜、米歇尔·博林杰,2019,PlayStation 4,dramatic create,dramatic create,Dreams of the Revenants Edition 合集收录,无角色配音,2019 年 10 月 24 日日本主机合集收录此前传；现代篇独有角色配音。,https://dramaticcreate.com/fatamorgana/product.html
g194,g194-v5,海市蜃楼之馆：无罪者的安魂曲,,ファタモルガーナの館 -Another Episode- / A Requiem for Innocence,视觉小说,单线视觉小说,哥特悲剧／前传／外传短篇集,雅各布·贝尔扎迪、摩尔甘娜、米歇尔·博林杰,2020,Windows,NOVECT,NOVECT,Novectacle Collection 合集重制,,2020 年合集收录外传及 Ascent of the Deli、Happily Ever After 等附篇，最高支持 4K。,https://booth.pm/ja/items/1956908
g194,g194-v6,海市蜃楼之馆：无罪者的安魂曲,,ファタモルガーナの館 -Another Episode- / A Requiem for Innocence,视觉小说,单线视觉小说,哥特悲剧／前传／外传短篇集,雅各布·贝尔扎迪、摩尔甘娜、米歇尔·博林杰,2021,Nintendo Switch,dramatic create,dramatic create,Dreams of the Revenants Edition 合集收录,无角色配音,2021 年 3 月 25 日日本版；承袭 PS4 合集内容，角色配音只在另附的现代篇。,https://dramaticcreate.com/fatamorgana/product.html
g192,g192-v7,海市蜃楼之馆,,ファタモルガーナの館 / The House in Fata Morgana,视觉小说,剧情分支／冒险,哥特悬疑／悲剧／多结局,米歇尔·博林杰、吉赛尔、摩尔甘娜、白发少女,2016,Nintendo 3DS,FuRyu,FuRyu,カタルヒト系列移植,,2016 年 7 月 27 日在日本 3DS eShop 发布的独立作品移植；与后来收外传和现代篇的主机合集不同。,https://www.cs.furyu.jp/kataruhito/fatamorgana/
g195,g195-v1,おやばけ！：洋馆假日,洋馆假日：小妖怪！,おやばけ！ / Oyabake! - Oyashiki Vacation,视觉小说,单线视觉小说,喜剧／官方衍生短篇／群像,米歇尔·博林杰、梅尔·罗兹、奈莉·罗兹,2011,Windows,Novectacle,NOVECT,独立免费短篇首发,,官方定义为约 20 分钟的视觉有声小说，使用吉里吉里引擎。2014 年同期报道回溯前作于三年前公开，故登记 2011 年；精确日期待原始公告复核。,https://forest.watch.impress.co.jp/docs/serial/indiedigest/665082.html
g196,g196-v1,海市蜃楼之馆：人气投票结果发表,,ファタモルガーナの館 - 人気投票 / 人気投票 結果発表用ミニゲーム,视觉小说,单线视觉小说,喜剧／官方衍生短篇／群像,雅各布·贝尔扎迪、米歇尔·博林杰、摩尔甘娜,2013,Windows,Novectacle,NOVECT,独立免费短篇首发,,官网确认结果发表小游戏已发布，区别于同页另列的网页短篇小说。2013 年依据资料库记录；官网旧页页脚 2014 年版权文字不作为首发年。官网戏谑配音宣传未足以核实实际角色配音。,https://bangumi.tv/subject/352893
g197,g197-v1,おやばけ！2：洋馆假日2,洋馆假日2：小妖怪再来！,おやばけ！2 / Oyabake! 2,视觉小说,单线视觉小说,喜剧／官方衍生短篇／群像,摩尔甘娜、奈莉·罗兹、雅各布·贝尔扎迪,2014,Windows,Novectacle,NOVECT,独立免费短篇首发,,官方标为约 30 分钟的视觉有声小说；2014 年 9 月 4 日同期报道已确认免费公开。独立续作，非第一作的平台移植。,https://forest.watch.impress.co.jp/docs/serial/indiedigest/665082.html
g198,g198-v1,胡萝卜蛋糕：人格洗牌事件,,キャロットケーキ 人格シャッフル事件 / Carrot Cake Soul-Shuffling Incident,视觉小说,单线视觉小说,喜剧／官方衍生短篇／群像,米歇尔·博林杰、奈莉·罗兹、幸正、摩尔甘娜,2015,Windows,Novectacle,NOVECT,独立免费短篇首发,,2015 年愚人节企划，官网伪装成蔬菜商店并提供短篇游戏下载。此前误把蔬菜主题网页当作非叙事小游戏，现纠正为独立视觉小说。原始日文版与官网英文下载的公开时间分开核实。,https://vnclub.org/vn/v24294/
g199,g199-v1,海市蜃楼之馆：人气投票结果发表2,,ファタモルガーナの館 - 人気投票2 / 人気投票 結果発表用ミニゲーム Part 2,视觉小说,单线视觉小说,喜剧／官方衍生短篇／群像,雅各布·贝尔扎迪、米歇尔·博林杰、摩尔甘娜、吉赛尔,2016,Windows,Novectacle,NOVECT,独立免费短篇首发,,现据 Bangumi 条目及关联记录登记 2016 年（记录日期为 8 月 21 日），尚待原始发行公告复核；不是 novect.net/ranking2.html，该地址实际为第一次投票的结果页。,https://bangumi.tv/subject/352894
g200,g200-v1,ATRI -My Dear Moments-,亚托莉：我最珍贵的时光,ATRI -My Dear Moments-,视觉小说,恋爱剧情,近未来／机器人／青春,斑鸠夏生、亚托莉、神白水菜萌、野岛龙司、凯瑟琳,2020,Windows,ANIPLEX.EXE,ANIPLEX.EXE,PC 数字版首发,,2020 年 6 月 19 日（日本时间）在 Steam 等商店发行；可阅读日语、英语、简体中文及繁体中文。游戏角色配音见官网人物页。,https://aniplex-exe.com/news/?category=aniplex-exe&id=54285
g200,g200-v2,ATRI -My Dear Moments-,亚托莉：我最珍贵的时光,ATRI -My Dear Moments-,视觉小说,恋爱剧情,近未来／机器人／青春,斑鸠夏生、亚托莉、神白水菜萌、野岛龙司、凯瑟琳,2021,Nintendo Switch,iMel株式会社,iMel株式会社,PC 移植版,,2021 年 12 月 16 日发行；iMel 负责移植开发及销售，官方确认正篇内容与 PC 版相同。,https://aniplex-exe.com/news/?category=aniplex-exe&id=59279
g200,g200-v3,ATRI -My Dear Moments-,亚托莉：我最珍贵的时光,ATRI -My Dear Moments-,视觉小说,恋爱剧情,近未来／机器人／青春,斑鸠夏生、亚托莉、神白水菜萌、野岛龙司、凯瑟琳,2021,iOS,iMel株式会社,iMel株式会社,PC 移植版,,2021 年 12 月 16 日发行；iMel 负责移植开发及销售，官方确认正篇内容与 PC 版相同。,https://aniplex-exe.com/news/?category=aniplex-exe&id=59279
g200,g200-v4,ATRI -My Dear Moments-,亚托莉：我最珍贵的时光,ATRI -My Dear Moments-,视觉小说,恋爱剧情,近未来／机器人／青春,斑鸠夏生、亚托莉、神白水菜萌、野岛龙司、凯瑟琳,2021,Android,iMel株式会社,iMel株式会社,PC 移植版,,2021 年 12 月 16 日发行；iMel 负责移植开发及销售，官方确认正篇内容与 PC 版相同。,https://aniplex-exe.com/news/?category=aniplex-exe&id=59279
g201,g201-v1,徒花异谭,,徒花異譚 / Adabana Odd Tales,视觉小说,剧情分支／冒险,和风奇幻／童话／悬疑,白姬、黑笔、乙姬、瓜子姬、桃太郎,2020,Windows,ANIPLEX.EXE,ANIPLEX.EXE,PC 数字版首发,,2020 年 6 月 19 日（日本时间）在 Steam 等商店发行；可阅读日语、英语、简体中文及繁体中文。游戏角色配音见官网人物页。,https://aniplex-exe.com/news/?category=aniplex-exe&id=54285
g201,g201-v2,徒花异谭,,徒花異譚 / Adabana Odd Tales,视觉小说,剧情分支／冒险,和风奇幻／童话／悬疑,白姬、黑笔、乙姬、瓜子姬、桃太郎,2021,Nintendo Switch,iMel株式会社,iMel株式会社,PC 移植版,,2021 年 12 月 16 日发行；iMel 负责移植开发及销售，官方确认正篇内容与 PC 版相同。,https://aniplex-exe.com/news/?category=aniplex-exe&id=59279
g201,g201-v3,徒花异谭,,徒花異譚 / Adabana Odd Tales,视觉小说,剧情分支／冒险,和风奇幻／童话／悬疑,白姬、黑笔、乙姬、瓜子姬、桃太郎,2021,iOS,iMel株式会社,iMel株式会社,PC 移植版,,2021 年 12 月 16 日发行；iMel 负责移植开发及销售，官方确认正篇内容与 PC 版相同。,https://aniplex-exe.com/news/?category=aniplex-exe&id=59279
g201,g201-v4,徒花异谭,,徒花異譚 / Adabana Odd Tales,视觉小说,剧情分支／冒险,和风奇幻／童话／悬疑,白姬、黑笔、乙姬、瓜子姬、桃太郎,2021,Android,iMel株式会社,iMel株式会社,PC 移植版,,2021 年 12 月 16 日发行；iMel 负责移植开发及销售，官方确认正篇内容与 PC 版相同。,https://aniplex-exe.com/news/?category=aniplex-exe&id=59279
g202,g202-v1,ヒラヒラヒヒル,风烂之舞,ヒラヒラヒヒル / Hira Hira Hihiru,视觉小说,剧情分支／冒险,架空大正／医学／社会群像,千种正光、天间武雄、加鸟周平、常见明子,2023,Windows,ANIPLEX.EXE,ANIPLEX.EXE,PC 数字版首发,,2023 年 11 月 17 日发行，Steam、DMM GAMES、DLsite 同属 Windows PC 销售渠道；官网人物页标注游戏声优。,https://aniplex-exe.com/news/?category=hirahirahihiru&id=64177
g203,g203-v1,播种之谣,,たねつみの歌 / Seedsow Lullaby,视觉小说,单线视觉小说,家族／跨时空／神话奇幻,みすず、陽子、ツムギ、ヒルコ,2024,Windows,ANIPLEX.EXE,ANIPLEX.EXE,PC 数字版首发,,2024 年 12 月 13 日发行；Windows 版可经 Steam、DMM GAMES、DLsite 获取；官网明确无分支与选项。,https://tanetsumi.aniplex-exe.com/
g203,g203-v2,播种之谣,,たねつみの歌 / Seedsow Lullaby,视觉小说,单线视觉小说,家族／跨时空／神话奇幻,みすず、陽子、ツムギ、ヒルコ,2024,网页浏览器,ANIPLEX.EXE,ANIPLEX.EXE,DMM GAMES 浏览器版,,2024 年 12 月 20 日上线，无须下载安装；发行署名按官网品牌暂归档，DMM GAMES 为所列销售平台。,https://tanetsumi.aniplex-exe.com/news/?id=66860
g203,g203-v3,播种之谣,,たねつみの歌 / Seedsow Lullaby,视觉小说,单线视觉小说,家族／跨时空／神话奇幻,みすず、陽子、ツムギ、ヒルコ,2025,Nintendo Switch,ANIPLEX.EXE,ANIPLEX.EXE,PC 移植版,,2025 年 5 月 1 日发行，提供免费体验版，完整版单独购买。官网将游戏制作列为 ANIPLEX.EXE；移植程序开发由 iMel 承担。,https://aniplex-exe.com/news/?category=tanetsumi&id=67599
g203,g203-v4,播种之谣,,たねつみの歌 / Seedsow Lullaby,视觉小说,单线视觉小说,家族／跨时空／神话奇幻,みすず、陽子、ツムギ、ヒルコ,2025,iOS,Aniplex Inc.,Aniplex,PC 移植版,,2025 年 5 月 1 日发行，剧情开头免费下载，后续章节需应用内购买解锁。移动商店发行账号为 Aniplex Inc.；iMel 负责程序开发。,https://apps.apple.com/jp/app/%E3%81%9F%E3%81%AD%E3%81%A4%E3%81%BF%E3%81%AE%E6%AD%8C/id6741062807
g203,g203-v5,播种之谣,,たねつみの歌 / Seedsow Lullaby,视觉小说,单线视觉小说,家族／跨时空／神话奇幻,みすず、陽子、ツムギ、ヒルコ,2025,Android,Aniplex Inc.,Aniplex,PC 移植版,,2025 年 5 月 1 日发行，剧情开头免费下载，后续章节需应用内购买解锁。移动商店发行账号为 Aniplex Inc.；iMel 负责程序开发。,https://play.google.com/store/apps/details?id=com.aniplex.tanetsumi
g204,g204-v1,恋爱与选举与巧克力,,"恋と選挙とチョコレート / Love, Election & Chocolate",Galgame,恋爱剧情冒险,校园政治／恋爱／社团,大岛裕树、住吉千里、木场美冬、东云皐月、青海衣更、森下未散,2010,Windows,sprite,sprite,原作首发,,2010 年 10 月 29 日推出的 PC 恋爱冒险原版；食品研究部与学生会选举为主线。,https://sprite.net/koichoco/
g204,g204-v2,恋爱与选举与巧克力,,"恋と選挙とチョコレート / Love, Election & Chocolate",Galgame,恋爱剧情冒险,校园政治／恋爱／社团,大岛裕树、住吉千里、木场美冬、东云皐月、青海衣更、森下未散,2012,PlayStation Portable,KADOKAWA,KADOKAWA,Portable 移植,,2012 年 9 月 27 日发售；依据 PSP 发行方的产品页面登记，与原作共用作品记录。,https://www.kadokawa.co.jp/product/game1624/
g204,g204-v3,恋爱与选举与巧克力,,"恋と選挙とチョコレート / Love, Election & Chocolate",Galgame,恋爱剧情冒险,校园政治／恋爱／社团,大岛裕树、住吉千里、木场美冬、东云皐月、青海衣更、森下未散,2025,Windows（Steam）,NekoNyan Ltd. / HIKARI FIELD,NekoNyan Ltd.、HIKARI FIELD,Steam 本地化发行,,2025 年 3 月 28 日上架；多语言数字发行，Steam 发行署名为 NekoNyan Ltd. 与 HIKARI FIELD。,https://store.steampowered.com/app/3027600/
g205,g205-v1,苍之彼方的四重奏,,蒼の彼方のフォーリズム / Aokana - Four Rhythms Across the Blue,Galgame,恋爱剧情冒险,飞行竞技／校园／恋爱,日向晶也、仓科明日香、鸢泽美咲、有坂真白、市之濑莉佳,2014,Windows,sprite,sprite,原作首发,,2014 年 11 月 28 日发行的 PC 本篇；角色路线与 Flying Circus 比赛构成主线。,https://sprite.net/aokana/10thanniversary
g205,g205-v2,苍之彼方的四重奏,,蒼の彼方のフォーリズム / Aokana - Four Rhythms Across the Blue,Galgame,恋爱剧情冒险,飞行竞技／校园／恋爱,日向晶也、仓科明日香、鸢泽美咲、有坂真白、市之濑莉佳,2016,PlayStation Vita,sprite,sprite,主机移植,,2016 年 2 月 25 日发售；PS Vita 版增加四位女主角的事件 CG、主题曲与插入曲、片头影片及时钟模式。,https://blog.ja.playstation.com/?p=6345
g205,g205-v3,苍之彼方的四重奏,,蒼の彼方のフォーリズム / Aokana - Four Rhythms Across the Blue,Galgame,恋爱剧情冒险,飞行竞技／校园／恋爱,日向晶也、仓科明日香、鸢泽美咲、有坂真白、市之濑莉佳,2017,PlayStation 4,RIGHTWAY,RIGHTWAY,HD EDITION,,2017 年 1 月 25 日发售；官方标注 Full HD 画面与主机版事件内容。,https://store.playstation.com/ja-jp/product/JP0549-CUSA06588_00-AOKANAHD00000001
g205,g205-v4,苍之彼方的四重奏,,蒼の彼方のフォーリズム / Aokana - Four Rhythms Across the Blue,Galgame,恋爱剧情冒险,飞行竞技／校园／恋爱,日向晶也、仓科明日香、鸢泽美咲、有坂真白、市之濑莉佳,2018,Nintendo Switch,sprite,sprite,主机移植,,2018 年 3 月 29 日推出；保留主机版专用剧情场景，并支持 Switch 操作。,https://www.geestore.com/geepress/pdf/geepress131.pdf
g205,g205-v5,苍之彼方的四重奏,,蒼の彼方のフォーリズム / Aokana - Four Rhythms Across the Blue,Galgame,恋爱剧情冒险,飞行竞技／校园／恋爱,日向晶也、仓科明日香、鸢泽美咲、有坂真白、市之濑莉佳,2019,Windows（Steam）,NekoNyan Ltd. / HIKARI FIELD,NekoNyan Ltd.、HIKARI FIELD,Steam 本地化发行,,2019 年 9 月 27 日推出；商店标有日语完整角色语音，字幕有英语、简体及繁体中文。,https://store.steampowered.com/app/1044620/
g206,g206-v1,苍之彼方的四重奏 EXTRA1,,蒼の彼方のフォーリズム EXTRA1 / Aokana EXTRA1,Galgame,恋爱剧情冒险,恋爱后日谈／校园,有坂真白、日向晶也、有坂牡丹、仓科明日香、鸢泽美咲,2017,Windows,sprite,sprite,EXTRA1 首发,,2017 年 6 月 30 日发售的真白路线后日谈；日期待 sprite 原始发行公告复核。,https://sprite.net/aokana/extra1
g206,g206-v2,苍之彼方的四重奏 EXTRA1,,蒼の彼方のフォーリズム EXTRA1 / Aokana EXTRA1,Galgame,恋爱剧情冒险,恋爱后日谈／校园,有坂真白、日向晶也、有坂牡丹、仓科明日香、鸢泽美咲,2020,Windows（Steam）,NekoNyan Ltd. / HIKARI FIELD,NekoNyan Ltd.、HIKARI FIELD,Steam 本地化发行,,2020 年 11 月 6 日上架，作为独立游戏出售；保留日语角色配音。,https://store.steampowered.com/app/1340130/
g206,g206-v3,苍之彼方的四重奏 EXTRA1,,蒼の彼方のフォーリズム EXTRA1 / Aokana EXTRA1,Galgame,恋爱剧情冒险,恋爱后日谈／校园,有坂真白、日向晶也、有坂牡丹、仓科明日香、鸢泽美咲,2023,Nintendo Switch,sprite,sprite,EXTRA1S 主机版,,2023 年 5 月 25 日发售；增加主机版事件场景，可单独购买或与 EXTRA2S 合装；合装不另算游戏。,https://store.sprite.net/products/%E8%92%BC%E3%81%AE%E5%BD%BC%E6%96%B9%E3%81%AE%E3%83%95%E3%82%A9%E3%83%BC%E3%83%AA%E3%82%BA%E3%83%A0-extra1-2s-filmic-edition
g206,g206-v4,苍之彼方的四重奏 EXTRA1,,蒼の彼方のフォーリズム EXTRA1 / Aokana EXTRA1,Galgame,恋爱剧情冒险,恋爱后日谈／校园,有坂真白、日向晶也、有坂牡丹、仓科明日香、鸢泽美咲,2023,PlayStation 4,RIGHTWAY,RIGHTWAY,EXTRA1P 主机版,,2023 年 12 月 20 日推出；收录主机版新增事件场景，也有与 EXTRA2P 捆绑的商品。,https://store.playstation.com/ja-jp/concept/10003892
g207,g207-v1,苍之彼方的四重奏 EXTRA2,,蒼の彼方のフォーリズム EXTRA2 / Aokana EXTRA2,Galgame,恋爱剧情冒险,竞技后日谈／恋爱,鸢泽美咲、日向晶也、仓科明日香、有坂真白、市之濑莉佳,2022,Windows,sprite,sprite,EXTRA2 首发,,2022 年 5 月 27 日发售的美咲路线后日谈；具体日期待 sprite 原始发行公告复核。,https://sprite.net/aokana/extra2
g207,g207-v2,苍之彼方的四重奏 EXTRA2,,蒼の彼方のフォーリズム EXTRA2 / Aokana EXTRA2,Galgame,恋爱剧情冒险,竞技后日谈／恋爱,鸢泽美咲、日向晶也、仓科明日香、有坂真白、市之濑莉佳,2022,Windows（Steam）,NekoNyan Ltd. / HIKARI FIELD,NekoNyan Ltd.、HIKARI FIELD,Steam 本地化发行,,2022 年 12 月 16 日上架，英语及中文字幕版本由 NekoNyan Ltd. 与 HIKARI FIELD 联名发行。,https://store.steampowered.com/app/2206340/
g207,g207-v3,苍之彼方的四重奏 EXTRA2,,蒼の彼方のフォーリズム EXTRA2 / Aokana EXTRA2,Galgame,恋爱剧情冒险,竞技后日谈／恋爱,鸢泽美咲、日向晶也、仓科明日香、有坂真白、市之濑莉佳,2023,Nintendo Switch,RIGHTWAY,RIGHTWAY,EXTRA2S 主机版,,2023 年 5 月 25 日发售，新增主机版事件内容；RIGHTWAY 产品目录列有 EXTRA2S，Happinet 为实体流通。,https://rightway.net/games
g207,g207-v4,苍之彼方的四重奏 EXTRA2,,蒼の彼方のフォーリズム EXTRA2 / Aokana EXTRA2,Galgame,恋爱剧情冒险,竞技后日谈／恋爱,鸢泽美咲、日向晶也、仓科明日香、有坂真白、市之濑莉佳,2023,PlayStation 4,RIGHTWAY,RIGHTWAY,EXTRA2P 主机版,,2023 年 12 月 20 日推出，增加主机版剧情场景；可单独购买或与 EXTRA1P 合装。,https://store.playstation.com/ja-jp/concept/10008872
g208,g208-v1,everlasting flowers,永恒之花,"everlasting flowers - Where there is a will, there is a way",视觉小说,单线视觉小说,青春／治愈／成长,坂下深菜、星野兰、橘纱波、柳濑美智子、成濑阳毬,2024,Windows（Steam）,RIGHTWAY,RIGHTWAY,Steam 首发,,Steam 页面按时区显示 2024 年 8 月 28 日；提供英、日和简繁中文字幕，日语完整角色配音。,https://store.steampowered.com/app/2795270/
g208,g208-v2,everlasting flowers,永恒之花,"everlasting flowers - Where there is a will, there is a way",视觉小说,单线视觉小说,青春／治愈／成长,坂下深菜、星野兰、橘纱波、柳濑美智子、成濑阳毬,2024,PlayStation 4,RIGHTWAY,RIGHTWAY,主机首发,,数字版商店显示 2024 年 8 月 28 日；日本实体版发行日期为 8 月 29 日，具有中英日字幕。,https://store.playstation.com/ja-jp/product/JP7504-CUSA47356_00-0841673131921991/
g208,g208-v3,everlasting flowers,永恒之花,"everlasting flowers - Where there is a will, there is a way",视觉小说,单线视觉小说,青春／治愈／成长,坂下深菜、星野兰、橘纱波、柳濑美智子、成濑阳毬,2024,Nintendo Switch,RIGHTWAY,RIGHTWAY,主机首发,,2024 年 8 月 29 日日本实体版发售；同一故事另有下载版，实体限定版不另计游戏。,https://rightway.net/games/4541624090849
g204,g204-v4,恋爱与选举与巧克力,,"恋と選挙とチョコレート / Love, Election & Chocolate",Galgame,恋爱剧情冒险,校园政治／恋爱／社团,大岛裕树、住吉千里、木场美冬、东云皐月、青海衣更、森下未散,2020,Windows,sprite,sprite,HIGH RESOLUTION 高清版,,2020 年 12 月 25 日推出的 PC 增强版：16:9 显示，最高支持 4K 分辨率。与 2010 原作共用作品 ID。,https://www.animate-onlineshop.jp/pn/%E3%80%90Win%E3%80%91%E6%81%8B%E3%81%A8%E9%81%B8%E6%8C%99%E3%81%A8%E3%83%81%E3%83%A7%E3%82%B3%E3%83%AC%E3%83%BC%E3%83%88%2BHIGH%2BRESOLUTION/pd/1848425/
g205,g205-v6,苍之彼方的四重奏,,蒼の彼方のフォーリズム / Aokana - Four Rhythms Across the Blue,Galgame,恋爱剧情冒险,飞行竞技／校园／恋爱,日向晶也、仓科明日香、鸢泽美咲、有坂真白、市之濑莉佳,2018,iOS,sprite games,sprite,for Mobile 移植版,,2018 年 8 月已发行；原版叙事改为手机界面，可先免费阅读前段，后续章节在应用内解锁。旧应用已可能下架；具体首发日的资料不一致，仅登记年份。,https://gamewith.jp/gamedb/4100
g205,g205-v7,苍之彼方的四重奏,,蒼の彼方のフォーリズム / Aokana - Four Rhythms Across the Blue,Galgame,恋爱剧情冒险,飞行竞技／校园／恋爱,日向晶也、仓科明日香、鸢泽美咲、有坂真白、市之濑莉佳,2018,Android,sprite games,sprite,for Mobile 移植版,,2018 年 8 月已发行；玩家可先阅读前段、再解锁后续章节。与 Edia 2016 年的 ETERNAL SKY 卡牌游戏不同。具体首发日资料不一致，仅登记年份。,https://gamewith.jp/gamedb/4100
g205,g205-v8,苍之彼方的四重奏,,蒼の彼方のフォーリズム / Aokana - Four Rhythms Across the Blue,Galgame,恋爱剧情冒险,飞行竞技／校园／恋爱,日向晶也、仓科明日香、鸢泽美咲、有坂真白、市之濑莉佳,2018,Windows,sprite,sprite,Perfect Edition,,2018 年 11 月 30 日推出的本篇增强版，加入主机移植版的附加事件；4th Anniversary Box 同时包含本篇及其他作品，不另记独立游戏。,https://www.geestore.com/event/gallery/aokana3rd/
g205,g205-v9,苍之彼方的四重奏,,蒼の彼方のフォーリズム / Aokana - Four Rhythms Across the Blue,Galgame,恋爱剧情冒险,飞行竞技／校园／恋爱,日向晶也、仓科明日香、鸢泽美咲、有坂真白、市之濑莉佳,2020,Windows,sprite,sprite,High Resolution 全年龄版,,2020 年 12 月 25 日推出；从主机版移植回 PC，采用 16:9 界面并最高支持 4K 画面。,https://www.sofmap.com/product_detail.aspx?sku=21322309
g205,g205-v10,苍之彼方的四重奏,,蒼の彼方のフォーリズム / Aokana - Four Rhythms Across the Blue,Galgame,恋爱剧情冒险,飞行竞技／校园／恋爱,日向晶也、仓科明日香、鸢泽美咲、有坂真白、市之濑莉佳,2025,Windows,sprite,sprite,Ultimate Edition,,2025 年 4 月 25 日作为十周年盒装内的本篇升级版发行：更高分辨率、主机版事件、两段新增美咲剧情与新片尾影片；还可单独购买数字版。,https://sprite.net/aokana/10thanniversary
g206,g206-v5,苍之彼方的四重奏 EXTRA1,,蒼の彼方のフォーリズム EXTRA1 / Aokana EXTRA1,Galgame,恋爱剧情冒险,恋爱后日谈／校园,有坂真白、日向晶也、有坂牡丹、仓科明日香、鸢泽美咲,2025,Windows,sprite,sprite,EXTRA1 Ultimate Edition,,2025 年 4 月 25 日十周年盒装所含的 EXTRA1 升级版：新增真白场景、收录主机版事件，最高支持 4K；亦有单独数字销售。,https://sprite.net/aokana/10thanniversary
g207,g207-v5,苍之彼方的四重奏 EXTRA2,,蒼の彼方のフォーリズム EXTRA2 / Aokana EXTRA2,Galgame,恋爱剧情冒险,竞技后日谈／恋爱,鸢泽美咲、日向晶也、仓科明日香、有坂真白、市之濑莉佳,2025,Windows,sprite,sprite,EXTRA2 Ultimate Edition,,2025 年 4 月 25 日十周年盒装所含的 EXTRA2 升级版：新增美咲场景、收录主机版事件，最高支持 4K；亦有单独数字销售。,https://sprite.net/aokana/10thanniversary
g209,g209-v1,任性娇羞的恋爱,,ナマイキデレーション,Galgame,恋爱剧情冒险,校园／文化祭／恋爱喜剧,夏岛新十郎、西村汐里、夏岛美咲、新开渚、梅,2013,Windows,まどそふと,まどそふと,成人向 PC 首发,,官网记载的独立 PC 首发；成人向内容。官网注明主人公以外全程配音。,https://madosoft.net/namaiki/whatsnamaiki.php
g210,g210-v1,嫉妒的恋爱风暴,,ヤキモチストリーム,Galgame,恋爱剧情冒险,校园／恋爱喜剧,雾岛沙那、塔妮娅、伊吹恋羽、雪仓睦月,2014,Windows,まどそふと,まどそふと,成人向 PC 首发,,官网记载的独立 PC 首发；成人向内容。角色配音覆盖范围待逐项核实。,https://www.madosoft.net/products
g211,g211-v1,任性High Spec,,ワガママハイスペック,Galgame,恋爱剧情冒险,校园／学生会／恋爱喜剧,鸣海幸树、鹿苑寺薰子、樱木·R·亚谢、鸣海兔亚、宫濑未寻,2016,Windows,まどそふと,まどそふと,成人向 PC 首发,,官网记载的独立 PC 首发；成人向内容。角色配音覆盖范围待逐项核实。,https://www.madosoft.net/products
g211,g211-v2,任性High Spec,,ワガママハイスペック,Galgame,恋爱剧情冒险,校园／学生会／恋爱喜剧,鸣海幸树、鹿苑寺薰子、樱木·R·亚谢、鸣海兔亚、宫濑未寻,2017,PS Vita,iMel,iMel,全年龄主机移植,,iMel 销售／移植的主机版；与原成人 PC 版的分级不同。新增剧本和配音范围尚未核实。,https://imel.co.jp/wagahigh/product%20_2.php
g211,g211-v3,任性High Spec,,ワガママハイスペック,Galgame,恋爱剧情冒险,校园／学生会／恋爱喜剧,鸣海幸树、鹿苑寺薰子、樱木·R·亚谢、鸣海兔亚、宫濑未寻,2020,Nintendo Switch,iMel,iMel,全年龄主机移植,,iMel 销售／移植的主机版；与原成人 PC 版的分级不同。新增剧本和配音范围尚未核实。,https://imel.co.jp/wagahigh/product.php
g212,g212-v1,任性High Spec OC,,ワガママハイスペックOC,Galgame,恋爱剧情冒险,校园／续篇／恋爱喜剧,鸣海幸树、鹿苑寺薰子、樱木·R·亚谢、鸣海兔亚、宫濑未寻,2017,Windows,まどそふと,まどそふと,成人向 PC 首发,,官网记载的独立 PC 首发；成人向内容。角色配音覆盖范围待逐项核实。,https://www.madosoft.net/products
g213,g213-v1,树莓立方体,,ラズベリーキューブ,Galgame,恋爱剧情冒险,校园／日常／恋爱,吾妻悟、海堂美琴、狩野港、结月悠、樱庭·维多利亚·瑠莉,2018,Windows,まどそふと,まどそふと,成人向 PC 首发,,官网记载的独立 PC 首发；成人向内容。角色配音覆盖范围待逐项核实。,https://www.madosoft.net/products
g213,g213-v2,树莓立方体,,ラズベリーキューブ,Galgame,恋爱剧情冒险,校园／日常／恋爱,吾妻悟、海堂美琴、狩野港、结月悠、樱庭·维多利亚·瑠莉,2019,PS4,iMel,iMel,全年龄主机移植,,iMel 销售／移植的主机版；与原成人 PC 版的分级不同。新增剧本和配音范围尚未核实。,https://imel.co.jp/raspberry/
g213,g213-v3,树莓立方体,,ラズベリーキューブ,Galgame,恋爱剧情冒险,校园／日常／恋爱,吾妻悟、海堂美琴、狩野港、结月悠、樱庭·维多利亚·瑠莉,2019,Nintendo Switch,iMel,iMel,全年龄主机移植,,iMel 销售／移植的主机版；与原成人 PC 版的分级不同。新增剧本和配音范围尚未核实。,https://imel.co.jp/raspberry/
g214,g214-v1,超常规创意,,ハミダシクリエイティブ,Galgame,恋爱剧情冒险,校园／学生会／恋爱,和泉智宏、和泉妃爱、常磐华乃、锦明日美、镰仓诗樱,2020,Windows,まどそふと,まどそふと,成人向 PC 首发,,官网记载的独立 PC 首发；成人向内容。角色配音覆盖范围待逐项核实。,https://www.madosoft.net/products
g214,g214-v2,超常规创意,,ハミダシクリエイティブ,Galgame,恋爱剧情冒险,校园／学生会／恋爱,和泉智宏、和泉妃爱、常磐华乃、锦明日美、镰仓诗樱,2021,PS4,iMel,iMel,全年龄主机移植,,iMel 销售／移植的主机版；与原成人 PC 版的分级不同。新增剧本和配音范围尚未核实。,https://imel.co.jp/hamidashi/product
g214,g214-v3,超常规创意,,ハミダシクリエイティブ,Galgame,恋爱剧情冒险,校园／学生会／恋爱,和泉智宏、和泉妃爱、常磐华乃、锦明日美、镰仓诗樱,2021,Nintendo Switch,iMel,iMel,全年龄主机移植,,iMel 销售／移植的主机版；与原成人 PC 版的分级不同。新增剧本和配音范围尚未核实。,https://imel.co.jp/hamidashi/product
g215,g215-v1,超常规创意 凸,,ハミダシクリエイティブ凸,Galgame,恋爱剧情冒险,校园／续篇／恋爱,和泉智宏、和泉妃爱、常磐华乃、锦明日美、镰仓诗樱、龙闲天梨,2022,Windows,まどそふと,まどそふと,成人向 PC 首发,,官网记载的独立 PC 首发；成人向内容。角色配音覆盖范围待逐项核实。,https://www.madosoft.net/products
g216,g216-v1,Select Oblige,择定之责,セレクトオブリージュ,Galgame,恋爱剧情冒险,阶层／校园／恋爱,布波脑凪、一色奏命、蓼科伊芙、夜刀久久留、托乌莉,2024,Windows,まどそふと,まどそふと,成人向 PC 首发,,官网记载的独立 PC 首发；成人向内容。角色配音覆盖范围待逐项核实。,https://www.madosoft.net/products
g216,g216-v2,Select Oblige,择定之责,セレクトオブリージュ,Galgame,恋爱剧情冒险,阶层／校园／恋爱,布波脑凪、一色奏命、蓼科伊芙、夜刀久久留、托乌莉,2026,Nintendo Switch,iMel,iMel,全年龄主机移植,,iMel 销售／移植的主机版；与原成人 PC 版的分级不同。新增剧本和配音范围尚未核实。,https://imel.co.jp/selectoblige/product
g217,g217-v1,超常规创意 Re:Re:call,,ハミダシクリエイティブRe:Re:call,Galgame,恋爱剧情冒险,校园／外传／恋爱,和泉智宏、圣莉莉子,2025,Windows,まどそふと,まどそふと,成人向 PC 首发,,官网记载的独立 PC 首发；成人向内容。角色配音覆盖范围待逐项核实。,https://www.madosoft.net/products
g218,g218-v1,任性 High Spec：特典有声短篇 ADV,,ワガママハイスペック Blu-ray 初回限定特装版 特典オリジナルショートストーリーADV,视觉小说,单线视觉小说,校园／喜剧／五篇短篇,鸣海幸树、鹿苑寺薰子、樱木·R·亚谢、鸣海兔亚、宫濑未寻,2016,Windows,まどそふと,まどそふと,Blu-ray 特装版附赠下载卡,,2016 年 8 月 26 日上市的动画 Blu-ray 初回限定特装版附赠；PC 可游玩的五篇新故事，以动画版声优配音。并非另行零售的 PC 游戏。,https://whanime.com/blu-ray.php
g209,g209-v2,任性娇羞的恋爱,,ナマイキデレーション,Galgame,恋爱剧情冒险,校园／文化祭／恋爱喜剧,夏岛新十郎、西村汐里、夏岛美咲、新开渚、梅,2016,Mobage（移动服务）,发行方待核实（Mobage）,发行方待核实,移动服务版,,官网于 2016 年 8 月 4 日宣布 Mobage 版公开；确切上线日、实际发行署名与版本内容差异仍待核实。,https://madosoft.net/news/303
g209,g209-v3,任性娇羞的恋爱,,ナマイキデレーション,Galgame,恋爱剧情冒险,校园／文化祭／恋爱喜剧,夏岛新十郎、西村汐里、夏岛美咲、新开渚、梅,2016,GREE（移动服务）,发行方待核实（GREE）,发行方待核实,移动服务版,,官网于 2016 年 8 月 4 日宣布 GREE 版公开；确切上线日、实际发行署名与版本内容差异仍待核实。,https://madosoft.net/news/303
g210,g210-v2,嫉妒的恋爱风暴,,ヤキモチストリーム,Galgame,恋爱剧情冒险,校园／恋爱喜剧,雾岛沙那、塔妮娅、伊吹恋羽、雪仓睦月,2022,Windows（Steam）,mirai works / OTAKU Plan,mirai works、OTAKU Plan,Steam 数字版,,2022 年 1 月 21 日由 mirai works 与 OTAKU Plan 署名发行；商店标示简体中文界面、日文角色语音。,https://store.steampowered.com/app/1346770/YAKIMOCHI_STREAM/
g211,g211-v4,任性High Spec,,ワガママハイスペック,Galgame,恋爱剧情冒险,校园／学生会／恋爱喜剧,鸣海幸树、鹿苑寺薰子、樱木·R·亚谢、鸣海兔亚、宫濑未寻,2017,Windows（Steam）,Sekai Project,Sekai Project,Steam 国际版,,2017 年 7 月 26 日上架，发行署名 Sekai Project；同年 PS Vita 日本版是另一平台，由 iMel 发行。,https://store.steampowered.com/app/575480/WAGAMAMA_HIGH_SPEC/
g212,g212-v2,任性High Spec OC,,ワガママハイスペックOC,Galgame,恋爱剧情冒险,校园／续篇／恋爱喜剧,鸣海幸树、鹿苑寺薰子、樱木·R·亚谢、鸣海兔亚、宫濑未寻,2025,Windows（Steam）,Sekai Project,Sekai Project,Steam 国际版,,2025 年 12 月 15 日独立上架；七篇女主角后日谈与配角新故事，可任意选读。日文角色配音（男主角除外），英语文本在 2026 年更新。,https://store.steampowered.com/app/3943440/WAGAMAMA_HIGH_SPEC_OC/
g213,g213-v4,树莓立方体,,ラズベリーキューブ,Galgame,恋爱剧情冒险,校园／日常／恋爱,吾妻悟、海堂美琴、狩野港、结月悠、樱庭·维多利亚·瑠莉,2022,Windows（Steam）,Sekai Project,Sekai Project,Steam 数字版,,2022 年 11 月 4 日由 Sekai Project 发行；商店标示简体中文文本及日文语音（男主角除外）。,https://store.steampowered.com/app/2001970/Raspberry_Cube/
g214,g214-v4,超常规创意,,ハミダシクリエイティブ,Galgame,恋爱剧情冒险,校园／学生会／恋爱,和泉智宏、和泉妃爱、常磐华乃、锦明日美、镰仓诗樱,2022,Windows（Steam）,TamaMako gaming / Sekai Project,TamaMako gaming、Sekai Project,Steam 数字版,,2022 年 9 月 30 日由 TamaMako gaming 与 Sekai Project 联名发行；商店说明该版本省略成人情节。,https://store.steampowered.com/app/1604380/Hamidashi_Creative/
g215,g215-v2,超常规创意 凸,,ハミダシクリエイティブ凸,Galgame,恋爱剧情冒险,校园／续篇／恋爱,和泉智宏、和泉妃爱、常磐华乃、锦明日美、镰仓诗樱、龙闲天梨,2025,Windows（Steam）,TamaMako gaming / Sekai Project,TamaMako gaming、Sekai Project,Steam DLC,,2025 年 3 月 27 日由 TamaMako gaming 与 Sekai Project 联名发行；此 Steam 形式须先拥有《超常规创意》本篇，与可单独购买的 2022 年 PC 版发行方式不同。,https://store.steampowered.com/app/3407830/Hamidashi_Creative_Totsu/
g216,g216-v3,Select Oblige,择定之责,セレクトオブリージュ,Galgame,恋爱剧情冒险,阶层／校园／恋爱,布波脑凪、一色奏命、蓼科伊芙、夜刀久久留、托乌莉,2024,Windows（Steam）,HIKARI FIELD,HIKARI FIELD,Steam 多语言版,,2024 年 11 月 8 日上架；含中、英、日文界面与日文语音；Steam 发行署名 HIKARI FIELD。,https://store.steampowered.com/app/2947250/Select_Oblige/
g219,g219-v1,管乐恋曲,,ぶらばん！ -The bonds of melody-,Galgame,恋爱剧情冒险,校园管乐／社团恋爱,中ノ島妙、雲雀丘由貴,2006,Windows,ゆずソフト,ゆずソフト,PC 日文首发,,原版；后续英文／中文版及再版按已核实记录另列。,https://legacy.yuzu-soft.com/buraban/
g220,g220-v1,E×E,双重邂逅,E×E,Galgame,恋爱剧情冒险,校园异能／悬疑战斗,伏見籐矢、伏見真姫奈、白峯沙耶,2007,Windows,ゆずソフト,ゆずソフト,PC 日文首发,,原版；后续英文／中文版及再版按已核实记录另列。,https://www.yuzu-soft.com/products/products.html
g221,g221-v1,夏空彼方,,夏空カナタ,Galgame,恋爱剧情冒险,海岛／记忆／恋爱,朝倉壮太、上坂茅羽耶、三好由比子,2008,Windows,ゆずソフト,ゆずソフト,PC 日文首发,,原版；后续英文／中文版及再版按已核实记录另列。,https://www.yuzu-soft.com/products/products.html
g222,g222-v1,天神乱漫,,天神乱漫 -LUCKY or UNLUCKY!?-,Galgame,恋爱剧情冒险,校园／神明／恋爱,千歳春樹、卯花之佐久夜姫、千歳佐奈,2009,Windows,ゆずソフト,ゆずソフト,PC 日文首发,,原版；后续英文／中文版及再版按已核实记录另列。,https://www.yuzu-soft.com/products/products.html
g223,g223-v1,贵族工作,,のーぶる☆わーくす,Galgame,恋爱剧情冒险,替身／名门学园／恋爱,藤島匠、兼元灯里、月山瀬奈,2010,Windows,ゆずソフト,ゆずソフト,PC 日文首发,,原版；后续英文／中文版及再版按已核实记录另列。,https://www.yuzu-soft.com/products/products.html
g224,g224-v1,DRACU-RIOT!,吸血鬼暴动！,DRACU-RIOT!,Galgame,恋爱剧情冒险,吸血鬼／人工岛／恋爱,六連佑斗、矢来美羽、布良梓,2012,Windows,ゆずソフト,ゆずソフト,PC 日文首发,,原版；后续英文／中文版及再版按已核实记录另列。,https://www.yuzu-soft.com/products/products.html
g225,g225-v1,天色＊航迹,,天色＊アイルノーツ,Galgame,恋爱剧情冒险,浮空岛／教师／恋爱,鷺ノ森透、シャーリィ・ウォリック,2013,Windows,ゆずソフト,ゆずソフト,PC 日文首发,,原版；后续英文／中文版及再版按已核实记录另列。,https://www.yuzu-soft.com/products/products.html
g226,g226-v1,魔女的夜宴,,サノバウィッチ,Galgame,恋爱剧情冒险,魔女／校园／恋爱,保科柊史、綾地寧々、因幡めぐる,2015,Windows,ゆずソフト,ゆずソフト,PC 日文首发,,原版；后续英文／中文版及再版按已核实记录另列。,https://www.yuzu-soft.com/products/products.html
g227,g227-v1,千恋＊万花,,千恋＊万花,Galgame,恋爱剧情冒险,温泉乡／神刀／和风恋爱,有地将臣、朝武芳乃、常陸茉子,2016,Windows,ゆずソフト,ゆずソフト,PC 日文首发,,原版；后续英文／中文版及再版按已核实记录另列。,https://www.yuzu-soft.com/products/products.html
g228,g228-v1,RIDDLE JOKER,谜语小丑,RIDDLE JOKER,Galgame,恋爱剧情冒险,超能力／卧底／校园恋爱,在原暁、三司あやせ、在原七海,2018,Windows,ゆずソフト,ゆずソフト,PC 日文首发,,原版；后续英文／中文版及再版按已核实记录另列。,https://www.yuzu-soft.com/products/products.html
g229,g229-v1,星光咖啡馆与死神之蝶,,喫茶ステラと死神の蝶,Galgame,恋爱剧情冒险,死神／咖啡馆／恋爱,高嶺昂晴、明月栞那、四季ナツメ,2019,Windows,ゆずソフト,ゆずソフト,PC 日文首发,,原版；后续英文／中文版及再版按已核实记录另列。,https://www.yuzu-soft.com/products/products.html
g230,g230-v1,天使☆纷扰 RE-BOOT!,,天使☆騒々 RE-BOOT!,Galgame,恋爱剧情冒险,天使／前世／校园恋爱,谷風李空、白雪乃愛、谷風天音,2023,Windows,ゆずソフト,ゆずソフト,PC 日文首发,,原版；后续英文／中文版及再版按已核实记录另列。,https://www.yuzu-soft.com/products/products.html
g231,g231-v1,聚光灯与柠檬汽水,,ライムライト・レモネードジャム,Galgame,恋爱剧情冒险,乐队／青春／恋爱,沖浪雪鷹、陽見恵凪、隠杏珠,2025,Windows,ゆずソフト,ゆずソフト,PC 日文首发,,原版；后续英文／中文版及再版按已核实记录另列。,https://www.yuzu-soft.com/products/products.html
g219,g219-v2,管乐恋曲,,ぶらばん！ -The bonds of melody-,Galgame,恋爱剧情冒险,校园管乐／社团恋爱,中ノ島妙、雲雀丘由貴,2008,Windows,ゆずソフト,ゆずソフト,Windows 廉价版,,同一作品的廉价再版；旧版修正内容已整合。,https://legacy.yuzu-soft.com/buraban/
g219,g219-v3,管乐恋曲,,ぶらばん！ -The bonds of melody-,Galgame,恋爱剧情冒险,校园管乐／社团恋爱,中ノ島妙、雲雀丘由貴,2011,Windows,ゆずソフト,ゆずソフト,Windows 下载版,,同一作品的数字发行；不是新游戏。,https://legacy.yuzu-soft.com/buraban/
g222,g222-v2,天神乱漫,,天神乱漫 -LUCKY or UNLUCKY!?-,Galgame,恋爱剧情冒险,校园／神明／恋爱,千歳春樹、卯花之佐久夜姫、千歳佐奈,2010,PSP,ラッセル,ラッセル,Happy Go Lucky!! 移植,,追加 PSP 原创角色市杵宍姫命、蘇芳及新剧情与图像；主机版内容与原 PC 版不同。,https://books.rakuten.co.jp/rb/6264551/
g226,g226-v2,魔女的夜宴,,サノバウィッチ,Galgame,恋爱剧情冒险,魔女／校园／恋爱,保科柊史、綾地寧々、因幡めぐる,2018,Windows（Steam）,NekoNyan Ltd.,NekoNyan Ltd.,国际版／移植,,英文文本与日文配音；国际发行。,https://store.steampowered.com/app/888790/Sabbat_of_the_Witch/
g227,g227-v2,千恋＊万花,,千恋＊万花,Galgame,恋爱剧情冒险,温泉乡／神刀／和风恋爱,有地将臣、朝武芳乃、常陸茉子,2020,Windows（Steam）,"HIKARI FIELD, NekoNyan Ltd.",HIKARI FIELD、NekoNyan Ltd.,国际版／移植,,英文、简繁中文与日文文本，日文配音；Steam 云存档。,https://store.steampowered.com/app/1144400/SenrenBanka/
g228,g228-v2,RIDDLE JOKER,谜语小丑,RIDDLE JOKER,Galgame,恋爱剧情冒险,超能力／卧底／校园恋爱,在原暁、三司あやせ、在原七海,2020,Windows（Steam）,"NekoNyan Ltd., HIKARI FIELD",NekoNyan Ltd.、HIKARI FIELD,国际版／移植,,英文、简繁中文与日文文本，日文配音。,https://store.steampowered.com/app/1277930/Riddle_Joker/
g229,g229-v2,星光咖啡馆与死神之蝶,,喫茶ステラと死神の蝶,Galgame,恋爱剧情冒险,死神／咖啡馆／恋爱,高嶺昂晴、明月栞那、四季ナツメ,2022,Windows（Steam）,"NekoNyan Ltd., HIKARI FIELD",NekoNyan Ltd.、HIKARI FIELD,国际版／移植,,国际版文本支持英语与中文；日文配音。,https://store.steampowered.com/app/1829980/Caf_Stella_and_the_Reapers_Butterflies/
g224,g224-v2,DRACU-RIOT!,吸血鬼暴动！,DRACU-RIOT!,Galgame,恋爱剧情冒险,吸血鬼／人工岛／恋爱,六連佑斗、矢来美羽、布良梓,2026,Windows（Steam）,"NekoNyan Ltd., HIKARI FIELD",NekoNyan Ltd.、HIKARI FIELD,国际版／移植,,QHD Edition：国际版分辨率提升，含英、简繁中文及日文文本与日文配音。,https://store.steampowered.com/app/1340140/DRACU-RIOT/
g232,g232-v1,PARQUET,拼花回忆,PARQUET,视觉小说,单线视觉小说,全年龄／科幻／自我认同,伊吹协人、茨木梨乃、城门翼,2021,Windows（DMM）,ゆずソフトSOUR,ゆずソフトSOUR,日文首发,,2021-07-31 下载首发；DMM GAMES 提供 PC 和手机浏览器版，同一购买权益。,https://dmmgames.co.jp/news/detail/id=465
g232,g232-v2,PARQUET,拼花回忆,PARQUET,视觉小说,单线视觉小说,全年龄／科幻／自我认同,伊吹协人、茨木梨乃、城门翼,2021,Windows（Steam）,"NekoNyan Ltd., HIKARI FIELD",NekoNyan Ltd.、HIKARI FIELD,国际版,,2021-08-27 上架；英、简繁中文和日文文本，日文配音。,https://store.steampowered.com/app/1662840/PARQUET/
g232,g232-v3,PARQUET,拼花回忆,PARQUET,视觉小说,单线视觉小说,全年龄／科幻／自我认同,伊吹协人、茨木梨乃、城门翼,2021,macOS（DMM 浏览器）,ゆずソフトSOUR,ゆずソフトSOUR,DMM 浏览器版,,与 DMM PC 下载版同一购买权益；浏览器播放 beta，非原生安装版。,https://dmmgames.co.jp/news/detail/id=465
g232,g232-v4,PARQUET,拼花回忆,PARQUET,视觉小说,单线视觉小说,全年龄／科幻／自我认同,伊吹协人、茨木梨乃、城门翼,2021,Android（DMM 浏览器）,ゆずソフトSOUR,ゆずソフトSOUR,DMM 浏览器版,,与 DMM PC 下载版同一购买权益；浏览器播放 beta，非原生安装版。,https://dmmgames.co.jp/news/detail/id=465
g232,g232-v5,PARQUET,拼花回忆,PARQUET,视觉小说,单线视觉小说,全年龄／科幻／自我认同,伊吹协人、茨木梨乃、城门翼,2021,iOS（DMM 浏览器）,ゆずソフトSOUR,ゆずソフトSOUR,DMM 浏览器版,,与 DMM PC 下载版同一购买权益；浏览器播放 beta，非原生安装版。,https://dmmgames.co.jp/news/detail/id=465
g233,g233-v1,恋狱：月狂病,,カルタグラ ～ツキ狂イノ病～,Galgame,成人向冒险,战后悬疑／失踪调查,高城秋五、上月由良、上月和菜,2005,Windows,Innocent Grey,Innocent Grey,日文 PC 首发,,原版；后续重制、移植与本地化版本分开登记。,https://www.prot.co.jp/switch/cartagra/index.html
g234,g234-v1,PP：提线木偶的轮舞,,PP -ピアニッシモ- 操リ人形ノ輪舞,Galgame,成人向冒险,昭和悬疑／逃亡,玖藤奏介、橘美華夏、白河綾音,2006,Windows,Innocent Grey,Innocent Grey,日文 PC 首发,,原版；后续重制、移植与本地化版本分开登记。,https://www.gungnir.co.jp/innocentgrey/products/pro_pianissimo/pp_index.html
g235,g235-v1,和之匣,,和み匣 Innocent Greyファンディスク,Galgame,成人向冒险,后日谈／短篇合集,上月由良、高城秋五、美波栞,2007,Windows,Innocent Grey,Innocent Grey,日文 PC 首发,,原版；后续重制、移植与本地化版本分开登记。,https://www.prot.co.jp/switch/cartagra/index.html
g236,g236-v1,壳之少女,,殻ノ少女,视觉小说,推理解谜融合,侦探／昭和悬疑,時坂玲人、朽木冬子、時坂紫,2008,Windows,Innocent Grey,Innocent Grey,日文 PC 首发,,原版；后续重制、移植与本地化版本分开登记。,https://ec.e-mart.jp/gungnir/products/detail/23
g237,g237-v1,白雪：七凭之祭,,クロウカシス 七憑キノ贄,视觉小说,推理解谜融合,暴风雪山庄／民俗悬疑,切原想子、七月紅緒、七月藍,2009,Windows,Innocent Grey,Innocent Grey,日文 PC 首发,,原版；后续重制、移植与本地化版本分开登记。,https://www.suruga-ya.jp/product/detail/145022276
g238,g238-v1,虚之少女,,虚ノ少女,视觉小说,推理解谜融合,战前战后／连环案件,時坂玲人、朽木冬子、茅原冬見,2013,Windows,Innocent Grey,Innocent Grey,日文 PC 首发,,原版；后续重制、移植与本地化版本分开登记。,https://www.gungnir.co.jp/innocentgrey/products/pro_vacant/
g239,g239-v1,FLOWERS 春篇,,FLOWERS -Le volume sur printemps-,视觉小说,恋爱剧情,女子学院／百合／校园悬疑,白羽蘇芳、匂坂マユリ、花菱立花,2014,Windows,Innocent Grey,Innocent Grey,日文 PC 首发,,原版；后续重制、移植与本地化版本分开登记。,https://www.prot.co.jp/psv/flowers/introduction.html
g240,g240-v1,FLOWERS 夏篇,,FLOWERS -Le volume sur été-,视觉小说,恋爱剧情,女子学院／百合／成长,八重垣えりか、考崎千鳥、白羽蘇芳,2015,Windows,Innocent Grey,Innocent Grey,日文 PC 首发,,原版；后续重制、移植与本地化版本分开登记。,https://www.prot.co.jp/psv/flowers2/introduction.html
g241,g241-v1,FLOWERS 秋篇,,FLOWERS -Le volume sur automne-,视觉小说,恋爱剧情,女子学院／百合／恋爱,八代譲葉、小御門ネリネ、白羽蘇芳,2016,Windows,Innocent Grey,Innocent Grey,日文 PC 首发,,原版；后续重制、移植与本地化版本分开登记。,https://www.prot.co.jp/psv/flowers3/introduction.html
g242,g242-v1,FLOWERS 冬篇,,FLOWERS -Le volume sur hiver-,视觉小说,剧情分支／冒险,女子学院／百合／最终章,白羽蘇芳、匂坂マユリ、八代譲葉,2017,Windows,Innocent Grey,Innocent Grey,日文 PC 首发,,原版；后续重制、移植与本地化版本分开登记。,https://www.prot.co.jp/psv/flowers4/introduction.html
g243,g243-v1,天之少女,,天ノ少女,视觉小说,推理解谜融合,昭和悬疑／三部曲终章,時坂玲人、マリス・ステラ、佐東歩,2020,Windows,Innocent Grey,Innocent Grey,日文 PC 首发,,原版；后续重制、移植与本地化版本分开登记。,https://ec.e-mart.jp/gungnir/products/detail/25
g233,g233-v2,恋狱：月狂病,,カルタグラ ～ツキ狂イノ病～,Galgame,成人向冒险,战后悬疑／失踪调查,高城秋五、上月由良、上月和菜,2005,PlayStation 2,KID,KID,魂ノ苦悩 移植,,家用机改编，增添新事件、CG、片头与结局；原 PC 内容经过再编。,https://mediaworld.co.jp/products/10402432001
g233,g233-v3,恋狱：月狂病,,カルタグラ ～ツキ狂イノ病～,Galgame,成人向冒险,战后悬疑／失踪调查,高城秋五、上月由良、上月和菜,2023,Windows,Innocent Grey,Innocent Grey,REBIRTH FHD SIZE EDITION,,将本篇与《和み匣》中《サクラメント》后日谈合并，重绘和高清化；不是新的故事本篇。,https://www.prot.co.jp/switch/cartagra/index.html
g233,g233-v4,恋狱：月狂病,,カルタグラ ～ツキ狂イノ病～,Galgame,成人向冒险,战后悬疑／失踪调查,高城秋五、上月由良、上月和菜,2026,Nintendo Switch,PROTOTYPE,PROTOTYPE,重制版主机移植,,以 2023 年重制版为基础，新增事件 CG；日英简中三种文本，主人公在内日语全配音。,https://www.prot.co.jp/switch/cartagra/index.html
g233,g233-v5,恋狱：月狂病,,カルタグラ ～ツキ狂イノ病～,Galgame,成人向冒险,战后悬疑／失踪调查,高城秋五、上月由良、上月和菜,2026,Windows（Steam）,MangaGamer,MangaGamer,CARTAGRA 国际版,,基于重制内容；英语、简体中文文本，日语角色配音；2026 年 6 月 25 日上架。,https://store.steampowered.com/app/4290390/CARTAGRA/
g236,g236-v2,壳之少女,,殻ノ少女,视觉小说,推理解谜融合,侦探／昭和悬疑,時坂玲人、朽木冬子、時坂紫,2019,Windows,Innocent Grey,Innocent Grey,FULL VOICE HD SIZE EDITION,,4:3 画面改为 16:9，加入主人公配音，高清重制。,https://ec.e-mart.jp/gungnir/products/detail/23
g236,g236-v3,壳之少女,,殻ノ少女,视觉小说,推理解谜融合,侦探／昭和悬疑,時坂玲人、朽木冬子、時坂紫,2023,Windows（Steam）,Shiravune,Shiravune,The Shell Part I: Inferno,,国际 PC 发行；以高清版为基础，文本本地化。,https://store.steampowered.com/app/2258770/The_Shell_Part_I__Inferno/
g238,g238-v2,虚之少女,,虚ノ少女,视觉小说,推理解谜融合,战前战后／连环案件,時坂玲人、朽木冬子、茅原冬見,2020,Windows,Innocent Grey,Innocent Grey,NEW CAST REMASTER EDITION,,更新角色配音与游戏表现；原 2013 年作品重制。,https://moe-gameaward.com/title/detail.html?id=6164
g238,g238-v3,虚之少女,,虚ノ少女,视觉小说,推理解谜融合,战前战后／连环案件,時坂玲人、朽木冬子、茅原冬見,2024,Windows（Steam）,Shiravune,Shiravune,The Shell Part II: Purgatorio,,国际 PC 发行；2024 年 4 月 18 日上架。,https://store.steampowered.com/app/2712550/The_Shell_Part_II_Purgatorio/
g243,g243-v2,天之少女,,天ノ少女,视觉小说,推理解谜融合,昭和悬疑／三部曲终章,時坂玲人、マリス・ステラ、佐東歩,2025,Windows（Steam）,Shiravune,Shiravune,The Shell Part III: Paradiso,,国际 PC 发行；2025 年 1 月 21 日上架。,https://store.steampowered.com/app/3296790/The_Shell_Part_III_Paradiso/
g239,g239-v2,FLOWERS 春篇,,FLOWERS -Le volume sur printemps-,视觉小说,恋爱剧情,女子学院／百合／校园悬疑,白羽蘇芳、匂坂マユリ、花菱立花,2014,PSP,PROTOTYPE,PROTOTYPE,掌机移植,,分辨率与操作适配 PSP，支持截图与记忆盘功能。,https://www.prot.co.jp/psv/flowers/introduction.html
g239,g239-v3,FLOWERS 春篇,,FLOWERS -Le volume sur printemps-,视觉小说,恋爱剧情,女子学院／百合／校园悬疑,白羽蘇芳、匂坂マユリ、花菱立花,2014,PS Vita,PROTOTYPE,PROTOTYPE,掌机移植,,960×544 高清显示、触屏操作、色彩调整和 PS Vita TV 支持。,https://www.prot.co.jp/psv/flowers/introduction.html
g239,g239-v4,FLOWERS 春篇,,FLOWERS -Le volume sur printemps-,视觉小说,恋爱剧情,女子学院／百合／校园悬疑,白羽蘇芳、匂坂マユリ、花菱立花,2019,PS4,PROTOTYPE,PROTOTYPE,四季合集收录版本,,《FLOWERS 四季》合集，收录春夏秋冬四篇；1080p 画面。 同一合集的四篇分别挂到原作品，合集本身不新计作品。,https://www.prot.co.jp/ps4/flowersq/spec.html
g239,g239-v5,FLOWERS 春篇,,FLOWERS -Le volume sur printemps-,视觉小说,恋爱剧情,女子学院／百合／校园悬疑,白羽蘇芳、匂坂マユリ、花菱立花,2019,Nintendo Switch,PROTOTYPE,PROTOTYPE,四季合集收录版本,,《FLOWERS 四季》合集，收录春夏秋冬四篇；电视模式 1080p，新增绘图。 同一合集的四篇分别挂到原作品，合集本身不新计作品。,https://www.prot.co.jp/switch/flowersq/spec.html
g240,g240-v2,FLOWERS 夏篇,,FLOWERS -Le volume sur été-,视觉小说,恋爱剧情,女子学院／百合／成长,八重垣えりか、考崎千鳥、白羽蘇芳,2015,PSP,PROTOTYPE,PROTOTYPE,掌机移植,,分辨率与操作适配 PSP，支持截图与记忆盘功能。,https://www.prot.co.jp/psv/flowers2/introduction.html
g240,g240-v3,FLOWERS 夏篇,,FLOWERS -Le volume sur été-,视觉小说,恋爱剧情,女子学院／百合／成长,八重垣えりか、考崎千鳥、白羽蘇芳,2015,PS Vita,PROTOTYPE,PROTOTYPE,掌机移植,,960×544 高清显示、触屏操作、色彩调整和 PS Vita TV 支持。,https://www.prot.co.jp/psv/flowers2/introduction.html
g240,g240-v4,FLOWERS 夏篇,,FLOWERS -Le volume sur été-,视觉小说,恋爱剧情,女子学院／百合／成长,八重垣えりか、考崎千鳥、白羽蘇芳,2019,PS4,PROTOTYPE,PROTOTYPE,四季合集收录版本,,《FLOWERS 四季》合集，收录春夏秋冬四篇；1080p 画面。 同一合集的四篇分别挂到原作品，合集本身不新计作品。,https://www.prot.co.jp/ps4/flowersq/spec.html
g240,g240-v5,FLOWERS 夏篇,,FLOWERS -Le volume sur été-,视觉小说,恋爱剧情,女子学院／百合／成长,八重垣えりか、考崎千鳥、白羽蘇芳,2019,Nintendo Switch,PROTOTYPE,PROTOTYPE,四季合集收录版本,,《FLOWERS 四季》合集，收录春夏秋冬四篇；电视模式 1080p，新增绘图。 同一合集的四篇分别挂到原作品，合集本身不新计作品。,https://www.prot.co.jp/switch/flowersq/spec.html
g241,g241-v2,FLOWERS 秋篇,,FLOWERS -Le volume sur automne-,视觉小说,恋爱剧情,女子学院／百合／恋爱,八代譲葉、小御門ネリネ、白羽蘇芳,2016,PS Vita,PROTOTYPE,PROTOTYPE,掌机移植,,高分辨率与触屏适配，加入接近 PC 原版的色彩调整功能。,https://www.prot.co.jp/psv/flowers3/spec.html
g241,g241-v3,FLOWERS 秋篇,,FLOWERS -Le volume sur automne-,视觉小说,恋爱剧情,女子学院／百合／恋爱,八代譲葉、小御門ネリネ、白羽蘇芳,2019,PS4,PROTOTYPE,PROTOTYPE,四季合集收录版本,,《FLOWERS 四季》合集，收录春夏秋冬四篇；1080p 画面。 同一合集的四篇分别挂到原作品，合集本身不新计作品。,https://www.prot.co.jp/ps4/flowersq/spec.html
g241,g241-v4,FLOWERS 秋篇,,FLOWERS -Le volume sur automne-,视觉小说,恋爱剧情,女子学院／百合／恋爱,八代譲葉、小御門ネリネ、白羽蘇芳,2019,Nintendo Switch,PROTOTYPE,PROTOTYPE,四季合集收录版本,,《FLOWERS 四季》合集，收录春夏秋冬四篇；电视模式 1080p，新增绘图。 同一合集的四篇分别挂到原作品，合集本身不新计作品。,https://www.prot.co.jp/switch/flowersq/spec.html
g242,g242-v2,FLOWERS 冬篇,,FLOWERS -Le volume sur hiver-,视觉小说,剧情分支／冒险,女子学院／百合／最终章,白羽蘇芳、匂坂マユリ、八代譲葉,2018,PS Vita,PROTOTYPE,PROTOTYPE,掌机移植,,高分辨率与触屏适配，加入接近 PC 原版的色彩调整功能。,https://www.prot.co.jp/psv/flowers4/spec.html
g242,g242-v3,FLOWERS 冬篇,,FLOWERS -Le volume sur hiver-,视觉小说,剧情分支／冒险,女子学院／百合／最终章,白羽蘇芳、匂坂マユリ、八代譲葉,2019,PS4,PROTOTYPE,PROTOTYPE,四季合集收录版本,,《FLOWERS 四季》合集，收录春夏秋冬四篇；1080p 画面。 同一合集的四篇分别挂到原作品，合集本身不新计作品。,https://www.prot.co.jp/ps4/flowersq/spec.html
g242,g242-v4,FLOWERS 冬篇,,FLOWERS -Le volume sur hiver-,视觉小说,剧情分支／冒险,女子学院／百合／最终章,白羽蘇芳、匂坂マユリ、八代譲葉,2019,Nintendo Switch,PROTOTYPE,PROTOTYPE,四季合集收录版本,,《FLOWERS 四季》合集，收录春夏秋冬四篇；电视模式 1080p，新增绘图。 同一合集的四篇分别挂到原作品，合集本身不新计作品。,https://www.prot.co.jp/switch/flowersq/spec.html
g239,g239-v6,FLOWERS 春篇,,FLOWERS -Le volume sur printemps-,视觉小说,恋爱剧情,女子学院／百合／校园悬疑,白羽蘇芳、匂坂マユリ、花菱立花,2016,Windows（Steam）,JAST,JAST,英文本地化,,英文文本、日语角色配音；作为该季的国际版单独归档。,https://store.steampowered.com/app/452440/
g240,g240-v6,FLOWERS 夏篇,,FLOWERS -Le volume sur été-,视觉小说,恋爱剧情,女子学院／百合／成长,八重垣えりか、考崎千鳥、白羽蘇芳,2018,Windows（Steam）,JAST,JAST,英文本地化,,英文文本、日语角色配音；作为该季的国际版单独归档。,https://store.steampowered.com/app/858940/
g241,g241-v5,FLOWERS 秋篇,,FLOWERS -Le volume sur automne-,视觉小说,恋爱剧情,女子学院／百合／恋爱,八代譲葉、小御門ネリネ、白羽蘇芳,2020,Windows（Steam）,JAST,JAST,英文本地化,,英文文本、日语角色配音；作为该季的国际版单独归档。,https://store.steampowered.com/app/1238730/
g242,g242-v5,FLOWERS 冬篇,,FLOWERS -Le volume sur hiver-,视觉小说,剧情分支／冒险,女子学院／百合／最终章,白羽蘇芳、匂坂マユリ、八代譲葉,2022,Windows（Steam）,JAST,JAST,英文本地化,,英文文本、日语角色配音；作为该季的国际版单独归档。,https://store.steampowered.com/app/1921560/
g244,g244-v1,苦涩的愚人,,BITTERSWEET FOOLS,视觉小说,剧情分支／冒险,佛罗伦萨／群像／成长,レーニエ、フランチェスカ、ティ,2001,Windows PC,minori,minori,日文首发（本篇）,,独立发行的原版；角色配音与具体首发日待按原版资料逐项核对。,https://www.minori.ph/lineup/bsf/index.html
g245,g245-v1,风：心灵之息,,Wind -a breath of heart-,Galgame,恋爱剧情冒险,故乡／超常能力／恋爱,丘野真、丘野ひなた、鳴風みなも,2002,Windows PC,minori,minori,日文首发（本篇）,,独立发行的原版；角色配音与具体首发日待按原版资料逐项核对。,https://www.minori.ph/lineup/wind/index.html
g246,g246-v1,微风的馈赠,,そよかぜのおくりもの -Wind Pleasurable Box-,Galgame,恋爱剧情冒险,Wind／后续短篇／Fan Disc,鳴風みなも、丘野真,2002,Windows PC,minori,minori,日文首发（独立发行的 Fan Disc）,,独立发行的原版；角色配音与具体首发日待按原版资料逐项核对。,https://www.minori.ph/lineup/soyokaze/index.html
g247,g247-v1,春天的足音,,はるのあしおと,Galgame,恋爱剧情冒险,校园／临时教师／恋爱,桜乃樹,2004,Windows PC,minori,minori,日文首发（本篇）,,独立发行的原版；角色配音与具体首发日待按原版资料逐项核对。,https://www.minori.ph/lineup/haru/index.html
g248,g248-v1,天使型,,ANGEL TYPE,Galgame,恋爱剧情冒险,青春／孤独／疗愈,尚、詩希、砂緒、未憂,2005,Windows PC,minori,minori,日文首发（本篇）,,独立发行的原版；角色配音与具体首发日待按原版资料逐项核对。,https://www.minori.ph/lineup/at/index.html
g249,g249-v1,樱花绽放之时,,さくらのさくころ -はるのあしおと Pleasurable Box-,Galgame,恋爱剧情冒险,春天的足音／后续短篇／Fan Disc,桜乃樹,2006,Windows PC,minori,minori,日文首发（独立发行的 Fan Disc）,,独立发行的原版；角色配音与具体首发日待按原版资料逐项核对。,https://www.minori.ph/lineup/sakura/index.html
g250,g250-v1,悠久之翼：前篇,,ef - the first tale.,视觉小说,恋爱剧情,群像／恋爱／前篇,広野紘、宮村みやこ、新藤景,2006,Windows PC,minori,minori,日文首发（《ef》前篇，独立发行）,,独立发行的原版；角色配音与具体首发日待按原版资料逐项核对。,https://www.minori.ph/lineup/ef/index.html
g251,g251-v1,悠久之翼：后篇,,ef - the latter tale.,视觉小说,恋爱剧情,群像／记忆／后篇,新藤千尋、麻生蓮治、火村夕、雨宮優子,2008,Windows PC,minori,minori,日文首发（《ef》后篇，独立发行）,,独立发行的原版；角色配音与具体首发日待按原版资料逐项核对。,https://www.minori.ph/lineup/ef/index.html
g252,g252-v1,伊甸园,,"eden* They were only two, on the planet.",视觉小说,单线视觉小说,末日／科幻／恋爱,シオン、榛名亮,2009,Windows PC,minori,minori,日文首发（本篇；PLUS+MOSAIC 是追加内容版本）,,独立发行的原版；角色配音与具体首发日待按原版资料逐项核对。,https://www.minori.ph/lineup/eden_/
g253,g253-v1,天使的星期日,,天使の日曜日 “ef - a fairy tale of the two.” Pleasurable Box.,视觉小说,剧情分支／冒险,ef／后日谈／Fan Disc,雨宮優子、火村夕,2010,Windows PC,minori,minori,日文首发（独立发行的 Fan Disc）,,独立发行的原版；角色配音与具体首发日待按原版资料逐项核对。,https://www.suruga-ya.jp/product/detail/145024850
g254,g254-v1,すぴぱら：初次见面,灵动乐园：初次见面,すぴぱら NICE TO MEET YOU!,视觉小说,剧情分支／冒险,すぴぱら／短篇前传／全年龄,真田幸成、神代アリス,2011,Windows PC,minori,minori,日文首发（独立发行的短篇前传）,,独立发行的原版；角色配音与具体首发日待按原版资料逐项核对。,https://www.suruga-ya.jp/product/detail/145031086
g255,g255-v1,すぴぱら：春天来了,灵动乐园：春天来了,すぴぱら - Alice the magical conductor. STORY #01 - Spring Has Come!,视觉小说,剧情分支／冒险,镰仓／魔女／校园／全年龄,真田幸成、神代アリス、鳴海桜、天野ほたる,2012,Windows PC,minori,minori,日文首发（分章企划已发行的正篇）,,独立发行的原版；角色配音与具体首发日待按原版资料逐项核对。,https://www.minori.ph/lineup/sppl/
g256,g256-v1,夏空的英仙座,,夏空のペルセウス,Galgame,恋爱剧情冒险,夏日山村／伤痛／恋爱,遠野森羅、透香、翠、あやめ、恋,2012,Windows PC,minori,minori,日文首发（本篇）,,独立发行的原版；角色配音与具体首发日待按原版资料逐项核对。,https://www.minori.ph/lineup/perseus/
g257,g257-v1,十二月的夏娃,,12の月のイヴ,Galgame,恋爱剧情冒险,圣诞／记忆／恋爱,直人,2014,Windows PC,minori,minori,日文首发（本篇）,,独立发行的原版；角色配音与具体首发日待按原版资料逐项核对。,https://www.minori.ph/lineup/12mooneve/
g258,g258-v1,其后之序曲,,ソレヨリノ前奏詩,Galgame,恋爱剧情冒险,读心／海边城市／恋爱,宫坂终、姬野永远、佐仓井真响、都筑遥,2015,Windows PC,minori,minori,日文首发（本篇）,,独立发行的原版；角色配音与具体首发日待按原版资料逐项核对。,https://www.minori.ph/lineup/_yorino/
g259,g259-v1,罪之光约会,,罪ノ光ランデヴー,Galgame,恋爱剧情冒险,封闭村庄／秘密／恋爱,野々村優人、真澄あい,2016,Windows PC,minori,minori,日文首发（本篇）,,独立发行的原版；角色配音与具体首发日待按原版资料逐项核对。,https://www.minori.ph/lineup/_tsuminohi/
g260,g260-v1,Trinoline,特里诺兰,トリノライン,Galgame,恋爱剧情冒险,仿生人／记忆／恋爱,七波舜、七波シロネ、トリノ,2017,Windows PC,minori,minori,日文首发（本篇）,,独立发行的原版；角色配音与具体首发日待按原版资料逐项核对。,https://www.minori.ph/lineup/trinoline/
g261,g261-v1,Trinoline Genesis,特里诺兰：创世纪,トリノライン：ジェネシス,Galgame,恋爱剧情冒险,トリノライン／后日谈／Fan Disc,七波舜、紗羅、シロネ、夕梨,2018,Windows PC,minori,minori,日文首发（独立发行的 Fan Disc）,,独立发行的原版；角色配音与具体首发日待按原版资料逐项核对。,https://www.minori.ph/lineup/trinoline/_index01_.html
g262,g262-v1,那天的野兽,,その日の獣には、,Galgame,恋爱剧情冒险,校园／戏剧／传闻,友瀬律希、友瀬瑠奈、池貝舞雪、深浜祈,2019,Windows PC,minori,minori,日文首发（本篇；实际发行于 2019-01-25）,,独立发行的原版；角色配音与具体首发日待按原版资料逐项核对。,https://www.minori.ph/lineup/sonokemo/
g250,g250-v2,悠久之翼：前篇,,ef - the first tale.,视觉小说,恋爱剧情,群像／恋爱／前篇,広野紘、宮村みやこ、新藤景,2019,Windows（Steam）,MangaGamer / Sunflower Ocean,MangaGamer、Sunflower Ocean,英文本地化／全年龄版,,前篇的英文发行版本；不另计新作品。,https://store.steampowered.com/app/1144300/
g251,g251-v2,悠久之翼：后篇,,ef - the latter tale.,视觉小说,恋爱剧情,群像／记忆／后篇,新藤千尋、麻生蓮治、火村夕、雨宮優子,2019,Windows（Steam）,MangaGamer,MangaGamer,英文本地化／全年龄版,,后篇的英文发行版本；不另计新作品。,https://store.steampowered.com/app/1145030/
g252,g252-v2,伊甸园,,"eden* They were only two, on the planet.",视觉小说,单线视觉小说,末日／科幻／恋爱,シオン、榛名亮,2015,Windows（Steam）,MangaGamer,MangaGamer,英文本地化／全年龄版,,国际发行版本；与日文原版和 PLUS+MOSAIC 归于同一作品。,https://store.steampowered.com/app/315810/eden/
g261,g261-v2,Trinoline Genesis,特里诺兰：创世纪,トリノライン：ジェネシス,Galgame,恋爱剧情冒险,トリノライン／后日谈／Fan Disc,七波舜、紗羅、シロネ、夕梨,2022,Windows（Steam）,MangaGamer,MangaGamer,英文本地化,,原作后日谈与配角新路线的英文发行版。,https://store.steampowered.com/app/984600/Trinoline_Genesis/
g260,g260-v2,Trinoline,特里诺兰,トリノライン,Galgame,恋爱剧情冒险,仿生人／记忆／恋爱,七波舜、七波シロネ、トリノ,2023,Nintendo Switch,ENTERGRAM,ENTERGRAM,主机移植,,ENTERGRAM 发行的 Switch 版；原作仍以 2017 年日文 PC 版为首发。,https://www.entergram.co.jp/trinoline/
g259,g259-v2,罪之光约会,,罪ノ光ランデヴー,Galgame,恋爱剧情冒险,封闭村庄／秘密／恋爱,野々村優人、真澄あい,2024,PlayStation 4,ENTERGRAM,ENTERGRAM,主机移植,,2024-12-19 发行的全年龄主机版；不重复计作品。,https://www.entergram.co.jp/tsuminohi/product/
g262,g262-v2,那天的野兽,,その日の獣には、,Galgame,恋爱剧情冒险,校园／戏剧／传闻,友瀬律希、友瀬瑠奈、池貝舞雪、深浜祈,2025,PlayStation 4,ENTERGRAM,ENTERGRAM,主机移植,,2025-05-29 发行的全年龄主机版；日文 PC 首发为 2019 年。,https://www.entergram.co.jp/sonokemo/product/
g259,g259-v3,罪之光约会,,罪ノ光ランデヴー,Galgame,恋爱剧情冒险,封闭村庄／秘密／恋爱,野々村優人、真澄あい,2024,Nintendo Switch,ENTERGRAM,ENTERGRAM,主机移植,,2024-12-19 发行的全年龄主机版；不重复计作品。,https://www.entergram.co.jp/tsuminohi/product/
g262,g262-v3,那天的野兽,,その日の獣には、,Galgame,恋爱剧情冒险,校园／戏剧／传闻,友瀬律希、友瀬瑠奈、池貝舞雪、深浜祈,2025,Nintendo Switch,ENTERGRAM,ENTERGRAM,主机移植,,2025-05-29 发行的全年龄主机版；日文 PC 首发为 2019 年。,https://www.entergram.co.jp/sonokemo/product/
g263,g263-v1,Binary Pot,二进制咖啡壶,バイナリィ・ポット,Galgame,恋爱剧情冒险,网络咖啡馆／虚拟世界／恋爱,羽根井優希、奈都子、ミリィ,2002,Windows,AUGUST,AUGUST,日文 PC 首发,,日文原版；角色配音待逐项核对。,https://august-soft.com/product
g264,g264-v1,Princess Holiday：苹果酒馆千夜一夜,,Princess Holiday ～転がるりんご亭千夜一夜～,Galgame,恋爱剧情冒险,王国／酒馆／公主,クリフ、レティシア・ラ・ミュウ・シンフォニア,2002,Windows,AUGUST,AUGUST,日文 PC 首发,,日文原版；角色配音待逐项核对。,https://august-soft.com/product
g265,g265-v1,月东日西,,月は東に日は西に ～Operation Sanctuary～,Galgame,恋爱剧情冒险,学园／奇遇／恋爱,天ヶ崎美琴、藤枝保奈美,2003,Windows,AUGUST,AUGUST,日文 PC 首发,,日文原版；角色配音待逐项核对。,https://august-soft.com/product
g266,g266-v1,AUGUST Fan BOX,八月作品合集,オーガストファンBOX,Galgame,恋爱剧情冒险,跨作品／后日谈／Fan Disc,羽根井優希、レティシア、天ヶ崎美琴,2004,Windows,AUGUST,AUGUST,日文 PC 独立发行,,日文原版；角色配音待逐项核对。,https://august-soft.com/product
g267,g267-v1,夜明前的琉璃色,,夜明け前より瑠璃色な,Galgame,恋爱剧情冒险,月球王国／寄宿／恋爱,朝霧達哉、フィーナ・ファム・アーシュライト、朝霧麻衣,2005,Windows,AUGUST,AUGUST,日文 PC 首发,,日文原版；角色配音待逐项核对。,https://august-soft.com/product
g268,g268-v1,FORTUNE ARTERIAL,赤色约定,FORTUNE ARTERIAL,Galgame,恋爱剧情冒险,寄宿学园／吸血鬼／恋爱,支倉孝平、千堂瑛里華,2008,Windows,AUGUST,AUGUST,日文 PC 首发,,日文原版；角色配音待逐项核对。,https://august-soft.com/product
g269,g269-v1,夜明前的琉璃色：Moonlight Cradle,,夜明け前より瑠璃色な -Moonlight Cradle-,Galgame,恋爱剧情冒险,夜明前的琉璃色／后日谈／Fan Disc,朝霧達哉、フィーナ・ファム・アーシュライト,2009,Windows,AUGUST,AUGUST,日文 PC 首发,,日文原版；角色配音待逐项核对。,https://august-soft.com/product
g270,g270-v1,秽翼的尤斯蒂娅,,穢翼のユースティア,视觉小说,剧情分支／冒险,悬空都市／灾变／奇幻,カイム・アストレア、ユースティア・アストレア,2011,Windows,AUGUST,AUGUST,日文 PC 首发,,日文原版；角色配音待逐项核对。,https://august-soft.com/product
g271,g271-v1,大图书馆的牧羊人,,大図書館の羊飼い,Galgame,恋爱剧情冒险,大型学园／图书部／恋爱,筧京太郎、白崎つぐみ、桜庭玉藻,2013,Windows,AUGUST,AUGUST,日文 PC 首发,,日文原版；角色配音待逐项核对。,https://august-soft.com/product
g272,g272-v1,大图书馆的牧羊人：放学后尾巴时光,,大図書館の羊飼い 放課後しっぽデイズ,Galgame,恋爱剧情冒险,图书馆系列／猫摄影部／外传,土岐のぞみ、藤宮朔夜,2013,Windows,AUGUST,AUGUST,日文 PC 独立发行,,日文原版；角色配音待逐项核对。,https://august-soft.com/product
g273,g273-v1,大图书馆的牧羊人：Dreaming Sheep,,大図書館の羊飼い -Dreaming Sheep-,Galgame,恋爱剧情冒险,图书馆系列／后日谈／Fan Disc,筧京太郎、多岐川葵、土岐のぞみ,2014,Windows,AUGUST,AUGUST,日文 PC 独立发行,,日文原版；角色配音待逐项核对。,https://august-soft.com/product
g274,g274-v1,千之刃涛、桃花染之皇姬,,千の刃濤、桃花染の皇姫,Galgame,恋爱剧情冒险,皇国／战乱／忠义,鴇田宗仁、宮国朱璃、椎葉古杜音,2016,Windows,AUGUST,AUGUST,日文 PC 首发,,日文原版；角色配音待逐项核对。,https://august-soft.com/product
g275,g275-v1,千之刃涛、桃花染之皇姬：花灯,,千の刃濤、桃花染の皇姫 -花あかり-,Galgame,恋爱剧情冒险,皇国／后日谈／Fan Disc,鴇田宗仁、宮国朱璃、椎葉古杜音,2019,Windows,AUGUST,AUGUST,日文 PC 独立发行,,日文原版；角色配音待逐项核对。,https://august-soft.com/product
g264,g264-v2,Princess Holiday：苹果酒馆千夜一夜,,Princess Holiday ～転がるりんご亭千夜一夜～,Galgame,恋爱剧情冒险,王国／酒馆／公主,クリフ、レティシア・ラ・ミュウ・シンフォニア,2003,Dreamcast,Alchemist,Alchemist,全年龄主机移植,,由 HuneX 移植的 Dreamcast 版；不同于 PC 原版。,https://www.hunex.co.jp/archives/works/dreamcast
g264,g264-v3,Princess Holiday：苹果酒馆千夜一夜,,Princess Holiday ～転がるりんご亭千夜一夜～,Galgame,恋爱剧情冒险,王国／酒馆／公主,クリフ、レティシア・ラ・ミュウ・シンフォニア,2004,PlayStation 2,Alchemist,Alchemist,全年龄主机移植,,Alchemist 发行的 PS2 版。,https://www.hunex.co.jp/archives/works/ps2_01/2
g265,g265-v2,月东日西,,月は東に日は西に ～Operation Sanctuary～,Galgame,恋爱剧情冒险,学园／奇遇／恋爱,天ヶ崎美琴、藤枝保奈美,2004,Dreamcast,Alchemist,Alchemist,全年龄主机移植,,2004-06-24 发售；主机版单列平台，不另计作品。,https://august-soft.com/product
g265,g265-v3,月东日西,,月は東に日は西に ～Operation Sanctuary～,Galgame,恋爱剧情冒险,学园／奇遇／恋爱,天ヶ崎美琴、藤枝保奈美,2004,PlayStation 2,Alchemist,Alchemist,全年龄主机移植,,Alchemist 发行的 PS2 版。,https://www.hunex.co.jp/archives/works/ps2_01
g267,g267-v2,夜明前的琉璃色,,夜明け前より瑠璃色な,Galgame,恋爱剧情冒险,月球王国／寄宿／恋爱,朝霧達哉、フィーナ・ファム・アーシュライト、朝霧麻衣,2006,PlayStation 2,ARIA,ARIA,扩展主机版,,Brighter than dawning blue：新增远山翠与艾斯特尔路线。,https://aria-soft.com/product
g267,g267-v3,夜明前的琉璃色,,夜明け前より瑠璃色な,Galgame,恋爱剧情冒险,月球王国／寄宿／恋爱,朝霧達哉、フィーナ・ファム・アーシュライト、朝霧麻衣,2009,Windows,AUGUST,AUGUST,全年龄逆移植,,Brighter than dawning blue for PC：在 PS2 扩展内容基础上的 PC 版。,https://aria-soft.com/product
g267,g267-v4,夜明前的琉璃色,,夜明け前より瑠璃色な,Galgame,恋爱剧情冒险,月球王国／寄宿／恋爱,朝霧達哉、フィーナ・ファム・アーシュライト、朝霧麻衣,2010,PlayStation Portable,ARIA,ARIA,主机移植,,PORTABLE：承接 Brighter than dawning blue。,https://aria-soft.com/product
g267,g267-v5,夜明前的琉璃色,,夜明け前より瑠璃色な,Galgame,恋爱剧情冒险,月球王国／寄宿／恋爱,朝霧達哉、フィーナ・ファム・アーシュライト、朝霧麻衣,2011,Windows（Windows 7 对应版）,AUGUST,AUGUST,兼容性再版,,原作本篇的 Windows 7 对应发行；新增剧情未见官方说明。,https://august-soft.com/product
g267,g267-v6,夜明前的琉璃色,,夜明け前より瑠璃色な,Galgame,恋爱剧情冒险,月球王国／寄宿／恋爱,朝霧達哉、フィーナ・ファム・アーシュライト、朝霧麻衣,2020,Windows（Complete Pack）,AUGUST,AUGUST,系列合集,,三作合集：本篇、Brighter than dawning blue for PC 与 Moonlight Cradle；官方说明无新要素。,https://august-soft.com/yoake_cp/
g268,g268-v2,FORTUNE ARTERIAL,赤色约定,FORTUNE ARTERIAL,Galgame,恋爱剧情冒险,寄宿学园／吸血鬼／恋爱,支倉孝平、千堂瑛里華,2011,Windows（Windows 7 对应版）,AUGUST,AUGUST,兼容性再版,,Windows 7 对应版本。,https://august-soft.com/product
g269,g269-v2,夜明前的琉璃色：Moonlight Cradle,,夜明け前より瑠璃色な -Moonlight Cradle-,Galgame,恋爱剧情冒险,夜明前的琉璃色／后日谈／Fan Disc,朝霧達哉、フィーナ・ファム・アーシュライト,2011,Windows（Windows 7 对应版）,AUGUST,AUGUST,兼容性再版,,后续篇的 Windows 7 对应版本。,https://august-soft.com/product
g270,g270-v2,秽翼的尤斯蒂娅,,穢翼のユースティア,视觉小说,剧情分支／冒险,悬空都市／灾变／奇幻,カイム・アストレア、ユースティア・アストレア,2014,PlayStation Vita,dramatic create,dramatic create,全年龄主机移植,,Angel’s blessing；按实际主机品牌署名归档。,https://dramaticcreate.com/eustia/
g270,g270-v3,秽翼的尤斯蒂娅,,穢翼のユースティア,视觉小说,剧情分支／冒险,悬空都市／灾变／奇幻,カイム・アストレア、ユースティア・アストレア,2016,Windows（新装版）,AUGUST,AUGUST,新装版,,官方产品目录列明的新版。,https://august-soft.com/product
g270,g270-v4,秽翼的尤斯蒂娅,,穢翼のユースティア,视觉小说,剧情分支／冒险,悬空都市／灾变／奇幻,カイム・アストレア、ユースティア・アストレア,2022,PlayStation 4,ENTERGRAM,ENTERGRAM,全年龄主机移植,,ENTERGRAM 发行的 PS4 版。,https://www.entergram.co.jp/eustia/product/
g270,g270-v5,秽翼的尤斯蒂娅,,穢翼のユースティア,视觉小说,剧情分支／冒险,悬空都市／灾变／奇幻,カイム・アストレア、ユースティア・アストレア,2022,Nintendo Switch,ENTERGRAM,ENTERGRAM,全年龄主机移植,,ENTERGRAM 发行的 Switch 版。,https://www.entergram.co.jp/eustia/product/
g271,g271-v2,大图书馆的牧羊人,,大図書館の羊飼い,Galgame,恋爱剧情冒险,大型学园／图书部／恋爱,筧京太郎、白崎つぐみ、桜庭玉藻,2015,PlayStation Vita,ARIA,ARIA,三作合集／增补,,Library Party：包含本篇、放課後しっぽデイズ与 Dreaming Sheep，新增一之江金魚故事。,https://aria-soft.com/product
g271,g271-v3,大图书馆的牧羊人,,大図書館の羊飼い,Galgame,恋爱剧情冒险,大型学园／图书部／恋爱,筧京太郎、白崎つぐみ、桜庭玉藻,2018,Nintendo Switch,ARIA,ARIA,三作合集／移植,,Library Party 的 Switch 版；同时收录另两部独立作品。,https://aria-soft.com/product
g271,g271-v4,大图书馆的牧羊人,,大図書館の羊飼い,Galgame,恋爱剧情冒险,大型学园／图书部／恋爱,筧京太郎、白崎つぐみ、桜庭玉藻,2019,PlayStation 4,ARIA,ARIA,三作合集／移植,,Library Party 的 PS4 版；同时收录另两部独立作品。,https://aria-soft.com/product
g274,g274-v2,千之刃涛、桃花染之皇姬,,千の刃濤、桃花染の皇姫,Galgame,恋爱剧情冒险,皇国／战乱／忠义,鴇田宗仁、宮国朱璃、椎葉古杜音,2017,PlayStation 4,ARIA,ARIA,全年龄主机移植,,主机版的事件图、角色、背景升至全高清。,https://aria-soft.com/senmomo/products.html
g274,g274-v3,千之刃涛、桃花染之皇姬,,千の刃濤、桃花染の皇姫,Galgame,恋爱剧情冒险,皇国／战乱／忠义,鴇田宗仁、宮国朱璃、椎葉古杜音,2017,PlayStation Vita,ARIA,ARIA,全年龄主机移植,,与 PS4 同日发售的便携版。,https://aria-soft.com/senmomo/products.html
g274,g274-v4,千之刃涛、桃花染之皇姬,,千の刃濤、桃花染の皇姫,Galgame,恋爱剧情冒险,皇国／战乱／忠义,鴇田宗仁、宮国朱璃、椎葉古杜音,2022,Nintendo Switch,ENTERGRAM,ENTERGRAM,全年龄主机移植,,Switch 版；原作仍按 2016 年日文 PC 首发。,https://www.entergram.co.jp/senmomo/
g276,g276-v1,初恋1/1,,初恋1/1,Galgame,恋爱剧情冒险,校园／初恋／恋爱,森野雪乃、月島叶、鴇崎摩耶,2012,Windows,tone work’s,tone work’s,原版,,2012-06-29 首发；后续三条角色追加剧情为下载扩展，不重复计游戏版本。,https://toneworks.product.co.jp/product.html
g277,g277-v1,星织梦未来,,星織ユメミライ,Galgame,恋爱剧情冒险,学园／七夕／未来,日野涼介、逢坂そら、篠崎真里花、鳴沢律佳,2014,Windows,tone work’s,tone work’s,原版,,2014-07-25 首发；校园篇与日后篇。,https://toneworks.product.co.jp/product.html
g277,g277-v2,星织梦未来,,星織ユメミライ,Galgame,恋爱剧情冒险,学园／七夕／未来,日野涼介、逢坂そら、篠崎真里花、鳴沢律佳,2016,PlayStation Vita,PROTOTYPE,PROTOTYPE,Converted Edition／全年龄移植,,2016-08-10 发售；追加剧情及事件图，主人公以外角色全语音。,https://www.prot.co.jp/psv/hoshiori/spec.html
g277,g277-v3,星织梦未来,,星織ユメミライ,Galgame,恋爱剧情冒险,学园／七夕／未来,日野涼介、逢坂そら、篠崎真里花、鳴沢律佳,2017,PlayStation 4,PROTOTYPE,PROTOTYPE,Converted Edition／全年龄移植,,2017-09-14 发售；主人公以外角色全语音。,https://www.prot.co.jp/ps4/hoshiori/spec.html
g277,g277-v4,星织梦未来,,星織ユメミライ,Galgame,恋爱剧情冒险,学园／七夕／未来,日野涼介、逢坂そら、篠崎真里花、鳴沢律佳,2021,Windows,tone work’s,tone work’s,Perfect Edition,,2021-06-25 发售；移植主机版新增剧情与事件图，并改为 1920×1080 全高清。,https://toneworks.product.co.jp/hoshiori_pe/
g278,g278-v1,律佳与你的一周年纪念甜蜜生日,,律佳とあなたの１周年記念、いちゃらぶバースデー,Galgame,恋爱剧情冒险,星织梦未来／免费短篇／纪念 Fan Disc,鳴沢律佳,2015,Windows（免费下载）,tone work’s,tone work’s,免费短篇 Fan Disc,无角色配音,2015-06-29 公开；官网说明该小型 Fan Disc 无语音。,https://toneworks.product.co.jp/hoshiori/index.html
g279,g279-v1,银色、遥远,,銀色、遥か,Galgame,恋爱剧情冒险,青春／成长／恋爱,ベスリー、雛多、椛、瑞羽、雪月,2016,Windows,tone work’s,tone work’s,原版,,2016-08-26 首发。,https://toneworks.product.co.jp/product.html
g280,g280-v1,在月之彼岸相逢,,月の彼方で逢いましょう,Galgame,恋爱剧情冒险,青春／时间／恋爱,佐倉雨音、倉橋聖衣良、岬栞菜,2019,Windows,tone work’s,tone work’s,原版,,2019-06-28 首发。,https://toneworks.product.co.jp/product.html
g280,g280-v2,在月之彼岸相逢,,月の彼方で逢いましょう,Galgame,恋爱剧情冒险,青春／时间／恋爱,佐倉雨音、倉橋聖衣良、岬栞菜,2022,PlayStation 4,ENTERGRAM,ENTERGRAM,全年龄主机移植,,2022-02-24 发售；按主机版实际发行署名记录。,https://www.entergram.co.jp/tsukikana/
g280,g280-v3,在月之彼岸相逢,,月の彼方で逢いましょう,Galgame,恋爱剧情冒险,青春／时间／恋爱,佐倉雨音、倉橋聖衣良、岬栞菜,2022,Nintendo Switch,ENTERGRAM,ENTERGRAM,全年龄主机移植,,2022-02-24 与 PS4 版同日发售。,https://www.entergram.co.jp/tsukikana/
g281,g281-v1,在月之彼岸相逢：SweetSummerRainbow,,月の彼方で逢いましょう SweetSummerRainbow,Galgame,恋爱剧情冒险,后日谈／夏日／Fan Disc,佐倉雨音,2020,Windows,tone work’s,tone work’s,独立后续作,,2020-05-29 首发。,https://toneworks.product.co.jp/product.html
g282,g282-v1,めいくるっ！,制造奇迹！,めいくるっ！,Galgame,恋爱剧情冒险,学园／女仆／喜剧,比奈森依音、白比真央、空渡瑠璃、小村未居,2007,Windows,ASa Project,ASa Project,原版,,2007-05-25 首发；具体配音状态未逐版核实。,https://www.asa-pro.com/mai/meikuru.html
g283,g283-v1,HimeのちHoney,公主之后是甜心,HimeのちHoney,Galgame,恋爱剧情冒险,校园／高岭之花／恋爱,天宫心恋、圣堂鹤未、塞西莉亚娜,2008,Windows,ASa Project,ASa Project,原版,,2008-08-29 首发；具体配音状态未逐版核实。,https://www.asa-pro.com/top/hime/index.html
g284,g284-v1,アッチむいて恋,转身恋爱,アッチむいて恋,Galgame,恋爱剧情冒险,校园／男装女装／双重身份,男生／女装宿舍生（玩家）、朱,2010,Windows,ASa Project,ASa Project,原版,,2010-04-30 首发；具体配音状态未逐版核实。,https://www.asa-pro.com/top/new/index.html
g285,g285-v1,恋爱 0 公里,,恋愛０キロメートル,Galgame,恋爱剧情冒险,邻居／家庭交换／恋爱,木之本咲耶、木之本实咲、木之本希樱、矢崎夕空,2011,Windows,ASa Project,ASa Project,原版,,2011-10-28 首发；具体配音状态未逐版核实。,https://www.asa-pro.com/top/zero/index.html
g286,g286-v1,跨一步的恋爱,,ひとつ飛ばし恋愛,Galgame,恋爱剧情冒险,校园／间接相识／恋爱,园原碧里、苍木夏芽、玉森樱、寿理沙,2013,Windows,ASa Project,ASa Project,原版,,2013-04-26 首发；具体配音状态未逐版核实。,https://www.asa-pro.com/hitotsutobashi/index.html
g287,g287-v1,加减战争,,プラマイウォーズ,Galgame,恋爱剧情冒险,两家同住／校园／恋爱喜剧,主人公（共住家庭的儿子）、神宫巴,2015,Windows,ASa Project,ASa Project,原版,,2015-04-24 首发；具体配音状态未逐版核实。,https://www.asa-pro.com/puramaiwars/index.html
g288,g288-v1,三角恋爱,,スキとスキとでサンカク恋愛,Galgame,恋爱剧情冒险,校园／妹妹／三角关系,小森江宗介、小森江七瑠、小森江铃、鸣泷真帆、木须志衣菜,2016,Windows,ASa Project,ASa Project,原版,,2016-11-25 首发；具体配音状态未逐版核实。,https://www.asa-pro.com/sankakurenai/story.html
g289,g289-v1,借住恋爱,,かりぐらし恋愛,Galgame,恋爱剧情冒险,借住／多家往返／恋爱,樱木桥理兔、荒波杏、新妻日和、世计绚花,2018,Windows,ASa Project,ASa Project,原版,,2018-03-30 首发；具体配音状态未逐版核实。,https://www.asa-pro.com/karigurashi/index.html
g290,g290-v1,恋爱借用中,,恋愛、借りちゃいました,Galgame,恋爱剧情冒险,恋人租借／恋爱喜剧,新海幸、瀬川絵未、天満八純,2019,Windows,ASa Project,ASa Project,原版,,2019-07-26 首发；具体配音状态未逐版核实。,https://www.asa-pro.com/koikari/
g291,g291-v1,恋爱借用中：椿与姐妹迷你后日谈,,恋愛、借りちゃいました 椿＆ちなつ＆こなつ ミニアフターストーリー,Galgame,恋爱剧情冒险,后日谈／三条角色路线,新海幸、泉ちなつ、泉こなつ、椿,2019,Windows,ASa Project,ASa Project,独立 Fan Disc／迷你后日谈,,2019-11-29 首发；具体配音状态未逐版核实。,https://www.asa-pro.com/koikari/fd/
g292,g292-v1,恋爱借用中：绘未与八纯迷你后日谈,,恋愛、借りちゃいました 絵未＆八純 ミニアフターストーリー,Galgame,恋爱剧情冒险,后日谈／绘未与八纯,新海幸、瀬川絵未、天満八純,2020,Windows,ASa Project,ASa Project,独立 Fan Disc／迷你后日谈,,2020-01-31 首发；具体配音状态未逐版核实。,https://www.asa-pro.com/koikari/fd/
g293,g293-v1,恋爱罗亚尔,,恋愛×ロワイアル,Galgame,恋爱剧情冒险,校园／恋爱争夺／喜剧,小町浩孝、花丸まり、梁染汐音,2020,Windows,ASa Project,ASa Project,原版,,2020-11-27 首发；具体配音状态未逐版核实。,https://www.asa-pro.com/koirowa/
g294,g294-v1,恋爱罗亚尔：乃乃香、莲菜与由奈后日谈,,恋愛×ロワイアル 乃々香＆蓮菜＆由奈 ミニアフターストーリー,Galgame,恋爱剧情冒险,后日谈／恋爱竞赛,小町乃々香、天ヶ峰蓮菜、輝由奈,2021,Windows,ASa Project,ASa Project,独立 Fan Disc／迷你后日谈,,2021-03-26 首发；具体配音状态未逐版核实。,https://www.asa-pro.com/koirowa/af/
g295,g295-v1,恋爱罗亚尔：玛莉、汐音与苍后日谈,,恋愛×ロワイアル まり＆汐音＆蒼 ミニアフターストーリー,Galgame,恋爱剧情冒险,后日谈／恋爱竞赛,花丸まり、梁染汐音、伊従蒼,2021,Windows,ASa Project,ASa Project,独立 Fan Disc／迷你后日谈,,2021-05-28 首发；具体配音状态未逐版核实。,https://www.asa-pro.com/koirowa/af/
g296,g296-v1,两头恋爱,,フタマタ恋愛,Galgame,恋爱剧情冒险,双重交往／恋爱喜剧,瑠衣、宮子、結愛、煌,2022,Windows,ASa Project,ASa Project,原版,,2022-04-28 首发；具体配音状态未逐版核实。,https://www.asa-pro.com/futakoi/
g297,g297-v1,两头恋爱：瑠衣与宫子后日谈,,フタマタ恋愛 瑠衣＆宮子 ミニアフターストーリー,Galgame,恋爱剧情冒险,后日谈／瑠衣与宫子,瑠衣、宮子,2022,Windows,ASa Project,ASa Project,独立 Fan Disc／迷你后日谈,,2022-08-26 首发；具体配音状态未逐版核实。,https://www.asa-pro.com/futakoi/af/
g298,g298-v1,两头恋爱：结爱与煌后日谈,,フタマタ恋愛 結愛＆煌 ミニアフターストーリー,Galgame,恋爱剧情冒险,后日谈／结爱与煌,結愛、煌,2022,Windows,ASa Project,ASa Project,独立 Fan Disc／迷你后日谈,,2022-12-23 首发；具体配音状态未逐版核实。,https://www.asa-pro.com/futakoi/af/
g299,g299-v1,恋爱闲谈,,コイバナ恋愛,Galgame,恋爱剧情冒险,学园／恋爱话题／青春喜剧,乙女こころ、安達千依、春風めぐり、夕暮常夜,2023,Windows,ASa Project,ASa Project,原版,,2023-09-29 首发；具体配音状态未逐版核实。,https://www.asa-pro.com/koibana/
g300,g300-v1,恋爱闲谈：After Festival,,コイバナ恋愛 ミニファンディスク アフターフェスティバル,Galgame,恋爱剧情冒险,学园祭／后日谈／Fan Disc,乙女こころ、安達千依、春風めぐり、夕暮常夜,2024,Windows,ASa Project,ASa Project,独立 Fan Disc／迷你后日谈,,2024-03-29 首发；具体配音状态未逐版核实。,https://www.asa-pro.com/koibana/af/
g301,g301-v1,恋爱，初次见面,,恋愛、はじめまして,Galgame,恋爱剧情冒险,校园／初次恋爱／喜剧,天使ちゃん、藍沢紫、犬屋恋丸、風雅姫乃,2025,Windows,ASa Project,ASa Project,原版,,2025-02-28 首发；具体配音状态未逐版核实。,https://www.asa-pro.com/koihaji/
g302,g302-v1,恋爱，初次见面：Summer Vacation,,恋愛、はじめまして ミニファンディスク サマーバケーション,Galgame,恋爱剧情冒险,暑假／后日谈／Fan Disc,天使ちゃん、藍沢紫、犬屋恋丸、風雅姫乃,2025,Windows,ASa Project,ASa Project,独立 Fan Disc／迷你后日谈,,2025-09-26 首发；具体配音状态未逐版核实。,https://www.asa-pro.com/koihaji/sv/
g303,g303-v1,王样恋爱,,王様恋愛,Galgame,恋爱剧情冒险,名门／自我中心／恋爱喜剧,天王肇,2026,Windows,ASa Project,ASa Project,原版,,2026-09-25 首发；具体配音状态未逐版核实。,https://www.asa-pro.com/ousama/
g285,g285-v2,恋爱 0 公里,,恋愛０キロメートル,Galgame,恋爱剧情冒险,邻居／家庭交换／恋爱,木之本咲耶、木之本实咲、木之本希樱、矢崎夕空,2013,PlayStation Portable,Alchemist,Alchemist,Portable／全年龄移植,,加入新角色与主机版内容,https://www.asa-pro.com/top/staff/staff.html
g285,g285-v3,恋爱 0 公里,,恋愛０キロメートル,Galgame,恋爱剧情冒险,邻居／家庭交换／恋爱,木之本咲耶、木之本实咲、木之本希樱、矢崎夕空,2014,PlayStation Vita,加賀クリエイト,加賀クリエイト,V／全年龄移植,,2014-08-28；基于 Portable 的内容,https://www.entergram.co.jp/zerokiroV/
g286,g286-v2,跨一步的恋爱,,ひとつ飛ばし恋愛,Galgame,恋爱剧情冒险,校园／间接相识／恋爱,园原碧里、苍木夏芽、玉森樱、寿理沙,2015,PlayStation Vita,加賀クリエイト,加賀クリエイト,V／全年龄移植,,2015-01-29；新增角色与剧情,https://www.entergram.co.jp/hitotsutobashiV/
g287,g287-v2,加减战争,,プラマイウォーズ,Galgame,恋爱剧情冒险,两家同住／校园／恋爱喜剧,主人公（共住家庭的儿子）、神宫巴,2016,PlayStation Vita,ENTERGRAM,ENTERGRAM,V／全年龄移植,,2016-08-25 发售,https://www.entergram.co.jp/puramaiwars/
g288,g288-v2,三角恋爱,,スキとスキとでサンカク恋愛,Galgame,恋爱剧情冒险,校园／妹妹／三角关系,小森江宗介、小森江七瑠、小森江铃、鸣泷真帆、木须志衣菜,2019,PlayStation 4,ENTERGRAM,ENTERGRAM,全年龄主机移植,,2019-01-24 与 PS Vita 同日发售,https://www.entergram.co.jp/sankakurenai/
g288,g288-v3,三角恋爱,,スキとスキとでサンカク恋愛,Galgame,恋爱剧情冒险,校园／妹妹／三角关系,小森江宗介、小森江七瑠、小森江铃、鸣泷真帆、木须志衣菜,2019,PlayStation Vita,ENTERGRAM,ENTERGRAM,全年龄主机移植,,2019-01-24 与 PS4 同日发售,https://www.entergram.co.jp/sankakurenai/
g289,g289-v2,借住恋爱,,かりぐらし恋愛,Galgame,恋爱剧情冒险,借住／多家往返／恋爱,樱木桥理兔、荒波杏、新妻日和、世计绚花,2019,PlayStation 4,ENTERGRAM,ENTERGRAM,全年龄主机移植,,2019-02-21 与 PS Vita 同日发售,https://www.entergram.co.jp/karigurashi/
g289,g289-v3,借住恋爱,,かりぐらし恋愛,Galgame,恋爱剧情冒险,借住／多家往返／恋爱,樱木桥理兔、荒波杏、新妻日和、世计绚花,2019,PlayStation Vita,ENTERGRAM,ENTERGRAM,全年龄主机移植,,2019-02-21 与 PS4 同日发售,https://www.entergram.co.jp/karigurashi/
g290,g290-v2,恋爱借用中,,恋愛、借りちゃいました,Galgame,恋爱剧情冒险,恋人租借／恋爱喜剧,新海幸、瀬川絵未、天満八純,2021,PlayStation 4,ENTERGRAM,ENTERGRAM,全年龄主机移植,,2021-07-21 与 Switch 同日发售,https://www.entergram.co.jp/koikari/
g290,g290-v3,恋爱借用中,,恋愛、借りちゃいました,Galgame,恋爱剧情冒险,恋人租借／恋爱喜剧,新海幸、瀬川絵未、天満八純,2021,Nintendo Switch,ENTERGRAM,ENTERGRAM,全年龄主机移植,,2021-07-21 与 PS4 同日发售,https://www.entergram.co.jp/koikari/
g304,g304-v1,同级生2,,同級生2,Galgame,恋爱剧情冒险,校园／时间管理,主人公（玩家）、鸣泽唯、杉本樱子,1995,PC-9800,ELF,ELF,原版,,1995 年原版；与其他版本的配音、演出差异待核实。,https://gamefaqs.gamespot.com/games/company/72693-elf
g304,g304-v2,同级生2,,同級生2,Galgame,恋爱剧情冒险,校园／时间管理,主人公（玩家）、鸣泽唯、杉本樱子,1997,Windows,ELF,ELF,移植／重制,,1997 年移植／重制；与其他版本的配音、演出差异待核实。,https://archive.is/taUch
g305,g305-v1,河原崎家的一族,,河原崎家の一族,Galgame,成人向冒险,悬疑／多结局,斉藤六郎、古手川美佐子、安藤香織、河原崎麗、倉田亜栗栖、河原崎さちこ、朝倉みいな、河原崎京子,1993,PC-9800,Silky’s,Silky’s,原版,无角色配音,大宅多线剧情原作；后续 Windows 95 版增加角色语音。,https://ja.wikipedia.org/wiki/河原崎家の一族
g305,g305-v2,河原崎家的一族,,河原崎家の一族,Galgame,成人向冒险,悬疑／多结局,斉藤六郎、古手川美佐子、安藤香織、河原崎麗、倉田亜栗栖、河原崎さちこ、朝倉みいな、河原崎京子,1997,Windows,ELF,ELF,移植／重制,,沿原作故事改编的版本；具有角色语音。,https://ja.wikipedia.org/wiki/河原崎家の一族
g306,g306-v1,野野村医院的人们,,野々村病院の人々,Galgame,成人向冒险,悬疑／调查,海原琢磨呂、野々村亜希子、牧野梨恵、野際美保、間宮千里、樹桃子,1994,PC-9800,Silky’s,Silky’s,原版,无角色配音,医院推理原作；后续 Saturn 和 Windows 95 版增加角色语音。,https://ja.wikipedia.org/wiki/野々村病院の人々
g306,g306-v2,野野村医院的人们,,野々村病院の人々,Galgame,成人向冒险,悬疑／调查,海原琢磨呂、野々村亜希子、牧野梨恵、野際美保、間宮千里、樹桃子,1996,Sega Saturn,ELF,ELF,移植／重制,,沿原作故事改编的版本；具有角色语音。,https://ja.wikipedia.org/wiki/野々村病院の人々
g307,g307-v1,爱姊妹：两人的果实,,愛姉妹 二人の果実,Galgame,成人向冒险,家庭／成人剧情,野川丈人、北沢留美、北沢智子、北沢幸絵,1994,PC-9800,Silky’s,Silky’s,原版,,1994 年原版；与其他版本的配音、演出差异待核实。,https://archive.is/taUch
g307,g307-v2,爱姊妹：两人的果实,,愛姉妹 二人の果実,Galgame,成人向冒险,家庭／成人剧情,野川丈人、北沢留美、北沢智子、北沢幸絵,2000,Windows,ELF,ELF,移植／重制,,2000 年移植／重制；与其他版本的配音、演出差异待核实。,https://archive.is/taUch
g308,g308-v1,遗作,,遺作,Galgame,成人向冒险,旧校舍／惊悚逃脱,伊头遗作,1995,PC-9800,ELF,ELF,原版,,1995 年原版；与其他版本的配音、演出差异待核实。,https://archive.is/taUch
g308,g308-v2,遗作,,遺作,Galgame,成人向冒险,旧校舍／惊悚逃脱,伊头遗作,1997,Windows,ELF,ELF,移植／重制,,1997 年移植／重制；与其他版本的配音、演出差异待核实。,https://archive.is/taUch
g309,g309-v1,恋姬,,恋姫 〜Mystic Princess〜,Galgame,成人向冒险,奇幻／恋爱,佐々松小十郎（PC-98）／佐々木小十郎（Windows）、那水、あんず、朱雀、まゆき,1995,PC-9800,Silky’s,Silky’s,原版,无角色配音,PC-98 原版采用纵向文字；Windows 重制重绘角色并改为横向文字和鼠标界面。,https://ja.wikipedia.org/wiki/恋姫
g309,g309-v2,恋姬,,恋姫 〜Mystic Princess〜,Galgame,成人向冒险,奇幻／恋爱,佐々松小十郎（PC-98）／佐々木小十郎（Windows）、那水、あんず、朱雀、まゆき,1999,Windows,ELF,ELF,移植／重制,,沿原作故事改编的版本；具有角色语音。,https://ja.wikipedia.org/wiki/恋姫
g310,g310-v1,下级生,,下級生,Galgame,恋爱模拟,校园／地图探索,主人公（玩家）、结城瑞穗,1996,PC-9800,ELF,ELF,原版,,1996 年原版；与其他版本的配音、演出差异待核实。,https://archive.is/taUch
g310,g310-v2,下级生,,下級生,Galgame,恋爱模拟,校园／地图探索,主人公（玩家）、结城瑞穗,1998,Windows,ELF,ELF,移植／重制,,1998 年移植／重制；与其他版本的配音、演出差异待核实。,https://archive.is/taUch
g311,g311-v1,BE-YOND,彼岸之外,ビ・ヨンド 〜黒大将に見られてる〜,Galgame,成人向冒险,科幻／喜剧,魔王／宮本小十郎（Windows 版）、レン、エバ、フェイ、アメジスト,1996,PC-9800,Silky’s,Silky’s,原版,,1996 年原版；与其他版本的配音、演出差异待核实。,https://archive.is/taUch
g311,g311-v2,BE-YOND,彼岸之外,ビ・ヨンド 〜黒大将に見られてる〜,Galgame,成人向冒险,科幻／喜剧,魔王／宮本小十郎（Windows 版）、レン、エバ、フェイ、アメジスト,2000,Windows,ELF,ELF,移植／重制,,2000 年 Windows 重制《BE-YOND》，全彩画面与角色语音。,https://ja.wikipedia.org/wiki/ビ・ヨンド_〜黒大将に見られてる〜
g312,g312-v1,臭作,,臭作,Galgame,成人向冒险,校园／悬疑,伊头臭作、高部绘里,1998,Windows,ELF,ELF,原版,,1998 年原版；与其他版本的配音、演出差异待核实。,https://archive.is/taUch
g313,g313-v1,Refrain Blue,蓝色副歌,リフレインブルー,视觉小说,恋爱剧情,海滨／恋爱,松永善博、深景,1999,Windows,ELF,ELF,原版,,1999 年原版；与其他版本的配音、演出差异待核实。,https://archive.is/taUch
g314,g314-v1,鬼作,,鬼作,Galgame,成人向冒险,职场／多线,伊头鬼作,2001,Windows,ELF,ELF,原版,,2001 年原版；与其他版本的配音、演出差异待核实。,https://archive.is/taUch
g315,g315-v1,明日的雪之丞,,あしたの雪之丞,Galgame,恋爱剧情冒险,校园／拳击,雪村雪之丞、久保胜、久保晶子,2001,Windows,ELF,ELF,原版,,2001 年原版；与其他版本的配音、演出差异待核实。,https://archive.is/taUch
g316,g316-v1,百鬼：沉默的废墟,,百鬼 〜淫黙された廃墟〜,Galgame,成人向冒险,废墟／惊悚,龙一（主人公）、若叶,2002,Windows,ELF,ELF,原版,,2002 年原版；与其他版本的配音、演出差异待核实。,https://archive.is/taUch
g317,g317-v1,胜：明日的雪之丞2,,勝 あしたの雪之丞2,Galgame,恋爱剧情冒险,校园／拳击,久保胜、雪村雪之丞,2002,Windows,ELF,ELF,原版,,2002 年原版；与其他版本的配音、演出差异待核实。,https://archive.is/taUch
g318,g318-v1,礼武色战奇谭,,らいむいろ戦奇譚 〜明治日本、乙女 防人ス。〜,Galgame,恋爱剧情冒险,明治架空史／战术,礼武队少女们,2002,Windows,ELF,ELF,原版,,2002 年原版；与其他版本的配音、演出差异待核实。,https://archive.is/taUch
g319,g319-v1,河原崎家的一族2,,河原崎家の一族2,Galgame,成人向冒险,悬疑／多线,优马、杏奈、河原崎绳纲,2003,Windows,ELF,ELF,原版,,2003 年原版；与其他版本的配音、演出差异待核实。,https://archive.is/taUch
g320,g320-v1,新御神乐少女侦探团,,新・御神楽少女探偵団,视觉小说,推理解谜融合,推理／案件调查,御神乐时人、少女侦探团,2003,Windows,ELF,ELF,原版,,2003 年原版；与其他版本的配音、演出差异待核实。,https://archive.is/taUch
g321,g321-v1,下级生2,,下級生2,Galgame,恋爱模拟,校园／恋爱,织屋浪马、柴门环,2004,Windows,ELF,ELF,原版,,2004 年原版；与其他版本的配音、演出差异待核实。,https://archive.is/taUch
g322,g322-v1,礼武色流奇谭X,,らいむいろ流奇譚X CROSS 〜恋、教ヘテクダサイ。〜,Galgame,恋爱剧情冒险,明治架空史／战术,礼武队少女们,2004,Windows,ELF,ELF,原版,,2004 年原版；与其他版本的配音、演出差异待核实。,https://archive.is/taUch
g323,g323-v1,花与蛇,,花と蛇,Galgame,成人向冒险,小说改编／成人剧情,远山静子,2005,Windows,ELF,ELF,原版,,2005 年原版；与其他版本的配音、演出差异待核实。,https://archive.is/taUch
g324,g324-v1,AV King,成人影像之王,AVキング ADULT VIDEO KING,Galgame,成人向冒险,业界／经营模拟,御园光、铃原都、天衣美束,2006,Windows,ELF,ELF,原版,,2006 年原版；与其他版本的配音、演出差异待核实。,https://archive.is/taUch
g325,g325-v1,媚肉之香,,媚肉の香り 〜ネトリネトラレヤリヤラレ〜,Galgame,成人向冒险,家庭／悬疑,拓也、进藤由纪、三泽家成员,2008,Windows,ELF,ELF,原版,,2008 年原版；与其他版本的配音、演出差异待核实。,https://archive.is/taUch
g326,g326-v1,媚肉之香 番外篇,,媚肉の香り 番外編 由紀の香り・律子の溜息,Galgame,成人向冒险,外传／角色篇,由纪、律子,2008,Windows,ELF,ELF,原版,,2008 年原版；与其他版本的配音、演出差异待核实。,https://bangumi.tv/person/1254/works/game
g327,g327-v1,人间残渣,,人間デブリ コンナジブンニダレガシタ?,Galgame,成人向冒险,心理／悬疑,南真树夫、园部空、园部光,2010,Windows,ELF,ELF,原版,,2010 年原版；与其他版本的配音、演出差异待核实。,https://bangumi.tv/person/1254/works/game
g328,g328-v1,我的女友是劳动者,,ボクの彼女はガテン系/彼女がした事、僕がされた事/巨乳妻完全捕獲計画/ボクの妻がアイツに寝取られました。,Galgame,成人向冒险,成人剧情／动画演出,田中マサシ、田中美咲、会田タケシ,2011,Windows 下载版,ELF,ELF,原版,,2011 年原版；与其他版本的配音、演出差异待核实。,https://bangumi.tv/person/1254/works/game
g329,g329-v1,麻吕的患者是劳动者,,麻呂の患者はガテン系,Galgame,成人向冒险,系列／动画演出,麻吕,2013,Windows 下载版,ELF,ELF,原版,,2013 年原版；与其他版本的配音、演出差异待核实。,https://bangumi.tv/person/1254/works/game
g330,g330-v1,麻吕的患者是劳动者2,,麻呂の患者はガテン系2,Galgame,成人向冒险,系列／动画演出,麻吕,2013,Windows 下载版,ELF,ELF,原版,,2013 年原版；与其他版本的配音、演出差异待核实。,https://bangumi.tv/person/1254/works/game
g331,g331-v1,麻吕的患者是劳动者3 完结篇,,麻呂の患者はガテン系3 完結編,Galgame,成人向冒险,系列／动画演出,麻吕,2015,Windows 下载版,ELF,ELF,原版,,2015 年原版；与其他版本的配音、演出差异待核实。,https://bangumi.tv/person/1254/works/game
g304,g304-v3,同级生2,,同級生2,Galgame,恋爱剧情冒险,校园／时间管理,主人公（玩家）、鸣泽唯、杉本樱子,1996,PC-FX,NEC Avenue,NEC Avenue,主机移植,,主机移植；归入同一作品，不重复统计。,https://gamefaqs.gamespot.com/games/company/72693-elf
g304,g304-v4,同级生2,,同級生2,Galgame,恋爱剧情冒险,校园／时间管理,主人公（玩家）、鸣泽唯、杉本樱子,1997,Sega Saturn,NEC Interchannel,NEC Interchannel,主机移植,,主机移植；归入同一作品，不重复统计。,https://gamefaqs.gamespot.com/games/company/72693-elf
g310,g310-v3,下级生,,下級生,Galgame,恋爱模拟,校园／地图探索,主人公（玩家）、结城瑞穗,1997,Sega Saturn,ELF,ELF,主机移植,,主机移植；归入同一作品，不重复统计。,https://archive.is/taUch
g306,g306-v3,野野村医院的人们,,野々村病院の人々,Galgame,成人向冒险,悬疑／调查,海原琢磨呂、野々村亜希子、牧野梨恵、野際美保、間宮千里、樹桃子,1996,Windows,ELF,ELF,移植,,沿原作故事改编的版本；具有角色语音。,https://ja.wikipedia.org/wiki/野々村病院の人々
g305,g305-v3,河原崎家的一族,,河原崎家の一族,Galgame,成人向冒险,悬疑／多结局,斉藤六郎、古手川美佐子、安藤香織、河原崎麗、倉田亜栗栖、河原崎さちこ、朝倉みいな、河原崎京子,2003,Windows 合集,ELF,ELF,合集收录,,《野々村病院の人々＆河原崎家の一族 マルチパック》收录版。,https://ja.wikipedia.org/wiki/河原崎家の一族
g306,g306-v4,野野村医院的人们,,野々村病院の人々,Galgame,成人向冒险,悬疑／调查,海原琢磨呂、野々村亜希子、牧野梨恵、野際美保、間宮千里、樹桃子,2003,Windows 合集,ELF,ELF,合集收录,,《野々村病院の人々＆河原崎家の一族 マルチパック》收录版。,https://ja.wikipedia.org/wiki/野々村病院の人々
g308,g308-v3,遗作,,遺作,Galgame,成人向冒险,旧校舍／惊悚逃脱,伊头遗作,1999,Windows,ELF,ELF,更新版,,更新版；归入同一作品，不重复统计。,https://archive.is/taUch
g046,g046-v6,同级生,,同級生,Galgame,恋爱剧情冒险,校园恋爱／地图探索,樱木舞、田中美沙、黑川里美,1999,Windows,ELF,ELF,移植,,移植；与 PC-9800 原版分列。,https://archive.is/taUch
g332,g332-v1,鬼畜侦探秃作,,鬼畜探偵 禿作,Galgame,成人向冒险,伊头家／侦探外传,秃作,2001,Windows,ELF,ELF,粉丝俱乐部 Fan Disc,,独立短篇；后续作为《鬼作》DVD 版的追加内容收录。,https://www.gameiroiro.com/2001/0829-1.htm
g333,g333-v1,谁彼,,誰彼 〜たそがれ〜,视觉小说,剧情分支／冒险,传奇／悬疑,坂神蝉丸、三井寺月代、桑嶋高子,2001,Windows,Leaf,Leaf,首发,,原作于 2001 年 2 月发行。,https://leaf.aquaplus.jp/product/tas/
g334,g334-v1,Routes,旅路,Routes -ルーツ-,视觉小说,剧情分支／冒险,间谍／传奇,那须宗一、汤浅皋月、伏见由香里,2003,Windows,Leaf,Leaf,首发 CD-ROM 版,无角色配音,2003 年 2 月发行，原 PC 版没有主机版新增的全角色配音。,https://leaf.aquaplus.jp/product/rts/
g334,g334-v2,Routes,旅路,Routes -ルーツ-,视觉小说,剧情分支／冒险,间谍／传奇,那须宗一、汤浅皋月、伏见由香里,2003,Windows,Leaf,Leaf,DVD-ROM 增补版,无角色配音,同年发行的 DVD-ROM 版新增部分 CG；仍属同一原作。,https://ja.wikipedia.org/wiki/Leaf
g334,g334-v3,Routes,旅路,Routes -ルーツ-,视觉小说,剧情分支／冒险,间谍／传奇,那须宗一、汤浅皋月、伏见由香里,2007,PlayStation 2,AQUAPLUS,AQUAPLUS,Routes PE 全年龄移植,,新增全角色配音、剧情、新人物及开场动画。,https://aquaplus.jp/routes/product.html
g334,g334-v4,Routes,旅路,Routes -ルーツ-,视觉小说,剧情分支／冒险,间谍／传奇,那须宗一、汤浅皋月、伏见由香里,2007,PlayStation Portable,AQUAPLUS,AQUAPLUS,Routes PORTABLE 全年龄移植,,与 PS2 版同日发售，增加配音和剧情，双方存档可互通。,https://aquaplus.jp/routes/product.html
g335,g335-v1,没有天使的十二月,,天使のいない12月,Galgame,恋爱剧情冒险,校园／人际关系,木田惠美梨、栗原透子、榊忍,2003,Windows,Leaf,Leaf,首发,,2003 年 9 月推出的 PC 原作。,https://leaf.aquaplus.jp/product/ten/
g336,g336-v1,锁,,鎖 -クサリ-,Galgame,恋爱剧情冒险,密闭空间／悬疑,香月恭介、折原明乃、香月千早,2005,Windows,Leaf,Leaf,首发,,2005 年 9 月推出的悬疑 ADV。,https://ja.wikipedia.org/wiki/Leaf
g337,g337-v1,心之彼端 2 AnotherDays,,ToHeart2 AnotherDays,Galgame,恋爱剧情冒险,校园恋爱／外传,河野贵明、河野春美、希露法、小牧郁乃,2008,Windows,Leaf,Leaf,外传首发,,2008 年 2 月独立推出的 PC 外传。,https://leaf.aquaplus.jp/product/th2ad/
g337,g337-v2,心之彼端 2 AnotherDays,,ToHeart2 AnotherDays,Galgame,恋爱剧情冒险,校园恋爱／外传,河野贵明、河野春美、希露法、小牧郁乃,2011,PlayStation 3,AQUAPLUS,AQUAPLUS,DX PLUS 合集内的全年龄版,,首次主机化，随《ToHeart2 DX PLUS》同捆；剧情和 CG 作调整。,https://aquaplus.jp/th2dxp/product.html
g338,g338-v1,星之王子君,,星の王子くん,Galgame,恋爱剧情冒险,校园恋爱喜剧,星野王子、甘夏布丁、葵苹果,2011,Windows,Leaf,Leaf,首发,,2011 年 1 月发售。,https://leaf.aquaplus.jp/product/prince/
g024,g024-v3,雫,水滴,雫,视觉小说,剧情分支／冒险,悬疑／成人向,长濑祐介、月岛瑠璃子,2004,Windows,Leaf,Leaf,Renewal 重绘版,,2004 年重绘并为主人公以外的人物增加配音。,https://ja.wikipedia.org/wiki/Leaf
g025,g025-v2,痕,,痕,视觉小说,剧情分支／冒险,悬疑／成人向,柏木耕一、柏木千鹤、柏木梓、柏木枫、柏木初音,1996,PC-9800,Leaf,Leaf,同期原版,无角色配音,与 Windows 版于 1996 年同期推出。,https://www.gamepres.org/catalog/?cat=1&id=8811007924006&nav=brand
g025,g025-v3,痕,,痕,视觉小说,剧情分支／冒险,悬疑／成人向,柏木耕一、柏木千鹤、柏木梓、柏木枫、柏木初音,2002,Windows,Leaf,Leaf,Renewal 重绘版,无角色配音,重绘和扩展的 2002 年更新版。,https://ja.wikipedia.org/wiki/Leaf
g025,g025-v4,痕,,痕,视觉小说,剧情分支／冒险,悬疑／成人向,柏木耕一、柏木千鹤、柏木梓、柏木枫、柏木初音,2009,Windows,Leaf,Leaf,再次重制版,,2009 年新版重新绘制人物，并加入新角色。,https://ja.wikipedia.org/wiki/Leaf
g026,g026-v3,ToHeart,心之彼端,ToHeart,视觉小说,恋爱剧情,校园恋爱,藤田浩之、神岸明里、来栖川芹香、玛尔琪（Multi）,2003,Windows,AQUAPLUS,AQUAPLUS,ToHeart PSE 全年龄逆移植,,以 PlayStation 版为基础回到 Windows，保留该版人物配音。,https://aquaplus.jp/products/eol.html
g026,g026-v4,ToHeart,心之彼端,ToHeart,视觉小说,恋爱剧情,校园恋爱,藤田浩之、神岸明里、来栖川芹香、玛尔琪（Multi）,2009,PlayStation Portable,AQUAPLUS,AQUAPLUS,ToHeart PORTABLE 同捆版,,与《ToHeart2 PORTABLE》双游戏包装同捆。,https://aquaplus.jp/psp_th2/product.html
g151,g151-v2,传颂之物,,うたわれるもの,视觉小说,剧情分支／冒险,剧情阅读／战略角色扮演,哈克奥罗、艾露露、阿露露,2006,PlayStation 2,AQUAPLUS,AQUAPLUS,散りゆく者への子守唄 全年龄移植,,剧情与战斗系统更新；主机版配音。,https://aquaplus.jp/products/eol.html
g151,g151-v3,传颂之物,,うたわれるもの,视觉小说,剧情分支／冒险,剧情阅读／战略角色扮演,哈克奥罗、艾露露、阿露露,2009,PlayStation Portable,AQUAPLUS,AQUAPLUS,PORTABLE 移植,,以主机版为基础移植掌机。,https://aquaplus.jp/products/eol.html
g159,g159-v2,心之彼端 2,,ToHeart2,Galgame,恋爱剧情冒险,校园恋爱／多线剧情,河野贵明、柚原此美、向坂环,2005,Windows,Leaf,Leaf,XRATED 成人版,,Leaf PC 版加入久寿川纱纱拉故事线及成人内容；原 PS2 首发仍署 AQUAPLUS。,https://leaf.aquaplus.jp/product/th2x/
g159,g159-v3,心之彼端 2,,ToHeart2,Galgame,恋爱剧情冒险,校园恋爱／多线剧情,河野贵明、柚原此美、向坂环,2009,PlayStation Portable,AQUAPLUS,AQUAPLUS,PORTABLE 全年龄移植,,纳入 PC 版新增的久寿川纱纱拉路线。,https://aquaplus.jp/psp_th2/product.html
g159,g159-v4,心之彼端 2,,ToHeart2,Galgame,恋爱剧情冒险,校园恋爱／多线剧情,河野贵明、柚原此美、向坂环,2011,PlayStation 3,AQUAPLUS,AQUAPLUS,DX PLUS 增补合集,,本篇增加羽根崎美绪；同捆《AnotherDays》，另作外传作品关联。,https://aquaplus.jp/th2dxp/product.html
g166,g166-v3,同人志派对,,こみっくパーティー,Galgame,恋爱模拟,同人创作／恋爱模拟,千堂和树、高濑瑞希、九品佛大志,2003,Windows,AQUAPLUS,AQUAPLUS,DCE 全年龄扩充版,,Dreamcast 版回移 PC，并将原稿绘制部分改为可关闭的打字环节。,https://aquaplus.jp/cp/dce.html
g166,g166-v4,同人志派对,,こみっくパーティー,Galgame,恋爱模拟,同人创作／恋爱模拟,千堂和树、高濑瑞希、九品佛大志,2005,PlayStation Portable,AQUAPLUS,AQUAPLUS,PORTABLE 全年龄移植,,以扩充版为基础推出掌机版。,https://aquaplus.jp/psp_cp/
g039,g039-v5,WHITE ALBUM2,白色相簿2,WHITE ALBUM2 -introductory chapter-,视觉小说,恋爱剧情,恋爱／群像,北原春希、小木曾雪菜、冬马和纱,2018,Windows,Leaf,Leaf,EXTENDED EDITION 整合版,,整合 IC、CC 与 coda 三段游戏本篇，并附相关广播剧／小说等特典内容，适配更新的 Windows 系统。,https://leaf.aquaplus.jp/product/wa2cc/product.html
g339,g339-v1,骸 ～メスを狙う顎～,骸：追逐女性的獠牙,骸～メスを狙う顎～,Galgame,成人向冒险,记忆／成人向悬疑,东条英彦、菖蒲,1998,Windows,SAGA PLANETS,SAGA PLANETS,首发,,首发 PC 版；未将不同包装或特典重复计为独立作品。,https://sagaplanets.product.co.jp/works/works.htm
g340,g340-v1,傀儡,,マリオネット～傀儡～,Galgame,成人向冒险,超自然／成人向悬疑,月城慎二、月城裕一,1999,Windows,SAGA PLANETS,SAGA PLANETS,首发,,首发 PC 版；未将不同包装或特典重复计为独立作品。,https://sagaplanets.product.co.jp/works/works.htm
g341,g341-v1,罪与罚,,罪と罰,Galgame,成人向冒险,成人向悬疑,法院地下室事件的目击者（主人公）,1999,Windows,SAGA PLANETS,SAGA PLANETS,首发,,首发 PC 版；未将不同包装或特典重复计为独立作品。,https://sagaplanets.product.co.jp/works/works.htm
g342,g342-v1,恋爱 CHU!,,恋愛ＣＨＵ！～彼女の秘密はオトコのコ？～,Galgame,恋爱剧情冒险,校园恋爱／身份伪装,NANA,2001,Windows,SAGA PLANETS,SAGA PLANETS,首发,,首发 PC 版；未将不同包装或特典重复计为独立作品。,https://sagaplanets.product.co.jp/works/works.htm
g343,g343-v1,更多 LOVE CHU!,,もっとLOVEちゅ！～恋愛ＣＨＵ！ＦａｎＤｉｓｃ～,视觉小说,恋爱剧情,恋爱后日谈／短篇集,NANA、美月、七海、澪、花梨,2001,Windows,SAGA PLANETS,SAGA PLANETS,首发,,首发 PC 版；未将不同包装或特典重复计为独立作品。,https://sagapla.net/works/lovechu/fandisc.htm
g344,g344-v1,鬼医者,,鬼医者,Galgame,成人向冒险,医院／成人向悬疑,医师（主人公）、山科大造,2002,Windows,SAGA PLANETS,SAGA PLANETS,首发,,首发 PC 版；未将不同包装或特典重复计为独立作品。,https://sagaplanets.product.co.jp/works/works.htm
g345,g345-v1,心跳心跳心灵感应,,はぁ・はぁ・テレパス ～はじめてなのに超BINKAN～,Galgame,恋爱剧情冒险,校园恋爱／读心,藤本美羽,2004,Windows,SAGA PLANETS,SAGA PLANETS,首发,,首发 PC 版；未将不同包装或特典重复计为独立作品。,https://sagaplanets.product.co.jp/works/works.htm
g346,g346-v1,谎言是天使的开始,,ウソツキは天使のはじまり,Galgame,恋爱剧情冒险,天使与恶魔／恋爱喜剧,東海林亘,2005,Windows,SAGA PLANETS,SAGA PLANETS,首发,,首发 PC 版；未将不同包装或特典重复计为独立作品。,https://sagaplanets.product.co.jp/works/works.htm
g347,g347-v1,不可思议之国的女友,,不思議の国のカノジョ,视觉小说,单线视觉小说,奇幻／恋爱短篇,悟郎、ねがい,2006,Windows,SAGA PLANETS,SAGA PLANETS,首发（下载）,,官方目录列为全年龄下载型 kinetic novel。,https://sagaplanets.product.co.jp/works/works.htm
g348,g348-v1,红姬 -Kou Ki-,,紅姫 －Kou Ki－,视觉小说,单线视觉小说,历史幻想／爱情,陰麗華、劉秀,2006,Windows,SAGA PLANETS,SAGA PLANETS,首发（下载）,,官方目录列为全年龄下载型 kinetic novel。,https://sagaplanets.product.co.jp/works/works.htm
g349,g349-v1,圣炎天使艾蕾诺亚,,聖炎天使 エレアノール,Galgame,成人向冒险,魔法少女／学园奇幻,ラン・ファンテール、ネオン,2007,Windows,SAGA PLANETS,SAGA PLANETS,首发,,首发 PC 版；未将不同包装或特典重复计为独立作品。,https://sagaplanets.product.co.jp/works/works.htm
g350,g350-v1,Coming×Humming!!,来吧，轻声哼唱！,Coming×Humming!!-カミング×ハミング-,Galgame,恋爱剧情冒险,校园恋爱／神社传说,桐ヶ谷陽斗、吉乃姫,2008,Windows,SAGA PLANETS,SAGA PLANETS,首发,,首发 PC 版；未将不同包装或特典重复计为独立作品。,https://sagapla.net/product.html
g351,g351-v1,夏梦渚,,ナツユメナギサ,Galgame,恋爱剧情冒险,夏日／失忆／校园,渚,2009,Windows,SAGA PLANETS,SAGA PLANETS,首发,,首发 PC 版；未将不同包装或特典重复计为独立作品。,https://sagapla.net/product.html
g352,g352-v1,如月 GOLD★STAR,,キサラギGOLD★STAR,Galgame,恋爱剧情冒险,下町／青梅竹马／恋爱,二见、远藤沙弥、久远三日,2010,Windows,SAGA PLANETS,SAGA PLANETS,首发,,首发 PC 版；未将不同包装或特典重复计为独立作品。,https://sagapla.net/product.html
g353,g353-v1,初雪樱,,はつゆきさくら,Galgame,恋爱剧情冒险,冬日／校园／奇幻,河野初雪,2012,Windows,SAGA PLANETS,SAGA PLANETS,首发,,首发 PC 版；未将不同包装或特典重复计为独立作品。,https://sagapla.net/product.html
g354,g354-v1,卡尔玛露卡＊圆环,,カルマルカ＊サークル,Galgame,恋爱剧情冒险,七夕／校园／星空,御影海人,2013,Windows,SAGA PLANETS,SAGA PLANETS,首发,,首发 PC 版；未将不同包装或特典重复计为独立作品。,https://sagapla.net/product.html
g355,g355-v1,花咲 Work Spring!,,花咲ワークスプリング！,Galgame,恋爱剧情冒险,校园恋爱喜剧／社团,花咲遊真,2015,Windows,SAGA PLANETS,SAGA PLANETS,首发,,首发 PC 版；未将不同包装或特典重复计为独立作品。,https://sagapla.net/product.html
g356,g356-v1,Floral Flowlove,花之流恋,フローラル・フローラブ,Galgame,恋爱剧情冒险,天使／校园恋爱,斉須柾鷹,2016,Windows,SAGA PLANETS,SAGA PLANETS,首发,,首发 PC 版；未将不同包装或特典重复计为独立作品。,https://sagapla.net/product.html
g357,g357-v1,金色 Loveriche,,金色ラブリッチェ,Galgame,恋爱剧情冒险,贵族学园／恋爱,市松央路,2017,Windows,SAGA PLANETS,SAGA PLANETS,首发,,首发 PC 版；未将不同包装或特典重复计为独立作品。,https://sagapla.net/product.html
g358,g358-v1,金色 Loveriche -Golden Time-,,金色ラブリッチェ -Golden Time-,Galgame,恋爱剧情冒险,后日谈／学园恋爱,市松央路,2019,Windows,SAGA PLANETS,SAGA PLANETS,首发,,首发 PC 版；未将不同包装或特典重复计为独立作品。,https://sagapla.net/works/kinkoigt/index.html
g359,g359-v1,奔跑吧★青春 Sparking!,,かけぬけ★青春スパーキング！,Galgame,恋爱剧情冒险,校园社团／青春,遠野遊、響、理々,2020,Windows,SAGA PLANETS,SAGA PLANETS,首发,,首发 PC 版；未将不同包装或特典重复计为独立作品。,https://sagapla.net/product.html
g360,g360-v1,AMBITIOUS MISSION,雄心任务,AMBITIOUS MISSION,Galgame,恋爱剧情冒险,怪盗／谜题／恋爱,根津御影、有濑辉夜、石川弥荣、本乡虹梦,2022,Windows,SAGA PLANETS,SAGA PLANETS,首发,,首发 PC 版；未将不同包装或特典重复计为独立作品。,https://sagapla.net/product.html
g361,g361-v1,AMBITIOUS MISSION 后日谈 1,,AMBITIOUS MISSION アフターエピソード1,Galgame,恋爱剧情冒险,怪盗／恋爱后日谈,根津御影、有濑辉夜、石川弥荣,2023,Windows,SAGA PLANETS,SAGA PLANETS,首发,,独立售卖的后日谈，分为两款产品。,https://sagapla.net/works/ambitious_after/
g362,g362-v1,AMBITIOUS MISSION 后日谈 2,,AMBITIOUS MISSION アフターエピソード2,Galgame,恋爱剧情冒险,怪盗／恋爱后日谈,根津御影、本乡虹梦、有濑雅典娜,2023,Windows,SAGA PLANETS,SAGA PLANETS,首发,,独立售卖的后日谈，分为两款产品。,https://sagapla.net/works/ambitious_after/
g363,g363-v1,リリミエスタ,莉莉米埃斯塔,リリミエスタ,Galgame,成人向冒险,奇幻学园／恋爱,守島友春、逢坂菜桜子、東雲藍里,2007,Windows,SMEE,SMEE,首发,,首发 PC 版；不同包装、移植与整合版不重复计作品。,https://www.hook-net.jp/smee/product.html
g364,g364-v1,晴れハレはーれむ,晴天后宫,晴れハレはーれむ,Galgame,恋爱剧情冒险,恋爱剧情／校园与日常,杉原明広、秋山琴子,2008,Windows,SMEE,SMEE,首发,,首发 PC 版；不同包装、移植与整合版不重复计作品。,https://www.hook-net.jp/smee/product.html
g365,g365-v1,らぶでれーしょん！,恋爱革命！,らぶでれーしょん！,Galgame,恋爱剧情冒险,恋爱剧情／校园与日常,水濑心、学园男生（主人公）,2009,Windows,SMEE,SMEE,首发,,首发 PC 版；不同包装、移植与整合版不重复计作品。,https://www.hook-net.jp/smee/product.html
g366,g366-v1,ラブラブル ～lover able～,爱意满满,ラブラブル ～lover able～,Galgame,恋爱剧情冒险,恋爱剧情／校园与日常,愛沢晴樹、愛沢花穂,2011,Windows,SMEE,SMEE,首发,,首发 PC 版；不同包装、移植与整合版不重复计作品。,https://www.hook-net.jp/smee/product.html
g367,g367-v1,同棲ラブラブル,同居爱意满满,同棲ラブラブル,Galgame,恋爱剧情冒险,恋爱后日谈／独立 Fan Disc,愛沢晴樹,2012,Windows,SMEE,SMEE,首发,,独立发售的补充故事；不是原作的系统补丁。,https://www.hook-net.jp/smee/product.html
g368,g368-v1,フレラバ ～Friend to Lover～,从朋友到恋人,フレラバ ～Friend to Lover～,Galgame,恋爱剧情冒险,恋爱剧情／校园与日常,青叶恭介、皆原阳茉莉、望月理奈、柊柚柚、泽渡岬,2013,Windows,SMEE,SMEE,首发,,首发 PC 版；不同包装、移植与整合版不重复计作品。,https://www.hook-net.jp/smee/product.html
g369,g369-v1,フレラバ ミニファンディスク＆フルサウンドトラック,从朋友到恋人：迷你后日谈与原声集,フレラバ ミニファンディスク＆フルサウンドトラック,Galgame,恋爱剧情冒险,恋爱后日谈／短篇与原声,青叶恭介、皆原阳茉莉、望月理奈、柊柚柚、泽渡岬,2014,Windows,SMEE,SMEE,首发（C86 活动）,,独立发售的补充故事；不是原作的系统补丁。,https://www.hook-net.jp/htm/old_news/old_news_2014.htm
g370,g370-v1,ピュア×コネクト,纯爱连结,ピュア×コネクト,Galgame,恋爱剧情冒险,恋爱剧情／校园与日常,面包餐厅的打工生（主人公）、一之濑空、道明寺萌美、篠崎步美,2015,Windows,SMEE,SMEE,首发,,首发 PC 版；不同包装、移植与整合版不重复计作品。,https://www.hook-net.jp/smee/product.html
g371,g371-v1,カノジョ＊ステップ,她的脚步,カノジョ＊ステップ,Galgame,恋爱剧情冒险,恋爱剧情／校园与日常,乡间民宿的住客（主人公）、华野椎名、如月乃绘、柳明日香、芹泽久远,2016,Windows,SMEE,SMEE,首发,,首发 PC 版；不同包装、移植与整合版不重复计作品。,https://www.hook-net.jp/smee/product.html
g372,g372-v1,Making*Lovers,恋爱制作中,Making*Lovers,Galgame,恋爱剧情冒险,恋爱剧情／校园与日常,小鸟游亚子、鸣濑咲、鹿目玲奈、北大路可怜、月野真白,2017,Windows,SMEE,SMEE,首发,,首发 PC 版；不同包装、移植与整合版不重复计作品。,https://www.hook-net.jp/smee/product.html
g373,g373-v1,Making*Lovers 激イチャアフターストーリー Vol.01,恋爱制作中：甜蜜后日谈 第一卷,Making*Lovers 激イチャアフターストーリー Vol.01,Galgame,恋爱剧情冒险,恋爱后日谈／独立 Fan Disc,亜子、可憐、咲,2018,Windows,SMEE,SMEE,首发,,独立发售的补充故事；不是原作的系统补丁。,https://www.hook-net.jp/smee/makinglovers/fd/index.html
g374,g374-v1,Making*Lovers 激イチャアフターストーリー Vol.02,恋爱制作中：甜蜜后日谈 第二卷,Making*Lovers 激イチャアフターストーリー Vol.02,Galgame,恋爱剧情冒险,恋爱后日谈／独立 Fan Disc,レイナ、ましろ,2018,Windows,SMEE,SMEE,首发,,独立发售的补充故事；不是原作的系统补丁。,https://www.hook-net.jp/smee/makinglovers/fd/index.html
g375,g375-v1,Sugar*Style,糖果风格,Sugar*Style,Galgame,恋爱剧情冒险,恋爱剧情／校园与日常,森角初枫、楠木晴、皆见真央、冬月かなめ,2019,Windows,SMEE,SMEE,首发,,首发 PC 版；不同包装、移植与整合版不重复计作品。,https://www.hook-net.jp/smee/product.html
g376,g376-v1,Sugar*Style Music and Happiness Pack,糖果风格：音乐与幸福合集,Sugar*Style Music and Happiness Pack,Galgame,恋爱剧情冒险,恋爱后日谈／独立 Fan Disc,森角初枫、楠木晴、皆见真央、冬月かなめ,2019,Windows,SMEE,SMEE,首发,,独立发售的补充故事；不是原作的系统补丁。,https://www.hook-net.jp/smee/sugarstyle/fd/
g377,g377-v1,あざスミ ～あざとくてスミに置けない彼女～,俏皮女友让人无法忽视,あざスミ ～あざとくてスミに置けない彼女～,Galgame,恋爱剧情冒险,恋爱剧情／校园与日常,麻布真澄,2019,Windows,あざらしそふと / SMEE,あざらしそふと、SMEE,首发,,あざらしそふと与 SMEE 联合制作，数字发行。,https://www.hook-net.jp/htm/old_news/old_news_2019.htm
g378,g378-v1,HaremKingdom -ハーレムキングダム-,后宫王国,HaremKingdom -ハーレムキングダム-,Galgame,恋爱剧情冒险,恋爱剧情／校园与日常,光,2020,Windows,SMEE,SMEE,首发,,首发 PC 版；不同包装、移植与整合版不重复计作品。,https://www.hook-net.jp/smee/product.html
g379,g379-v1,HaremじゃないよKingdom 光＆ソフィーヤ＆キキ編,这不是后宫王国：光、索菲娅与琪琪篇,HaremじゃないよKingdom 光＆ソフィーヤ＆キキ編,Galgame,恋爱剧情冒险,恋爱后日谈／独立 Fan Disc,光、ソフィーヤ、キキ,2020,Windows,SMEE,SMEE,首发,,独立发售的补充故事；不是原作的系统补丁。,https://www.hook-net.jp/smee/haremkingdom/fd/
g380,g380-v1,HaremじゃないよKingdom シャルローネ＆マルー編,这不是后宫王国：夏洛妮与玛露篇,HaremじゃないよKingdom シャルローネ＆マルー編,Galgame,恋爱剧情冒险,恋爱后日谈／独立 Fan Disc,シャルローネ、マルー,2020,Windows,SMEE,SMEE,首发,,独立发售的补充故事；不是原作的系统补丁。,https://www.hook-net.jp/smee/haremkingdom/fd/
g381,g381-v1,ハジラブ -Making*Lovers-,初恋制作中,ハジラブ -Making*Lovers-,Galgame,恋爱剧情冒险,恋爱剧情／校园与日常,秤结衣、夜舟初穗、樱子,2021,Windows,SMEE,SMEE,首发,,首发 PC 版；不同包装、移植与整合版不重复计作品。,https://www.hook-net.jp/smee/product.html
g382,g382-v1,１／１彼氏彼女,一对一男友女友,１／１彼氏彼女,Galgame,恋爱剧情冒险,恋爱剧情／校园与日常,藤ヶ谷えいみ、清宫千津、科莱特·卡尔里尼、泉多惠子,2022,Windows,SMEE,SMEE,首发,,首发 PC 版；不同包装、移植与整合版不重复计作品。,https://www.hook-net.jp/smee/product.html
g383,g383-v1,ハジラブ -Making*Lovers- ミニファンディスク Vol.01 桜子＆結衣編,初恋制作中：迷你后日谈 第一卷,ハジラブ -Making*Lovers- ミニファンディスク Vol.01 桜子＆結衣編,Galgame,恋爱剧情冒险,恋爱后日谈／独立 Fan Disc,桜子、結衣,2022,Windows,SMEE,SMEE,首发,,独立发售的补充故事；不是原作的系统补丁。,https://www.hook-net.jp/smee/hajilovefd/
g384,g384-v1,ハジラブ -Making*Lovers- ミニファンディスク Vol.02 小唄＆初穂編,初恋制作中：迷你后日谈 第二卷,ハジラブ -Making*Lovers- ミニファンディスク Vol.02 小唄＆初穂編,Galgame,恋爱剧情冒险,恋爱后日谈／独立 Fan Disc,小唄、初穂,2022,Windows,SMEE,SMEE,首发,,独立发售的补充故事；不是原作的系统补丁。,https://www.hook-net.jp/smee/hajilovefd/
g385,g385-v1,１／１彼氏彼女 MINI FAN DISC,一对一男友女友：迷你后日谈,１／１彼氏彼女 MINI FAN DISC,Galgame,恋爱剧情冒险,恋爱后日谈／独立 Fan Disc,藤ヶ谷えいみ、清宫千津、科莱特·卡尔里尼、泉多惠子,2023,Windows,SMEE,SMEE,首发,,独立发售的补充故事；不是原作的系统补丁。,https://www.hook-net.jp/htm/product.htm
g386,g386-v1,ラブピカルポッピー！,爱恋缤纷碰碰！,ラブピカルポッピー！,Galgame,恋爱剧情冒险,恋爱剧情／校园与日常,涼花,2024,Windows,SMEE,SMEE,首发,,首发 PC 版；不同包装、移植与整合版不重复计作品。,https://www.hook-net.jp/smee/product.html
g387,g387-v1,ドカイチャ!!ラブピカルポッピー！,浓情爱恋缤纷碰碰！,ドカイチャ!!ラブピカルポッピー！,Galgame,恋爱剧情冒险,恋爱后日谈／独立 Fan Disc,近江希未、衣川美卯、叶月光、寿珠祈、冈井蒲公英、漆原绫子,2024,Windows,SMEE,SMEE,首发,,独立发售的补充故事；不是原作的系统补丁。,https://www.hook-net.jp/htm/product.htm
g378,g378-v2,HaremKingdom -ハーレムキングダム-,后宫王国,HaremKingdom -ハーレムキングダム-,Galgame,恋爱剧情冒险,恋爱剧情／校园与日常,光,2025,Windows,SMEE,SMEE,Full HD 重制整合版,,重制画面并整合本篇及相关后日谈；不作为新作品重复计数。,https://www.hook-net.jp/htm/product.htm
g379,g379-v2,HaremじゃないよKingdom 光＆ソフィーヤ＆キキ編,这不是后宫王国：光、索菲娅与琪琪篇,HaremじゃないよKingdom 光＆ソフィーヤ＆キキ編,Galgame,恋爱剧情冒险,恋爱后日谈／独立 Fan Disc,光、ソフィーヤ、キキ,2025,Windows,SMEE,SMEE,Full HD 重制整合版,,2025 年与 HaremKingdom 本篇、另一卷后日谈一起重制并整合发售。,https://www.hook-net.jp/htm/product.htm
g380,g380-v2,HaremじゃないよKingdom シャルローネ＆マルー編,这不是后宫王国：夏洛妮与玛露篇,HaremじゃないよKingdom シャルローネ＆マルー編,Galgame,恋爱剧情冒险,恋爱后日谈／独立 Fan Disc,シャルローネ、マルー,2025,Windows,SMEE,SMEE,Full HD 重制整合版,,2025 年与 HaremKingdom 本篇、另一卷后日谈一起重制并整合发售。,https://www.hook-net.jp/htm/product.htm
g388,g388-v1,AngelWish～放課後の召使いにチュッ！～,天使愿望：放学后给仆人的吻,AngelWish～放課後の召使いにチュッ！～,Galgame,恋爱剧情冒险,学园恋爱冒险,千岁水希、学园的主人公（玩家）,2004,Windows,CROSSNET,CROSSNET,首发,,独立发售的 PC 原版；合集及后续移植按版本记录。,https://www.favo-soft.jp/soft/product/angelwish/index.html
g389,g389-v1,ウィズ アニバーサリィー,与你的周年纪念,ウィズ アニバーサリィー,Galgame,恋爱剧情冒险,魔法学园恋爱冒险,迪奥、夏露、萝拉、爱丽丝,2006,Windows,CROSSNET,CROSSNET,首发,,独立发售的 PC 原版；合集及后续移植按版本记录。,https://www.favo-soft.jp/soft/product/wiz/index.html
g390,g390-v1,ウィズ アニバーサリィー☆FUNTA！ feat.RURU,与你的周年纪念：趣味庆典,ウィズ アニバーサリィー☆FUNTA！ feat.RURU,Galgame,恋爱剧情冒险,魔法学园恋爱后日谈,迪奥、夏露、萝拉、爱丽丝,2006,Windows,CROSSNET,CROSSNET,首发,,独立发售的 PC 原版；合集及后续移植按版本记录。,https://www.favo-soft.jp/soft/product/wiz_funta/index.html
g391,g391-v1,はっぴぃ☆マーガレット！,幸福玛格丽特！,はっぴぃ☆マーガレット！,Galgame,恋爱剧情冒险,学园恋爱冒险,天原稻穗、凛东彩月、西宫静琉、南初濑花梨,2007,Windows,CROSSNET,CROSSNET,首发,,独立发售的 PC 原版；合集及后续移植按版本记录。,https://www.favo-soft.jp/soft/product/happy/index.html
g392,g392-v1,星空のメモリア -Wish upon a shooting star-,星空的记忆：向流星许愿,星空のメモリア -Wish upon a shooting star-,Galgame,恋爱剧情冒险,星空幻想恋爱冒险,メア、小河坂洋,2009,Windows,CROSSNET,CROSSNET,首发,,独立发售的 PC 原版；合集及后续移植按版本记录。,https://www.favo-soft.jp/soft/product/hoshimemo/index.html
g393,g393-v1,星空のメモリア Eternal Heart,星空的记忆：永恒之心,星空のメモリア Eternal Heart,Galgame,恋爱剧情冒险,星空幻想恋爱后日谈,メア,2010,Windows,FAVORITE,FAVORITE,首发,,独立发售的 PC 原版；合集及后续移植按版本记录。,https://www.favo-soft.jp/soft/product/EternalHeart/index.htm
g394,g394-v1,いろとりどりのセカイ,缤纷世界,いろとりどりのセカイ,Galgame,恋爱剧情冒险,幻想恋爱冒险,二階堂真紅、観波加奈、如月澪、鹿野上悠馬,2011,Windows,FAVORITE,FAVORITE,首发,,独立发售的 PC 原版；合集及后续移植按版本记录。,https://www.favo-soft.jp/soft/product/world/index.htm
g395,g395-v1,いろとりどりのヒカリ,缤纷之光,いろとりどりのヒカリ,Galgame,恋爱剧情冒险,幻想恋爱后日谈,二階堂真紅、鹿野上悠馬,2012,Windows,FAVORITE,FAVORITE,首发,,独立发售的 PC 原版；合集及后续移植按版本记录。,https://www.favo-soft.jp/soft/product/Hikari/index.htm
g396,g396-v1,アストラエアの白き永遠,阿斯特赖亚的白色永恒,アストラエアの白き永遠,Galgame,恋爱剧情冒险,雪景幻想恋爱冒险,雪雪、白羽幸、橘落叶、萤凛音,2014,Windows,FAVORITE,FAVORITE,首发,,独立发售的 PC 原版；合集及后续移植按版本记录。,https://www.favo-soft.jp/soft/product/WhiteEternity/index.html
g397,g397-v1,紅い瞳に映るセカイ,红瞳映照的世界,紅い瞳に映るセカイ,Galgame,恋爱剧情冒险,幻想恋爱后日谈,二階堂真紅、鹿野上悠馬,2015,Windows,FAVORITE,FAVORITE,首发,,独立发售的 PC 原版；合集及后续移植按版本记录。,https://www.favo-soft.jp/soft/product/WorldsEndLove/index.html
g398,g398-v1,アストラエアの白き永遠 Finale -白き星の夢-,阿斯特赖亚的白色永恒：终章·白色星梦,アストラエアの白き永遠 Finale -白き星の夢-,Galgame,恋爱剧情冒险,雪景幻想恋爱后日谈,雪雪、白羽幸、橘落叶、萤凛音,2017,Windows,FAVORITE,FAVORITE,首发,,独立发售的 PC 原版；合集及后续移植按版本记录。,https://www.favo-soft.jp/soft/product/AstralAirFinale/index.html
g399,g399-v1,"さくら、もゆ。-as the Night's, Reincarnation-",樱花萌放：夜的轮回,"さくら、もゆ。-as the Night's, Reincarnation-",Galgame,恋爱剧情冒险,魔法幻想冒险,奏大雅、クロ,2019,Windows,FAVORITE,FAVORITE,首发,,独立发售的 PC 原版；合集及后续移植按版本记录。,https://www.favo-soft.jp/soft/product/sakura/index.html
g400,g400-v1,ハッピーライヴ ショウアップ！,快乐舞台秀！,ハッピーライヴ ショウアップ！,Galgame,恋爱剧情冒险,青春恋爱冒险,索菲娅·图丽娜、卡莲提娅·维利贝尔、露·毛、克拉丽丝·克罗尼亚,2021,Windows,FAVORITE,FAVORITE,首发,,独立发售的 PC 原版；合集及后续移植按版本记录。,https://www.favo-soft.jp/soft/product/happylive_showup/index.html
g401,g401-v1,ハッピーライヴ ショウアップ アンコール！！,快乐舞台秀：安可！！,ハッピーライヴ ショウアップ アンコール！！,Galgame,恋爱剧情冒险,青春恋爱后日谈,索菲娅·图丽娜、卡莲提娅·维利贝尔、露·毛、克拉丽丝·克罗尼亚,2023,Windows,FAVORITE,FAVORITE,首发,,独立发售的 PC 原版；合集及后续移植按版本记录。,https://www.favo-soft.jp/soft/product/happylive_showup_encore/index.html
g389,g389-v2,ウィズ アニバーサリィー,与你的周年纪念,ウィズ アニバーサリィー,Galgame,恋爱剧情冒险,魔法学园恋爱冒险,迪奥、夏露、萝拉、爱丽丝,2009,Windows,FAVORITE,FAVORITE,COMPLETE 整合版,,与独立发售的 FUNTA！ 合装；不另计作品。,https://www.favo-soft.jp/soft/product/wiz/index.html
g390,g390-v2,ウィズ アニバーサリィー☆FUNTA！ feat.RURU,与你的周年纪念：趣味庆典,ウィズ アニバーサリィー☆FUNTA！ feat.RURU,Galgame,恋爱剧情冒险,魔法学园恋爱后日谈,迪奥、夏露、萝拉、爱丽丝,2009,Windows,FAVORITE,FAVORITE,COMPLETE 整合版,,与 2006 年本篇合装；不另计作品。,https://www.favo-soft.jp/soft/product/wiz_funta/index.html
g392,g392-v2,星空のメモリア -Wish upon a shooting star-,星空的记忆：向流星许愿,星空のメモリア -Wish upon a shooting star-,Galgame,恋爱剧情冒险,星空幻想恋爱冒险,メア、小河坂洋,2010,Windows,FAVORITE,FAVORITE,COMPLETE 整合版,,与 Eternal Heart 合装；不另计作品。,https://www.favo-soft.jp/soft/product/hoshimemo/index.html
g393,g393-v2,星空のメモリア Eternal Heart,星空的记忆：永恒之心,星空のメモリア Eternal Heart,Galgame,恋爱剧情冒险,星空幻想恋爱后日谈,メア,2010,Windows,FAVORITE,FAVORITE,COMPLETE 整合版,,与 2009 年本篇合装；不另计作品。,https://www.favo-soft.jp/soft/product/EternalHeart/index.htm
g394,g394-v2,いろとりどりのセカイ,缤纷世界,いろとりどりのセカイ,Galgame,恋爱剧情冒险,幻想恋爱冒险,二階堂真紅、観波加奈、如月澪、鹿野上悠馬,2013,Windows,FAVORITE,FAVORITE,WORLD’S END COMPLETE 整合版,,与《いろとりどりのヒカリ》及特典新编章节合装；dramatic create 于 2015 年 3 月 19 日发行。,https://dramaticcreate.com/world_re/special.html
g395,g395-v2,いろとりどりのヒカリ,缤纷之光,いろとりどりのヒカリ,Galgame,恋爱剧情冒险,幻想恋爱后日谈,二階堂真紅、鹿野上悠馬,2013,Windows,FAVORITE,FAVORITE,WORLD’S END COMPLETE 整合版,,与 2011 年本篇整合；不另计作品。,https://www.favo-soft.jp/soft/product/WorldsEndComplete/index.html
g394,g394-v3,いろとりどりのセカイ,缤纷世界,いろとりどりのセカイ,Galgame,恋爱剧情冒险,幻想恋爱冒险,二階堂真紅、観波加奈、如月澪、鹿野上悠馬,2015,PlayStation Vita,dramatic create,dramatic create,WORLD’S END -RE:BIRTH-,,主机改编，追加内容；官方发行日为 2015 年 3 月 19 日。,https://dramaticcreate.com/world_re/product.html
g396,g396-v2,アストラエアの白き永遠,阿斯特赖亚的白色永恒,アストラエアの白き永遠,Galgame,恋爱剧情冒险,雪景幻想恋爱冒险,雪雪、白羽幸、橘落叶、萤凛音,2016,PlayStation Vita,dramatic create,dramatic create,White Eternity 移植版,,主机版，2016 年 9 月 22 日发行。,https://dramaticcreate.com/WhiteEternity/
g394,g394-v4,いろとりどりのセカイ,缤纷世界,いろとりどりのセカイ,Galgame,恋爱剧情冒险,幻想恋爱冒险,二階堂真紅、観波加奈、如月澪、鹿野上悠馬,2018,Windows,FAVORITE,FAVORITE,WORLD’S END Trilogy BOX,,三部作品整合包，按原作品归档。,https://www.favo-soft.jp/soft/product/worldsEndTbox/index.html
g395,g395-v3,いろとりどりのヒカリ,缤纷之光,いろとりどりのヒカリ,Galgame,恋爱剧情冒险,幻想恋爱后日谈,二階堂真紅、鹿野上悠馬,2018,Windows,FAVORITE,FAVORITE,WORLD’S END Trilogy BOX,,与本篇及《紅い瞳に映るセカイ》合装。,https://www.favo-soft.jp/soft/product/worldsEndTbox/index.html
g397,g397-v2,紅い瞳に映るセカイ,红瞳映照的世界,紅い瞳に映るセカイ,Galgame,恋爱剧情冒险,幻想恋爱后日谈,二階堂真紅、鹿野上悠馬,2018,Windows,FAVORITE,FAVORITE,WORLD’S END Trilogy BOX,,与《いろとりどりのセカイ》及《ヒカリ》合装。,https://www.favo-soft.jp/soft/product/worldsEndTbox/index.html
g392,g392-v3,星空のメモリア -Wish upon a shooting star-,星空的记忆：向流星许愿,星空のメモリア -Wish upon a shooting star-,Galgame,恋爱剧情冒险,星空幻想恋爱冒险,メア、小河坂洋,2019,Windows,FAVORITE,FAVORITE,HD Anniversary BOX,,本篇高清重制，附 Eternal Heart；不另计作品。,https://www.favo-soft.jp/soft/product/hoshimemo_hd/index.html
g393,g393-v3,星空のメモリア Eternal Heart,星空的记忆：永恒之心,星空のメモリア Eternal Heart,Galgame,恋爱剧情冒险,星空幻想恋爱后日谈,メア,2019,Windows,FAVORITE,FAVORITE,HD Anniversary BOX,,后日谈高清整合，与本篇合装。,https://www.favo-soft.jp/soft/product/hoshimemo_hd/index.html
g394,g394-v5,いろとりどりのセカイ,缤纷世界,いろとりどりのセカイ,Galgame,恋爱剧情冒险,幻想恋爱冒险,二階堂真紅、観波加奈、如月澪、鹿野上悠馬,2022,Windows,FAVORITE,FAVORITE,HD Re:GENERATION,,与《いろとりどりのヒカリ》《紅い瞳に映るセカイ》同包高清重制。,https://www.favo-soft.jp/soft/product/WorldsEndHD/index.html
g399,g399-v2,"さくら、もゆ。-as the Night's, Reincarnation-",樱花萌放：夜的轮回,"さくら、もゆ。-as the Night's, Reincarnation-",Galgame,恋爱剧情冒险,魔法幻想冒险,奏大雅、クロ,2023,PlayStation 4,ENTERGRAM,ENTERGRAM,主机移植,,全年龄主机版，2023 年 2 月 22 日发行。,https://www.entergram.co.jp/sakuramoyu/
g399,g399-v3,"さくら、もゆ。-as the Night's, Reincarnation-",樱花萌放：夜的轮回,"さくら、もゆ。-as the Night's, Reincarnation-",Galgame,恋爱剧情冒险,魔法幻想冒险,奏大雅、クロ,2023,Nintendo Switch,ENTERGRAM,ENTERGRAM,主机移植,,全年龄主机版，2023 年 2 月 22 日发行。,https://www.entergram.co.jp/sakuramoyu/
g396,g396-v3,アストラエアの白き永遠,阿斯特赖亚的白色永恒,アストラエアの白き永遠,Galgame,恋爱剧情冒险,雪景幻想恋爱冒险,雪雪、白羽幸、橘落叶、萤凛音,2024,Windows,FAVORITE,FAVORITE,FHD Re:Eternity,,本篇与独立 Fan Disc《Finale》同包高清重制。,https://www.favo-soft.jp/soft/product/astralair_fhd/index.html
g395,g395-v4,いろとりどりのヒカリ,缤纷之光,いろとりどりのヒカリ,Galgame,恋爱剧情冒险,幻想恋爱后日谈,二階堂真紅、鹿野上悠馬,2015,PlayStation Vita,dramatic create,dramatic create,WORLD’S END -RE:BIRTH-,,与 2011 年本篇整合，另收录改编自特典 Drama CD 的冒险章节与新增剧情。,https://dramaticcreate.com/world_re/special.html
g395,g395-v5,いろとりどりのヒカリ,缤纷之光,いろとりどりのヒカリ,Galgame,恋爱剧情冒险,幻想恋爱后日谈,二階堂真紅、鹿野上悠馬,2022,Windows,FAVORITE,FAVORITE,HD Re:GENERATION,,与《いろとりどりのセカイ》《紅い瞳に映るセカイ》同包高清重制。,https://www.favo-soft.jp/soft/product/WorldsEndHD/index.html
g397,g397-v3,紅い瞳に映るセカイ,红瞳映照的世界,紅い瞳に映るセカイ,Galgame,恋爱剧情冒险,幻想恋爱后日谈,二階堂真紅、鹿野上悠馬,2022,Windows,FAVORITE,FAVORITE,HD Re:GENERATION,,与系列前两部同包高清重制。,https://www.favo-soft.jp/soft/product/WorldsEndHD/index.html
g398,g398-v2,アストラエアの白き永遠 Finale -白き星の夢-,阿斯特赖亚的白色永恒：终章·白色星梦,アストラエアの白き永遠 Finale -白き星の夢-,Galgame,恋爱剧情冒险,雪景幻想恋爱后日谈,雪雪、白羽幸、橘落叶、萤凛音,2024,Windows,FAVORITE,FAVORITE,FHD Re:Eternity,,与《アストラエアの白き永遠》本篇同包高清重制。,https://www.favo-soft.jp/soft/product/astralair_fhd/index.html
g402,g402-v1,さくらむすび,樱花结缘,さくらむすび,Galgame,恋爱剧情冒险,家庭与成长／恋爱剧情,圭吾、桜、紅葉,2005,Windows,CUFFS,CUFFS,首发,无角色配音,官网所列的独立发行 PC 原版。,https://www.cuffs.co.jp/main/products/
g403,g403-v1,ワンコとリリー,小狗与莉莉,ワンコとリリー,Galgame,恋爱剧情冒险,短篇／奇幻日常,ワンコ、リリー、透子,2007,Windows,CUFFS,CUFFS,首发,无角色配音,官网所列的独立发行 PC 原版。,https://www.cuffs.co.jp/main/products/
g404,g404-v1,アメサラサ ～雨と、不思議な君に、恋をする～,雨莎拉莎：在雨中爱上不可思议的你,アメサラサ ～雨と、不思議な君に、恋をする～,Galgame,恋爱剧情冒险,雨季幻想恋爱,千代川霖、三本木倖、久美浜光羽,2007,Windows,CUFFS,CUFFS,首发,,官网所列的独立发行 PC 原版。,https://www.cuffs.co.jp/main/products/
g405,g405-v1,おにいちゃん だぁいすき！～LOVE？or LIKE？～,最喜欢哥哥！爱还是喜欢？,おにいちゃん だぁいすき！～LOVE？or LIKE？～,Galgame,恋爱剧情冒险,家庭日常／恋爱冒险,叶月修二、葉月まお、葉月りお,2007,Windows,CUFFS,CUFFS,首发,,官网所列的独立发行 PC 原版。,https://www.cuffs.co.jp/main/products/
g406,g406-v1,Garden,花园,Garden,Galgame,恋爱剧情冒险,寄宿学园恋爱冒险,星野絵里香、竜胆愛、姫宮瑠璃,2008,Windows,CUFFS,CUFFS,首发,,官网所列的独立发行 PC 原版。后续更新补丁仅作内容说明，不重复计作品。,https://www.cuffs.co.jp/main/products/
g407,g407-v1,CAFE SOURIRE,微笑咖啡馆,CAFE SOURIRE,Galgame,恋爱剧情冒险,咖啡馆恋爱冒险,荻原杏子、水島芹花、水島香澄、雪下美百合,2011,Windows,CUFFS,CUFFS,首发,,官网所列的独立发行 PC 原版。,https://www.cuffs.co.jp/main/products/
g403,g403-v2,ワンコとリリー,小狗与莉莉,ワンコとリリー,Galgame,恋爱剧情冒险,短篇／奇幻日常,ワンコ、リリー、透子,2018,Windows,CUFFS,CUFFS,下载版,无角色配音,2018 年 6 月 29 日开始发售的 Windows 7/8/10 下载版本；官网注明本作没有角色配音。,https://www.cuffs.co.jp/main/online/game/
g408,g408-v1,夏ノ雨,夏之雨,夏ノ雨,Galgame,恋爱剧情冒险,夏日青春恋爱,瀬川理香子,2009,Windows,CUBE,CUBE,首发,,CUBE 官方目录列出的 Windows 原版。,https://www.cuffs.co.jp/main/products/
g409,g409-v1,your diary,你的日记,your diary,Galgame,恋爱剧情冒险,学园日常／奇幻恋爱,ゆあ、綾瀬紗雪,2011,Windows,CUBE,CUBE,首发,,CUBE 官方目录列出的 Windows 原版。,https://www.cuffs.co.jp/main/products/
g410,g410-v1,倉野くんちのふたご事情,仓野家的双胞胎故事,倉野くんちのふたご事情,Galgame,恋爱剧情冒险,家庭日常／恋爱喜剧,倉野絵麻、倉野いずみ、倉野みこと、倉野智花、倉野弥恵,2012,Windows,CUBE,CUBE,首发,,CUBE 官方目录列出的 Windows 原版。,https://www.cuffs.co.jp/main/products/
g411,g411-v1,恋する彼女の不器用な舞台,恋爱少女的笨拙舞台,恋する彼女の不器用な舞台,Galgame,恋爱剧情冒险,舞台与青春恋爱,十川真優、七瀬千奈,2014,Windows,CUBE,CUBE,首发,,CUBE 官方目录列出的 Windows 原版。,https://www.cuffs.co.jp/main/products/
g412,g412-v1,間宮くんちの五つ子事情,间宫家的五胞胎故事,間宮くんちの五つ子事情,Galgame,恋爱剧情冒险,家庭日常／恋爱喜剧,間宮音琴,2016,Windows,CUBE,CUBE,首发,,CUBE 官方目录列出的 Windows 原版。,https://www.cuffs.co.jp/main/products/
g413,g413-v1,ゆらめく心に満ちた世界で、君の夢と欲望は叶うか,在摇曳心绪的世界里，你的梦想与欲望能否实现,ゆらめく心に満ちた世界で、君の夢と欲望は叶うか,Galgame,恋爱剧情冒险,幻想世界／恋爱冒险,水崎月乃、天鳥すみれ、高瀬このは、伏見巴,2017,Windows,CUBE,CUBE,首发,,CUBE 官方目录列出的 Windows 原版。,https://www.cuffs.co.jp/main/products/
g414,g414-v1,神様のような君へ,神明般的你,神様のような君へ,Galgame,恋爱剧情冒险,近未来／恋爱冒险,ツクヨミ、園村葉月,2020,Windows,CUBE,CUBE,首发,,CUBE 官方目录列出的 Windows 原版。,https://www.cuffs.co.jp/main/products/
g415,g415-v1,海と雪のシアンブルー,海与雪的青蓝,海と雪のシアンブルー,Galgame,恋爱剧情冒险,毕业季／青春恋爱,青野志音、松木衣良、清水琴羽、菜畑稻叶,2021,Windows,CUBE,CUBE,首发,,CUBE 官方目录列出的 Windows 原版。,https://www.cuffs.co.jp/main/products/
g416,g416-v1,ネコと女子寮せよ！,与猫咪同住女子宿舍！,ネコと女子寮せよ！,Galgame,恋爱剧情冒险,女子宿舍／恋爱喜剧,八坂勇気、橘晴華,2022,Windows,CUBE,CUBE,首发,,CUBE 官方目录列出的 Windows 原版。,https://www.cuffs.co.jp/main/products/
g417,g417-v1,夏ノ終熄,夏日终焉,夏ノ終熄,Galgame,恋爱剧情冒险,末日／双人剧情,ユウジ、ミオ,2022,Windows,CUBE,CUBE,首发,,CUBE 官方目录列出的 Windows 原版。,https://www.cuffs.co.jp/main/products/
g418,g418-v1,サメと生きる七日間,与鲨鱼共度的七日,サメと生きる七日間,Galgame,恋爱剧情冒险,奇幻／恋爱喜剧,深海恭平、くう、保城麗水,2022,Windows,CUBE,CUBE,首发,,CUBE 官方目录列出的 Windows 原版。,https://www.cuffs.co.jp/main/products/
g409,g409-v2,your diary,你的日记,your diary,Galgame,恋爱剧情冒险,学园日常／奇幻恋爱,ゆあ、綾瀬紗雪,2014,Windows,CUBE,CUBE,扩充版,,your diary+H；同一作品的扩充版，官网标为“2nd+H”，不另计编号新作。,https://www.cuffs.co.jp/main/products/
g414,g414-v2,神様のような君へ,神明般的你,神様のような君へ,Galgame,恋爱剧情冒险,近未来／恋爱冒险,ツクヨミ、園村葉月,2022,Windows,CUBE,CUBE,扩充版,,Extended Edition；官网标为“7thEX”，并非第十二部独立编号作品。,https://www.cuffs.co.jp/main/products/
g409,g409-v3,your diary,你的日记,your diary,Galgame,恋爱剧情冒险,学园日常／奇幻恋爱,ゆあ、綾瀬紗雪,2017,Windows,CUBE,CUBE,合集收录,,CUBE コレクションボックス カントクエディション；收录《your diary+H》与《恋する彼女の不器用な舞台》。,https://www.cuffs.co.jp/main/store/202002/goodslist.php
g411,g411-v2,恋する彼女の不器用な舞台,恋爱少女的笨拙舞台,恋する彼女の不器用な舞台,Galgame,恋爱剧情冒险,舞台与青春恋爱,十川真優、七瀬千奈,2017,Windows,CUBE,CUBE,合集收录,,CUBE コレクションボックス カントクエディション；收录《your diary+H》与《恋する彼女の不器用な舞台》。,https://www.cuffs.co.jp/main/store/202002/goodslist.php
g410,g410-v2,倉野くんちのふたご事情,仓野家的双胞胎故事,倉野くんちのふたご事情,Galgame,恋爱剧情冒险,家庭日常／恋爱喜剧,倉野絵麻、倉野いずみ、倉野みこと、倉野智花、倉野弥恵,2021,Windows,CUBE,CUBE,合集收录,,兼清みわ合集收录第三部游戏盘，已应用“全裸（水着）事情”补丁；另有画册与音轨。,https://www.cuffs.co.jp/products/cube_collection02/
g412,g412-v2,間宮くんちの五つ子事情,间宫家的五胞胎故事,間宮くんちの五つ子事情,Galgame,恋爱剧情冒险,家庭日常／恋爱喜剧,間宮音琴,2021,Windows,CUBE,CUBE,合集收录,,兼清みわ合集收录第五部游戏盘，已应用“京花×強化プログラム”补丁；另有画册与音轨。,https://www.cuffs.co.jp/products/cube_collection02/
g413,g413-v2,ゆらめく心に満ちた世界で、君の夢と欲望は叶うか,在摇曳心绪的世界里，你的梦想与欲望能否实现,ゆらめく心に満ちた世界で、君の夢と欲望は叶うか,Galgame,恋爱剧情冒险,幻想世界／恋爱冒险,水崎月乃、天鳥すみれ、高瀬このは、伏見巴,2021,Windows,CUBE,CUBE,合集收录,,兼清みわ合集收录第六部游戏盘，已应用“クロ＆シロ”补丁；另有画册与音轨。,https://www.cuffs.co.jp/products/cube_collection02/
g419,g419-v1,ヨスガノソラ,缘之空,ヨスガノソラ,Galgame,恋爱剧情冒险,乡村生活／青春恋爱,春日野悠、春日野穹、依媛奈緒、天女目瑛,2008,Windows,Sphere,Sphere,首发,,官网列为 Sphere 第 1 部作品的 PC 首发。,https://www.cuffs.co.jp/main/products/
g420,g420-v1,ハルカナソラ,悠之空,ハルカナソラ,Galgame,恋爱剧情冒险,后日谈／Fan Disc,春日野悠、春日野穹、倉永梢、伊福部やひろ,2009,Windows,Sphere,Sphere,首发,,官网列为 Sphere 第 2 部作品的 PC 首发。,https://www.cuffs.co.jp/main/products/
g421,g421-v1,イモウトノカタチ,妹妹的形状,イモウトノカタチ,Galgame,恋爱剧情冒险,寻亲／青春恋爱,美馬雪人、瀬名美優樹、澄稀あやか,2012,Windows,Sphere,Sphere,首发,,官网列为 Sphere 第 3 部作品的 PC 首发。,https://www.cuffs.co.jp/main/products/
g422,g422-v1,Berry’s,贝莉餐厅,Berry’s,Galgame,恋爱剧情冒险,餐厅打工／恋爱喜剧,宝交早生、佐藤春姫、佐藤夏姫、牧ノ沢恵那、伊豆野踊子,2013,Windows,Sphere,Sphere,首发,,官网列为 Sphere 第 4 部作品的 PC 首发。,https://www.cuffs.co.jp/main/products/
g419,g419-v2,ヨスガノソラ,缘之空,ヨスガノソラ,Galgame,恋爱剧情冒险,乡村生活／青春恋爱,春日野悠、春日野穹、依媛奈緒、天女目瑛,2010,Windows,Sphere,Sphere,通常版,,《ヨスガノソラ》2010 年 10 月 29 日推出通常版；叙事作品不变。,https://www.cuffs.co.jp/products/haruka/
g419,g419-v3,ヨスガノソラ,缘之空,ヨスガノソラ,Galgame,恋爱剧情冒险,乡村生活／青春恋爱,春日野悠、春日野穹、依媛奈緒、天女目瑛,2015,Windows,Sphere,Sphere,下载版,,2015 年 6 月 5 日开始提供的 Windows Vista/7/8 数字版。,https://www.cuffs.co.jp/main/online/game/
g420,g420-v2,ハルカナソラ,悠之空,ハルカナソラ,Galgame,恋爱剧情冒险,后日谈／Fan Disc,春日野悠、春日野穹、倉永梢、伊福部やひろ,2015,Windows,Sphere,Sphere,下载版,,2015 年 7 月 3 日开始提供的 Windows Vista/7/8 数字版。,https://www.cuffs.co.jp/main/online/game/
g422,g422-v2,Berry’s,贝莉餐厅,Berry’s,Galgame,恋爱剧情冒险,餐厅打工／恋爱喜剧,宝交早生、佐藤春姫、佐藤夏姫、牧ノ沢恵那、伊豆野踊子,2015,Windows,Sphere,Sphere,下载版,,2015 年 3 月 6 日开始提供的 Windows 数字版。,https://www.cuffs.co.jp/main/online/game/
g419,g419-v4,ヨスガノソラ,缘之空,ヨスガノソラ,Galgame,恋爱剧情冒险,乡村生活／青春恋爱,春日野悠、春日野穹、依媛奈緒、天女目瑛,2016,Windows,Sphere,Sphere,数字合集收录,,2016 年 7 月 21 日推出的《ヨスガノソラ／ハルカナソラ》限期数字套装；两部游戏仍各自独立。,https://www.cuffs.co.jp/main/online/game/
g420,g420-v3,ハルカナソラ,悠之空,ハルカナソラ,Galgame,恋爱剧情冒险,后日谈／Fan Disc,春日野悠、春日野穹、倉永梢、伊福部やひろ,2016,Windows,Sphere,Sphere,数字合集收录,,2016 年 7 月 21 日推出的《ヨスガノソラ／ハルカナソラ》限期数字套装；两部游戏仍各自独立。,https://www.cuffs.co.jp/main/online/game/
g423,g423-v1,復讐の女神-Nemesis-,复仇女神 Nemesis,復讐の女神-Nemesis-,Galgame,恋爱剧情冒险,校园／调查悬疑,南條伸哉、南優月、朝野真理、荻原恵、荻原柚,2003,Windows,ぱれっと,ぱれっと,独立首发,,官网目录和作品页确认的 Windows 首发；未核对移植与地区版本。,https://palette.clearrave.co.jp/product/nemesis/chara.htm
g424,g424-v1,愛cute! キミに恋してる,爱 cute！与你相恋,愛cute! キミに恋してる,Galgame,恋爱剧情冒险,校园恋爱,桐風朋絵、恋爱故事主人公（玩家）,2004,Windows,ぱれっと,ぱれっと,独立首发,,官网目录和作品页确认的 Windows 首发；未核对移植与地区版本。,https://palette.clearrave.co.jp/product/kimikoi/
g425,g425-v1,MERI+DIA～マリアディアナ～,MERI+DIA：玛丽亚迪亚娜,MERI+DIA～マリアディアナ～,Galgame,恋爱剧情冒险,近未来／赏金猎人,卓巳、シータ、綾藤沙希、綾藤レア、鳳美鳳,2005,Windows,ぱれっと,ぱれっと,独立首发,,官网目录和作品页确认的 Windows 首发；未核对移植与地区版本。,https://palette.clearrave.co.jp/product/meridia/chara.htm
g426,g426-v1,もしも明日が晴れならば,假如明日天晴,もしも明日が晴れならば,Galgame,恋爱剧情冒险,恋爱／幽灵,一樹、明穂、つばさ、珠美,2006,Windows,ぱれっと,ぱれっと,独立首发,,官网目录和作品页确认的 Windows 首发；未核对移植与地区版本。,https://palette.clearrave.co.jp/product/mosiraba/
g427,g427-v1,えむぴぃ Maid promotion master,女仆升阶大师,えむぴぃ Maid promotion master,Galgame,恋爱剧情冒险,女仆／架空日常,不渡真紀、冬音、みう,2007,Windows,ぱれっと,ぱれっと,独立首发,,官网目录和作品页确认的 Windows 首发；未核对移植与地区版本。,https://palette.clearrave.co.jp/product/mp/
g428,g428-v1,さくらシュトラッセ,樱花街,さくらシュトラッセ,Galgame,恋爱剧情冒险,樱花街／魔法恋爱,マリー・ルーデル、綾瀬優佳、里村かりん、ルゥリィ,2008,Windows,ぱれっと,ぱれっと,独立首发,,官网目录和作品页确认的 Windows 首发；未核对移植与地区版本。,https://palette.clearrave.co.jp/product/sakura/
g429,g429-v1,さくらんぼシュトラッセ,樱桃街,さくらんぼシュトラッセ,Galgame,恋爱剧情冒险,后日谈／恋爱,マリー・ルーデル、綾瀬優佳、里村かりん、ルゥリィ,2008,Windows,ぱれっと,ぱれっと,独立首发,,官网目录和作品页确认的 Windows 首发；未核对移植与地区版本。,https://palette.clearrave.co.jp/product/sakuranbo/
g430,g430-v1,ましろ色シンフォニー -Love is pure white-,纯白交响曲,ましろ色シンフォニー -Love is pure white-,Galgame,恋爱剧情冒险,学园合并／恋爱,瓜生新吾、瀬名愛理、瓜生桜乃、アンジェリーナ・菜夏・シーウェル、天羽みう,2009,Windows,ぱれっと,ぱれっと,独立首发,,官网目录和作品页确认的 Windows 首发；未核对移植与地区版本。,https://palette.clearrave.co.jp/product/mashiro/
g431,g431-v1,すてぃーるMyはぁと～Rhapsody of moonlight～,偷走我的心：月光狂想曲,すてぃーるMyはぁと～Rhapsody of moonlight～,Galgame,恋爱剧情冒险,月光／恋爱,二階堂香奈、二階堂まな、シャルロット・ブランシュ、和泉しのぶ,2010,Windows,ぱれっと,ぱれっと,独立首发,,官网目录和作品页确认的 Windows 首发；未核对移植与地区版本。,https://palette.clearrave.co.jp/product/steal/
g432,g432-v1,晴れときどきお天気雨,晴天中的偶然落雨,晴れときどきお天気雨,Galgame,恋爱剧情冒险,天气／神明／恋爱,稲乃神香奈恵、山上絢音、佐倉水希、春日井なずな,2011,Windows,ぱれっと,ぱれっと,独立首发,,官网目录和作品页确认的 Windows 首发；未核对移植与地区版本。,https://palette.clearrave.co.jp/product/hareten/
g433,g433-v1,みんな捧げちゃう！,全部献给你！,みんな捧げちゃう！,Galgame,恋爱剧情冒险,献身／恋爱,フィリス、五条瑞姫、風早音葉、但野和奏、大川内望,2013,Windows,ぱれっと,ぱれっと,独立首发,,官网目录和作品页确认的 Windows 首发；未核对移植与地区版本。,https://palette.clearrave.co.jp/product/sasage/
g434,g434-v1,恋がさくころ桜どき,恋花绽放樱飞时,恋がさくころ桜どき,Galgame,恋爱剧情冒险,樱花／恋爱幻想,浅葉悠真、神鳳杏、一ノ瀬美桜、月嶋夕莉、浅葉こなみ,2014,Windows,ぱれっと,ぱれっと,独立首发,,官网目录和作品页确认的 Windows 首发；未核对移植与地区版本。,https://palette.clearrave.co.jp/product/sakusaku/
g435,g435-v1,9-nine-ここのつここのかここのいろ,9-nine-九次九日九重色,9-nine-ここのつここのかここのいろ,视觉小说,剧情分支／冒险,异能／都市悬疑·第一章,新海翔、九條都、新海天,2017,Windows,ぱれっと,ぱれっと,独立首发,,官网目录和作品页确认的 Windows 首发；未核对移植与地区版本。,https://palette.clearrave.co.jp/product/14_kokoiro
g436,g436-v1,9-nine-そらいろそらうたそらのおと,9-nine-天色天歌天籁音,9-nine-そらいろそらうたそらのおと,视觉小说,剧情分支／冒险,异能／都市悬疑·第二章,新海翔、新海天、九條都,2018,Windows,ぱれっと,ぱれっと,独立首发,,官网目录和作品页确认的 Windows 首发；未核对移植与地区版本。,https://palette.clearrave.co.jp/product/15_sorairo
g437,g437-v1,9-nine-はるいろはるこいはるのかぜ,9-nine-春色春恋春之风,9-nine-はるいろはるこいはるのかぜ,视觉小说,剧情分支／冒险,异能／都市悬疑·第三章,新海翔、香坂春風、九條都,2019,Windows,ぱれっと,ぱれっと,独立首发,,官网目录和作品页确认的 Windows 首发；未核对移植与地区版本。,https://palette.clearrave.co.jp/product/16_haruiro
g438,g438-v1,9-nine-ゆきいろゆきはなゆきのあと,9-nine-雪色雪花雪之痕,9-nine-ゆきいろゆきはなゆきのあと,视觉小说,剧情分支／冒险,异能／都市悬疑·第四章,新海翔、結城希亜、ソフィーティア,2020,Windows,ぱれっと,ぱれっと,独立首发,,官网目录和作品页确认的 Windows 首发；未核对移植与地区版本。,https://palette.clearrave.co.jp/product/17_yukiiro
g439,g439-v1,ましろ色シンフォニー SANA EDITION,纯白交响曲：纱凪篇,ましろ色シンフォニー SANA EDITION,视觉小说,剧情分支／冒险,角色续写／恋爱,乾紗凪、瓜生新吾、瀬名愛理、瓜生桜乃,2023,Windows,ぱれっと,ぱれっと,独立首发,,官网目录和作品页确认的 Windows 首发；未核对移植与地区版本。,https://palette.clearrave.co.jp/product/mashiro-project/sana/
g440,g440-v1,as:9-nine- ARTEISIA,as:9-nine- 阿尔特西亚,as:9-nine- ARTEISIA,视觉小说,剧情分支／冒险,平行世界／异能恋爱,如月結那、テオドール・ストラトス、クリスネイア・ストラトス、アルテシア・ラリウス,2026,Windows,ぱれっと,ぱれっと,独立首发,,官网目录和作品页确认的 Windows 首发；未核对移植与地区版本。,https://9-nine-project.com/game/asnine/news/12/
g430,g430-v2,ましろ色シンフォニー -Love is pure white-,纯白交响曲,ましろ色シンフォニー -Love is pure white-,Galgame,恋爱剧情冒险,学园合并／恋爱,瓜生新吾、瀬名愛理、瓜生桜乃、アンジェリーナ・菜夏・シーウェル、天羽みう,2023,Windows,ぱれっと,ぱれっと,高清重制,,Remake for FHD 重绘为高清画面；官网注明不含独立出售的 SANA EDITION。,https://palette.clearrave.co.jp/product/mashiro-project/mashiro/
g435,g435-v2,9-nine-ここのつここのかここのいろ,9-nine-九次九日九重色,9-nine-ここのつここのかここのいろ,视觉小说,剧情分支／冒险,异能／都市悬疑·第一章,新海翔、九條都、新海天,2021,Windows,ぱれっと,ぱれっと,全年龄整合版,,《9-nine-》整合原四章、追加新章与后日谈；本记录对应该章在合集中的收录，不把整合盘重复计为四部新游戏。,https://9-nine-project.com/game/nine-pc/
g436,g436-v2,9-nine-そらいろそらうたそらのおと,9-nine-天色天歌天籁音,9-nine-そらいろそらうたそらのおと,视觉小说,剧情分支／冒险,异能／都市悬疑·第二章,新海翔、新海天、九條都,2021,Windows,ぱれっと,ぱれっと,全年龄整合版,,《9-nine-》整合原四章、追加新章与后日谈；本记录对应该章在合集中的收录，不把整合盘重复计为四部新游戏。,https://9-nine-project.com/game/nine-pc/
g437,g437-v2,9-nine-はるいろはるこいはるのかぜ,9-nine-春色春恋春之风,9-nine-はるいろはるこいはるのかぜ,视觉小说,剧情分支／冒险,异能／都市悬疑·第三章,新海翔、香坂春風、九條都,2021,Windows,ぱれっと,ぱれっと,全年龄整合版,,《9-nine-》整合原四章、追加新章与后日谈；本记录对应该章在合集中的收录，不把整合盘重复计为四部新游戏。,https://9-nine-project.com/game/nine-pc/
g438,g438-v2,9-nine-ゆきいろゆきはなゆきのあと,9-nine-雪色雪花雪之痕,9-nine-ゆきいろゆきはなゆきのあと,视觉小说,剧情分支／冒险,异能／都市悬疑·第四章,新海翔、結城希亜、ソフィーティア,2021,Windows,ぱれっと,ぱれっと,全年龄整合版,,《9-nine-》整合原四章、追加新章与后日谈；本记录对应该章在合集中的收录，不把整合盘重复计为四部新游戏。,https://9-nine-project.com/game/nine-pc/
g435,g435-v3,9-nine-ここのつここのかここのいろ,9-nine-九次九日九重色,9-nine-ここのつここのかここのいろ,视觉小说,剧情分支／冒险,异能／都市悬疑·第一章,新海翔、九條都、新海天,2022,PlayStation 4,エンターグラム,エンターグラム,主机整合版,,《9-nine-》四章与新增内容以同一整合包移植；此行对应原章节在该包中的收录。,https://9-nine-project.com/game/consumer/
g435,g435-v4,9-nine-ここのつここのかここのいろ,9-nine-九次九日九重色,9-nine-ここのつここのかここのいろ,视觉小说,剧情分支／冒险,异能／都市悬疑·第一章,新海翔、九條都、新海天,2022,Nintendo Switch,エンターグラム,エンターグラム,主机整合版,,《9-nine-》四章与新增内容以同一整合包移植；此行对应原章节在该包中的收录。,https://9-nine-project.com/game/consumer/
g436,g436-v3,9-nine-そらいろそらうたそらのおと,9-nine-天色天歌天籁音,9-nine-そらいろそらうたそらのおと,视觉小说,剧情分支／冒险,异能／都市悬疑·第二章,新海翔、新海天、九條都,2022,PlayStation 4,エンターグラム,エンターグラム,主机整合版,,《9-nine-》四章与新增内容以同一整合包移植；此行对应原章节在该包中的收录。,https://9-nine-project.com/game/consumer/
g436,g436-v4,9-nine-そらいろそらうたそらのおと,9-nine-天色天歌天籁音,9-nine-そらいろそらうたそらのおと,视觉小说,剧情分支／冒险,异能／都市悬疑·第二章,新海翔、新海天、九條都,2022,Nintendo Switch,エンターグラム,エンターグラム,主机整合版,,《9-nine-》四章与新增内容以同一整合包移植；此行对应原章节在该包中的收录。,https://9-nine-project.com/game/consumer/
g437,g437-v3,9-nine-はるいろはるこいはるのかぜ,9-nine-春色春恋春之风,9-nine-はるいろはるこいはるのかぜ,视觉小说,剧情分支／冒险,异能／都市悬疑·第三章,新海翔、香坂春風、九條都,2022,PlayStation 4,エンターグラム,エンターグラム,主机整合版,,《9-nine-》四章与新增内容以同一整合包移植；此行对应原章节在该包中的收录。,https://9-nine-project.com/game/consumer/
g437,g437-v4,9-nine-はるいろはるこいはるのかぜ,9-nine-春色春恋春之风,9-nine-はるいろはるこいはるのかぜ,视觉小说,剧情分支／冒险,异能／都市悬疑·第三章,新海翔、香坂春風、九條都,2022,Nintendo Switch,エンターグラム,エンターグラム,主机整合版,,《9-nine-》四章与新增内容以同一整合包移植；此行对应原章节在该包中的收录。,https://9-nine-project.com/game/consumer/
g438,g438-v3,9-nine-ゆきいろゆきはなゆきのあと,9-nine-雪色雪花雪之痕,9-nine-ゆきいろゆきはなゆきのあと,视觉小说,剧情分支／冒险,异能／都市悬疑·第四章,新海翔、結城希亜、ソフィーティア,2022,PlayStation 4,エンターグラム,エンターグラム,主机整合版,,《9-nine-》四章与新增内容以同一整合包移植；此行对应原章节在该包中的收录。,https://9-nine-project.com/game/consumer/
g438,g438-v4,9-nine-ゆきいろゆきはなゆきのあと,9-nine-雪色雪花雪之痕,9-nine-ゆきいろゆきはなゆきのあと,视觉小说,剧情分支／冒险,异能／都市悬疑·第四章,新海翔、結城希亜、ソフィーティア,2022,Nintendo Switch,エンターグラム,エンターグラム,主机整合版,,《9-nine-》四章与新增内容以同一整合包移植；此行对应原章节在该包中的收录。,https://9-nine-project.com/game/consumer/
g442,g442-v1,失われた楽園,失落的乐园,失われた楽園,Galgame,美少女探索冒险,孤岛／探索,耕作、綾乃、令子、モニカ、詩織、優美,1995,PC-9800,Silky’s,Silky’s,首发,,原品牌首发；后续平台移植另行核对。,https://www.ymgal.games/ga18749
g444,g444-v1,フィギュア ～奪われた放課後～,人偶：被夺走的放学后,フィギュア ～奪われた放課後～,Galgame,成人向冒险,学园／阴谋,Mishima（主人公）、Isao（旧同学）、Takanashi（学校创建者）,1995,PC-9800,Silky’s,Silky’s,首发,,原品牌首发；后续平台移植另行核对。,https://www.ymgal.games/ga18294
g445,g445-v1,JACK ～背徳の女神～,杰克：背德女神,JACK ～背徳の女神～,视觉小说,剧情分支／冒险,太空／侦探,ジャック・マーティン、レニ,1995,PC-9800,Silky’s,Silky’s,首发,,原品牌首发；后续平台移植另行核对。,https://www.ymgal.games/ga16109
g447,g447-v1,flutter of birds ～鳥達の羽ばたき～,振翼之鸟,flutter of birds ～鳥達の羽ばたき～,Galgame,恋爱剧情冒险,乡村／医疗恋爱,松井裕作、森野大気、美浜つばさ、虹掛美雨、神楽琴羽、南田白風、水川空、離加等メー、朝比奈めぐみ,2001,Windows,Silky’s,Silky’s,首发,,原品牌首发；后续平台移植另行核对。,https://www.ymgal.games/ga12207
g448,g448-v1,愛しの言霊,心爱的言灵,愛しの言霊,视觉小说,剧情分支／冒险,幽灵／未竟心愿,榊薫、佐々木蓉子、梶原清美、橘亜樹、藤島理恵、古賀無道,2001,Windows,Silky’s,Silky’s,首发,,原品牌首发；后续平台移植另行核对。,https://www.ymgal.games/ga12952
g449,g449-v1,奴隷介護,奴隶看护,奴隷介護,Galgame,成人向冒险,护理机构／成人剧情,斗南遥、神村夏生、御厨みくる、葉山枝里、中条紗江子,2001,Windows,Silky’s,Silky’s,首发,,原品牌首发；后续平台移植另行核对。,https://www.ymgal.games/ga19359
g450,g450-v1,Sweet ～半熟な天使たち～,甜蜜：尚未成熟的天使们,Sweet ～半熟な天使たち～,Galgame,恋爱剧情冒险,医院／职业成长,金澤瑞穂、鵜飼希、森崎綾乃、織下郁美、園田栄美子、和佐田尋子,2001,Windows,Silky’s,Silky’s,成人改编,,2001 年 12 月发行的 Windows 成人改编版，改名 Sweet，并新增和佐田寻子的路线。,https://sesesega.blog.fc2.com/blog-entry-623.html
g451,g451-v1,flutter of birds II 天使たちの翼,振翼之鸟 II：天使们的羽翼,flutter of birds II 天使たちの翼,Galgame,恋爱剧情冒险,冬日／成长恋爱,進矢シンクレア、雪柳ゆず、楢原成実、春原鈴葉、東木茜、槇樹村摩緒、榧場かずら、苺、瑞枝田美蔓,2002,Windows,Silky’s,Silky’s,首发,,原品牌首发；后续平台移植另行核对。,https://www.ymgal.games/ga12209
g452,g452-v1,肢体を洗う,清洗肢体,肢体を洗う,视觉小说,剧情分支／冒险,医院／心理惊悚,八坂、御堂悠紀、露崎千草、佐伯真魚、真田美和子,2002,Windows,Silky’s,Silky’s,首发,,原品牌首发；后续平台移植另行核对。,https://www.ymgal.games/ga14974
g453,g453-v1,肉体転移,肉体转移,肉体転移,Galgame,成人向冒险,异世界／身体交换,青島健一、秋山美帆、倉橋淑美、坂条ひかる、秋山このみ、尾澤雪乃、神村塔子、相馬隆人,2003,Windows,Silky’s,Silky’s,首发,,原品牌首发；后续平台移植另行核对。,https://www.ymgal.games/ga14950
g454,g454-v1,愛姉妹・蕾…汚してください,爱姐妹·花蕾：请玷污我,愛姉妹・蕾…汚してください,Galgame,成人向冒险,学园／姐妹,宮辻琴乃、宮辻鈴世、宮辻歌須美、盛沢舞子,2004,Windows,Silky’s,Silky’s,首发,,原品牌首发；后续平台移植另行核对。,https://www.ymgal.games/ga11701
g455,g455-v1,愛のチカラ,爱的力量,愛のチカラ,Galgame,恋爱剧情冒险,医院／社会关系,高梨かれん、望月恵美子、高橋幸雄、沢田志朗、長妻麗子,2005,Windows,Silky’s,Silky’s,首发,,原品牌首发；后续平台移植另行核对。,https://www.kungal.com/galgame/4192
g456,g456-v1,愛のカタチ ～エッチな女のコは嫌い…ですか？～,爱的形状：你讨厌好色的女孩吗？,愛のカタチ ～エッチな女のコは嫌い…ですか？～,Galgame,恋爱剧情冒险,都市／情感关系,森下まゆ、橋本智美、広田多香子、内藤裕子,2006,Windows,Silky’s,Silky’s,首发,,原品牌首发；后续平台移植另行核对。,https://www.ymgal.games/ga12688
g457,g457-v1,愛姉妹 ～どっちにするの!!～,爱姐妹：你选哪一个,愛姉妹 ～どっちにするの!!～,Galgame,恋爱剧情冒险,学园／姐妹恋爱,本多静流、本多優奈、白神香織、桜井さやか、りんぐ、新城明良,2006,Windows,Silky’s,Silky’s,首发,,原品牌首发；后续平台移植另行核对。,https://www.ymgal.games/ga11622
g458,g458-v1,姫騎士アンジェリカ ～あなたって、本当に最低の屑だわ！～,姬骑士安洁莉卡,姫騎士アンジェリカ ～あなたって、本当に最低の屑だわ！～,Galgame,成人向冒险,奇幻／复仇,エルネスト・フォルトゥナート、アンジェリカ・ロートシルト、クリスティーナ・ロートシルト、セラフィーナ・ストラーロ、フローラ・ファンファーニ,2007,Windows,Silky’s,Silky’s,首发,,原品牌首发；后续平台移植另行核对。,https://www.ymgal.games/ga10290
g459,g459-v1,学園催眠隷奴 ～さっきまで、大嫌いだったはずなのに～,学园催眠隶奴,学園催眠隷奴 ～さっきまで、大嫌いだったはずなのに～,Galgame,成人向冒险,学园／催眠,佐藤太志、桜沢唯奈、水城渚、竜宮寺姫乃、三好薫子、芹園小百合、藍原晶、千絵先生、みかん,2008,Windows,Silky’s,Silky’s,首发,,原品牌首发；后续平台移植另行核对。,https://www.ymgal.games/ga11484
g460,g460-v1,姫騎士オリヴィア ～へ、変態、この変態男！ 少しは恥を知りなさい！～,姬骑士奥莉薇娅,姫騎士オリヴィア ～へ、変態、この変態男！ 少しは恥を知りなさい！～,Galgame,成人向冒险,奇幻／骑士,オリヴィア・リンデガルド、アリエッタ・エルフィンリーネ、テレサ・ケルトゥーラ、セシル、ローラ・エルフィンリーネ、リリーナ・マーシャル、ルーネ、ティーア,2011,Windows,Silky’s,Silky’s,首发,,原品牌首发；后续平台移植另行核对。,https://www.ymgal.games/ga17403
g461,g461-v1,ベロちゅー！ ～コスプレメイドをエロメロしちゃう魔法の舌戯～,甜蜜之吻：女仆的魔法,ベロちゅー！ ～コスプレメイドをエロメロしちゃう魔法の舌戯～,Galgame,恋爱剧情冒险,同居／女仆恋爱,成瀬和憲、成瀬真紀子、御薗千春、氷上裕梨愛、蒼嶋ルイ、成瀬久美,2012,Windows,Silky’s,Silky’s,首发,,原品牌首发；后续平台移植另行核对。,https://www.ymgal.games/ga30697
g462,g462-v1,SEXティーチャー剛史 ～純情乙女が濡らしちゃう秘密の性感授業～,性教育教师刚史：少女们的秘密课程,SEXティーチャー剛史 ～純情乙女が濡らしちゃう秘密の性感授業～,Galgame,成人向冒险,学园／师生关系,清泉愛純、汐谷夏希、天利玲香、乃崎詩織、源彩子,2013,Windows,Silky’s,Silky’s,首发,,原品牌首发；后续平台移植另行核对。,https://www.ymgal.games/ga20191
g463,g463-v1,愛姉妹IV 悔しくて気持ち良かったなんて言えない,爱姐妹 IV：难以启齿的心情,愛姉妹IV 悔しくて気持ち良かったなんて言えない,Galgame,成人向冒险,家庭／姐妹,西山健二、藤村愛美、藤村清美、藤村江利子、長谷川順子、高峰奈々子,2014,Windows,Silky’s,Silky’s,首发,,原品牌首发；后续平台移植另行核对。,https://www.ymgal.games/ga21234
g464,g464-v1,女系家族,女系家族,女系家族,Galgame,成人向冒险,分支剧情／家族悬疑,森上秋二、山王時美雪、山王時恭子、山王時香織、山王時麗、野崎宗介,2002,Windows,Silky’s,Silky’s,首发,,原品牌首发；后续平台移植另行核对。,https://www.ymgal.games/ga15394
g465,g465-v1,女系家族 ～淫謀～,女系家族：淫谋,女系家族 ～淫謀～,Galgame,成人向冒险,关键词分支／家族悬疑,鹿取達也、有宮すみれ、有宮千里、有宮美宙、有宮詩苑、湯原祥子、河西えみり,2005,Windows,Silky’s,Silky’s,首发,,原品牌首发；后续平台移植另行核对。,https://www.ymgal.games/ga13049
g466,g466-v1,風紀委員長 聖薇 ～あなたなんて大嫌い、死ねばいいのに～,风纪委员长圣薇,風紀委員長 聖薇 ～あなたなんて大嫌い、死ねばいいのに～,Galgame,成人向冒险,学园／复仇,早乙女聖薇、早乙女樹里亜、結城瀬理奈、蓬莱織姫,2010,Windows,Silky’s,Silky’s,首发,,原品牌首发；后续平台移植另行核对。,https://www.ymgal.games/ga13675
g467,g467-v1,女系家族III ～秘密HIMITSU卑蜜～,女系家族 III：秘密,女系家族III ～秘密HIMITSU卑蜜～,Galgame,成人向冒险,分支剧情／孤岛悬疑,橋詰大樹、唐沢杏里、唐沢永遠、唐沢紫衣、唐沢綺羅,2012,Windows,Silky’s,Silky’s,首发,,原品牌首发；后续平台移植另行核对。,https://www.ymgal.games/ga31741
g305,g305-v4,河原崎家的一族,,河原崎家の一族,Galgame,成人向冒险,悬疑／多结局,斉藤六郎、古手川美佐子、安藤香織、河原崎麗、倉田亜栗栖、河原崎さちこ、朝倉みいな、河原崎京子,1994,DOS/V,Silky’s,Silky’s,移植,无角色配音,1994 年 12 月 25 日 DOS/V 移植。,https://ja.wikipedia.org/wiki/河原崎家の一族
g305,g305-v5,河原崎家的一族,,河原崎家の一族,Galgame,成人向冒险,悬疑／多结局,斉藤六郎、古手川美佐子、安藤香織、河原崎麗、倉田亜栗栖、河原崎さちこ、朝倉みいな、河原崎京子,1995,Windows 3.1,Silky’s,Silky’s,移植,无角色配音,1995 年 12 月 18 日 Windows 3.1 移植，与 1997 年有声版区分。,https://ja.wikipedia.org/wiki/河原崎家の一族
g306,g306-v5,野野村医院的人们,,野々村病院の人々,Galgame,成人向冒险,悬疑／调查,海原琢磨呂、野々村亜希子、牧野梨恵、野際美保、間宮千里、樹桃子,1995,DOS/V,Silky’s,Silky’s,移植,无角色配音,1995 年 DOS/V 移植。,https://ja.wikipedia.org/wiki/野々村病院の人々
g306,g306-v6,野野村医院的人们,,野々村病院の人々,Galgame,成人向冒险,悬疑／调查,海原琢磨呂、野々村亜希子、牧野梨恵、野際美保、間宮千里、樹桃子,2025,Windows,FG REMAKE,FG REMAKE,重制,,2025 年 9 月 26 日发行；以 1996 年 Windows 版为基础，重绘画面并调整演出。,https://moe-gameaward.com/media/2025/05/30/20204/
g450,g450-v2,Sweet ～半熟な天使たち～,甜蜜：尚未成熟的天使们,Sweet ～半熟な天使たち～,Galgame,恋爱剧情冒险,医院／职业成长,金澤瑞穂、鵜飼希、森崎綾乃、織下郁美、園田栄美子、和佐田尋子,2001,Dreamcast,SEGA,SEGA,原版,,2001 年 10 月 25 日《Candy Stripe ～みならい天使～》；早于 Windows 成人改编版。,https://www.suruga-ya.jp/product/detail/142000468
g447,g447-v2,flutter of birds ～鳥達の羽ばたき～,振翼之鸟,flutter of birds ～鳥達の羽ばたき～,Galgame,恋爱剧情冒险,乡村／医疗恋爱,松井裕作、森野大気、美浜つばさ、虹掛美雨、神楽琴羽、南田白風、水川空、離加等メー、朝比奈めぐみ,2010,Windows,Silky’s,Silky’s,下载版,,2010 年 9 月 17 日下载版；存档位由 10 增至 100，增加随时存取档。,https://ja.wikipedia.org/wiki/Flutter_of_birds_〜鳥達の羽ばたき〜
g465,g465-v2,女系家族 ～淫謀～,女系家族：淫谋,女系家族 ～淫謀～,Galgame,成人向冒险,关键词分支／家族悬疑,鹿取達也、有宮すみれ、有宮千里、有宮美宙、有宮詩苑、湯原祥子、河西えみり,2005,Windows,Silky’s,Silky’s,修正版,,2005 年 7 月 8 日重新发行，修正被回收的初版内容并更换包装。,https://ja.wikipedia.org/wiki/女系家族_(ゲーム)
g442,g442-v2,失われた楽園,失落的乐园,失われた楽園,Galgame,美少女探索冒险,孤岛／探索,耕作、綾乃、令子、モニカ、詩織、優美,1995,FM Towns,Silky’s,Silky’s,平台版,,1995 年该平台发行记录；不将未确认的语音状态写作无配音。,https://www.mobygames.com/game/192895/ushinawareta-rakuen/
g442,g442-v3,失われた楽園,失落的乐园,失われた楽園,Galgame,美少女探索冒险,孤岛／探索,耕作、綾乃、令子、モニカ、詩織、優美,1995,DOS,Silky’s,Silky’s,平台版,,1995 年该平台发行记录；不将未确认的语音状态写作无配音。,https://www.ymgal.games/ga18749
g445,g445-v2,JACK ～背徳の女神～,杰克：背德女神,JACK ～背徳の女神～,视觉小说,剧情分支／冒险,太空／侦探,ジャック・マーティン、レニ,1995,DOS,Silky’s,Silky’s,平台版,,1995 年该平台发行记录；不将未确认的语音状态写作无配音。,https://www.ymgal.games/ga16109
g468,g468-v1,なないろリンカネーション,七色轮回,なないろリンカネーション,视觉小说,剧情分支／冒险,怪奇悬疑／家庭喜剧,加賀見真、滝川琴莉、土方由美、伏見梓、伊予、桔梗、葵、芙蓉、アイリス,2014,Windows,Silky’s Plus WASABI,Silky’s Plus,首发,,日文 Windows 原版；按剧情阅读和选择推进。,https://ja.wikipedia.org/wiki/なないろリンカネーション
g469,g469-v1,根雪の幻影 -白花荘の人々-,根雪的幻影：白花庄的人们,根雪の幻影 -白花荘の人々-,视觉小说,剧情分支／冒险,封闭空间／悬疑,萩原重明、上乃院華穂、藤木桔梗、藤木藤子、撫子、松原くす葉,2015,Windows,Silky’s Plus A5和牛,Silky’s Plus,首发,,日文 Windows 原版；按剧情阅读和选择推进。,https://ja.wikipedia.org/wiki/根雪の幻影_白花荘の人々
g470,g470-v1,あけいろ怪奇譚,晓色怪奇谭,あけいろ怪奇譚,视觉小说,剧情分支／冒险,校园怪谈／悬疑,佐伯社、ベルベット、雛森佳奈、葛城葉子、久住美里、るり、るか、原田望,2016,Windows,Silky’s Plus WASABI,Silky’s Plus,首发,,日文 Windows 原版；按剧情阅读和选择推进。,https://ja.wikipedia.org/wiki/あけいろ怪奇譚
g471,g471-v1,景の海のアペイリア,景之海的艾佩莉亚,景の海のアペイリア,视觉小说,剧情分支／冒险,人工智能／虚拟现实科幻,桐島零一、アペイリア、桐島三羽、東ましろ、一久遠、竜宮沙羅、正円七海,2017,Windows,Silky’s Plus DOLCE,Silky’s Plus,首发,,日文 Windows 原版；按剧情阅读和选择推进。,https://ja.wikipedia.org/wiki/景の海のアペイリア
g472,g472-v1,景の海のアペイリア ～カサブランカの騎士～,景之海的艾佩莉亚：卡萨布兰卡的骑士,景の海のアペイリア ～カサブランカの騎士～,视觉小说,剧情分支／冒险,科幻／补充篇,桐島零一、竜宮沙羅、正円七海、アペイリア,2017,Windows,Silky’s Plus DOLCE,Silky’s Plus,首发,,日文 Windows 原版；独立 Fan Disc。,https://a.sofmap.com/product_detail.aspx?aac=on&sku=17146346
g473,g473-v1,バタフライシーカー,寻蝶者,バタフライシーカー,视觉小说,剧情分支／冒险,犯罪推理／异能悬疑,遠野圭介、天童優衣、氷室千歳、早乙女羽矢、桐生梓、九重透子,2018,Windows,Silky’s Plus A5和牛,Silky’s Plus,首发,,日文 Windows 原版；按剧情阅读和选择推进。,https://ja.wikipedia.org/wiki/バタフライシーカー
g474,g474-v1,バタフライシーカー ～カオス・ナイトメア～,寻蝶者：混沌噩梦,バタフライシーカー ～カオス・ナイトメア～,视觉小说,剧情分支／冒险,犯罪推理／续篇,遠野圭介、音無凛子、天童優衣、氷室千歳、早乙女羽矢、桐生梓、九重透子,2018,Windows,Silky’s Plus A5和牛,Silky’s Plus,首发,,日文 Windows 原版；独立 Fan Disc。,https://a.sofmap.com/product_detail.aspx?aac=on&gid=AT01010000&sku=18072403
g475,g475-v1,言の葉舞い散る夏の風鈴,言叶飘落的夏日风铃,言の葉舞い散る夏の風鈴,视觉小说,剧情分支／冒险,声优社团／青春恋爱,波瀬督、真額詞葉、野原ゆう、菩提樹仰子、百花奏,2018,Windows,Silky’s Plus DOLCE,Silky’s Plus,首发,,日文 Windows 原版；按剧情阅读和选择推进。,https://ja.wikipedia.org/wiki/言の葉舞い散る夏の風鈴
g476,g476-v1,缶詰少女ノ終末世界,罐头少女的终末世界,缶詰少女ノ終末世界,视觉小说,剧情分支／冒险,末日准备／科幻,小海雅孝、更紗サリ、八乙女華江、烏森亜実花、辻花咲,2019,Windows,Silky’s Plus,Silky’s Plus,首发,,日文 Windows 原版；按剧情阅读和选择推进。,https://zh.wikipedia.org/wiki/罐頭少女的終末世界
g477,g477-v1,きまぐれテンプテーション,异想魅惑,きまぐれテンプテーション,视觉小说,推理解谜融合,怪奇悬疑／恋爱调查,巽悠久、アンネリーゼ、楠木みりあ、野々宮花音、霧生晶、綾瀬沙也香,2019,Windows,Silky’s Plus WASABI,Silky’s Plus,首发,,日文 Windows 原版；按剧情阅读和选择推进。,https://zh.wikipedia.org/wiki/異想魅惑
g478,g478-v1,缶詰少女ノ終末世界 ～アナザー＜八乙女華江編＞,罐头少女的终末世界：Another 八乙女华江篇,缶詰少女ノ終末世界 ～アナザー＜八乙女華江編＞,视觉小说,剧情分支／冒险,角色补充篇,小海雅孝、八乙女華江,2021,Windows,Silky’s Plus,Silky’s Plus,首发,,独立下载补充篇，2021 年 7 月 30 日发行。,https://www.silkysplus.jp/game/kanzume/
g479,g479-v1,ふゆから、くるる。,冬滚滚,ふゆから、くるる。,视觉小说,剧情分支／冒险,学园科幻／推理,空丘夕陽、霜雪しほん、水名とりねこ、宇賀島ユカリ、宇賀島ベルリン、星都チエミ、菊間塔子、熾火澱、月角島ヴィカ,2021,Windows,Silky’s Plus,Silky’s Plus,首发,,日文 Windows 原版；按剧情阅读和选择推进。,https://ja.wikipedia.org/wiki/ふゆから、くるる。
g480,g480-v1,きまぐれテンプテーション２ ゆうやみ廻奇譚,异想魅惑2：宵暗廻奇谭,きまぐれテンプテーション２ ゆうやみ廻奇譚,视觉小说,剧情分支／冒险,怪奇悬疑／续作,巽悠久、アンネリーゼ、コハル、朝桐美代、朝桐千代、キルト,2024,Windows,Silky’s Plus WASABI,Silky’s Plus,首发,,日文 Windows 原版；按剧情阅读和选择推进。,https://www.melonbooks.co.jp/fromagee/fromagee/fromagee/detail/detail.php?product_id=2486206
g481,g481-v1,リルカは幾重に夜を彩る,莉露卡为夜晚染上重重色彩,リルカは幾重に夜を彩る,视觉小说,剧情分支／冒险,人格与愿望／悬疑,白石奈緒矢、丸森リルカ、丸森環奈、丸森七星、丸森千里,2026,Windows,Silky’s Plus,Silky’s Plus,首发,,日文 Windows 原版；按剧情阅读和选择推进。,https://moe-gameaward.com/title/detail.html?id=12029
g468,g468-v2,なないろリンカネーション,七色轮回,なないろリンカネーション,视觉小说,剧情分支／冒险,怪奇悬疑／家庭喜剧,加賀見真、滝川琴莉、土方由美、伏見梓、伊予、桔梗、葵、芙蓉、アイリス,2015,PlayStation Vita,Silky’s Plus Alpha,Silky’s Plus Alpha,移植,,2015 年 9 月 17 日发行的主机移植版。,https://blog.ja.playstation.com/2015/09/16/20150916_new-soft/
g468,g468-v3,なないろリンカネーション,七色轮回,なないろリンカネーション,视觉小说,剧情分支／冒险,怪奇悬疑／家庭喜剧,加賀見真、滝川琴莉、土方由美、伏見梓、伊予、桔梗、葵、芙蓉、アイリス,2019,Windows（Steam）,Sekai Project,Sekai Project,国际版,,2019 年 9 月 27 日发行；英文文本、日语角色语音。,https://store.steampowered.com/app/751450/
g477,g477-v2,きまぐれテンプテーション,异想魅惑,きまぐれテンプテーション,视觉小说,推理解谜融合,怪奇悬疑／恋爱调查,巽悠久、アンネリーゼ、楠木みりあ、野々宮花音、霧生晶、綾瀬沙也香,2020,Windows,Silky’s Plus,Silky’s Plus,全年龄版,,2020 年 8 月 28 日发行的全年龄版本。,https://zh.wikipedia.org/wiki/異想魅惑
g477,g477-v3,きまぐれテンプテーション,异想魅惑,きまぐれテンプテーション,视觉小说,推理解谜融合,怪奇悬疑／恋爱调查,巽悠久、アンネリーゼ、楠木みりあ、野々宮花音、霧生晶、綾瀬沙也香,2021,Windows（Steam）,Sekai Project,Sekai Project,国际版,,2021 年 11 月 19 日发行的中英文版本。,https://store.steampowered.com/app/1642260/
g479,g479-v2,ふゆから、くるる。,冬滚滚,ふゆから、くるる。,视觉小说,剧情分支／冒险,学园科幻／推理,空丘夕陽、霜雪しほん、水名とりねこ、宇賀島ユカリ、宇賀島ベルリン、星都チエミ、菊間塔子、熾火澱、月角島ヴィカ,2023,PlayStation 4,Entergram,Entergram,移植,,2023 年 5 月 25 日发行的主机版。,https://game.watch.impress.co.jp/docs/news/1502798.html
g479,g479-v3,ふゆから、くるる。,冬滚滚,ふゆから、くるる。,视觉小说,剧情分支／冒险,学园科幻／推理,空丘夕陽、霜雪しほん、水名とりねこ、宇賀島ユカリ、宇賀島ベルリン、星都チエミ、菊間塔子、熾火澱、月角島ヴィカ,2023,Nintendo Switch,Entergram,Entergram,移植,,2023 年 5 月 25 日发行的主机版。,https://game.watch.impress.co.jp/docs/news/1502798.html
g482,g482-v1,妻みぐい3,妻中蜜 3,妻みぐい3,Galgame,恋爱剧情冒险,乡间地图／多结局,夏樹明人、夏樹海夕里、朝露砂夜子、神野藍、神野菫,2016,Windows,Alicesoft,Alicesoft,首发,,日文 Windows 原版；见官网商品与玩法资料。,https://www.alicesoft.com/tsumamigui3/
g483,g483-v1,妻みぐい3 スピンオフ純愛編,妻中蜜 3：衍生篇·纯爱篇,妻みぐい3 スピンオフ純愛編,Galgame,恋爱剧情冒险,独立下载／后日谈,夏樹明人、朝露砂夜子、夏樹海夕里,2016,Windows（下载版）,Alicesoft,Alicesoft,独立下载补充篇,,官网将该内容列为单独下载的作品。,https://blog.alicesoft.com/archives/4642916.html
g484,g484-v1,妻みぐい3 スピンオフ寝取られ編,妻中蜜 3：衍生篇·寝取篇,妻みぐい3 スピンオフ寝取られ編,Galgame,恋爱剧情冒险,独立下载／后日谈,神野藍、武雄,2016,Windows（下载版）,Alicesoft,Alicesoft,独立下载补充篇,,官网将该内容列为单独下载的作品。,https://blog.alicesoft.com/archives/4642916.html
g485,g485-v1,は～とふるママン,Heartful妈妈,は～とふるママン,Galgame,成人向冒险,家庭关系／分支,城崎真生、有馬汐梨、城崎嗣夫,2017,Windows,Alicesoft,Alicesoft,首发,,日文 Windows 原版；见官网商品与玩法资料。,https://www.alicesoft.com/heartfulmaman/
g486,g486-v1,超昂神騎エクシール,超昂神骑爱克希尔,超昂神騎エクシール,Galgame,成人向冒险,变身英雄／养成,央堂継彦、エリス・エクシリア、報生キリカ、アズエル、ベゼル,2017,Windows,Alicesoft,Alicesoft,首发,,日文 Windows 原版；见官网商品与玩法资料。,https://www.alicesoft.com/ixseal/
g487,g487-v1,母爛漫,母烂漫,母爛漫,Galgame,恋爱剧情冒险,家庭关系／和风,加賀伊佐武、和倉繭子、羽華、山中咲季、和倉隆文、三谷,2019,Windows,Alicesoft,Alicesoft,首发,,日文 Windows 原版；见官网商品与玩法资料。,https://www.alicesoft.com/haharanman/
g488,g488-v1,奥さまの回復術 純愛編,夫人的恢复术：纯爱篇,奥さまの回復術 純愛編,Galgame,恋爱剧情冒险,奇幻／地图移动,獅音、瑠衣、蒼夜,2022,Windows（下载版）,Alicesoft,Alicesoft,首发,,官网将该内容列为单独下载的作品。,https://www.alicesoft.com/okusama/story01/
g489,g489-v1,奥さまの回復術 寝取られ編,夫人的恢复术：寝取篇,奥さまの回復術 寝取られ編,Galgame,恋爱剧情冒险,奇幻／剧情选择,蒼夜、瑠衣、獅音、轟、邪卑,2022,Windows（下载版）,Alicesoft,Alicesoft,首发,,官网将该内容列为单独下载的作品。,https://www.alicesoft.com/okusama/story02/
g488,g488-v2,奥さまの回復術 純愛編,夫人的恢复术：纯爱篇,奥さまの回復術 純愛編,Galgame,恋爱剧情冒险,奇幻／地图移动,獅音、瑠衣、蒼夜,2022,Windows（双篇盒装）,Alicesoft,Alicesoft,套装收录,,两篇同日以独立下载版发行；盒装内含两张游戏光盘，本站不将盒装另计为新作品。,https://www.alicesoft.com/okusama/
g489,g489-v2,奥さまの回復術 寝取られ編,夫人的恢复术：寝取篇,奥さまの回復術 寝取られ編,Galgame,恋爱剧情冒险,奇幻／剧情选择,蒼夜、瑠衣、獅音、轟、邪卑,2022,Windows（双篇盒装）,Alicesoft,Alicesoft,套装收录,,两篇同日以独立下载版发行；盒装内含两张游戏光盘，本站不将盒装另计为新作品。,https://www.alicesoft.com/okusama/
g490,g490-v1,超昂閃忍ハルカ,超昂闪忍遥,超昂閃忍ハルカ,Galgame,成人向冒险,变身英雄／日程养成／战斗,戦部タカマル、鷹守ハルカ、四方堂ナリカ、黒鉄アキラ、スバル、四方堂清玄、スズモリ,2008,Windows,Alicesoft,Alicesoft,首发,,2008-02-29 发售；日文 Windows 原版。,https://www.alicesoft.com/haruka/
g491,g491-v1,ばにしゅ！～おっぱいの消えた王国～,消失！～胸部消失的王国～,ばにしゅ！～おっぱいの消えた王国～,Galgame,成人向冒险,奇幻／魔法／师徒,黒須賢三、コロロコ・スワロウ、エトワール・レネ・ロシュトール、リリリィ、セロ・ポグロム、コーモリ、ナノフィリア・サーシャ・ロシュトール、ネウス・ポグロム,2009,Windows,Alicesoft,Alicesoft,首发,,2009-02-27 发售；日文 Windows 原版。,https://www.alicesoft.com/banishu/index.html
g492,g492-v1,ももいろガーディアン,桃色守护者,ももいろガーディアン,Galgame,恋爱剧情冒险,魔王／勇者／校园喜剧,瀬野拓真、霧崎楓、玲奈・フロウレイン、城宮雫、紗緒,2009,Windows,Alicesoft,Alicesoft,首发,,2009-09-18 发售；日文 Windows 原版。,https://www.alicesoft.com/momonga/main.html
g493,g493-v1,母娘乱館,母娘乱馆,母娘乱館,Galgame,成人向冒险,宅邸／家庭关系／分支,護、神代琴音、神代紗夜、神代莉々子、神代一騎、雪乃、兼田響子,2012,Windows（先行下载版）,Alicesoft,Alicesoft,先行发行,,2012-09-14 DMM 先行下载版，早于盒装两周；官网标明仅女性角色配音。,https://www.alicesoft.com/oyakorankan/
g494,g494-v1,どらぺこ！ ～おねだりドラゴンとおっぱい勇者～,馋嘴龙！～爱撒娇的龙与巨乳勇者～,どらぺこ！ ～おねだりドラゴンとおっぱい勇者～,Galgame,成人向冒险,奇幻／道具解锁分支／流程图,エスト、クゥ、トオル、ソース、セキエイ,2013,Windows,Alicesoft,Alicesoft,首发,,2013-06-28 发售；日文 Windows 原版。,https://www.alicesoft.com/drapeko/
g493,g493-v2,母娘乱館,母娘乱馆,母娘乱館,Galgame,成人向冒险,宅邸／家庭关系／分支,護、神代琴音、神代紗夜、神代莉々子、神代一騎、雪乃、兼田響子,2012,Windows（盒装／普通下载版）,Alicesoft,Alicesoft,一般发行,,2012-09-28 盒装与普通下载版发行，2012-10-26 扩展一般下载渠道。最早发行仍取 09-14 先行下载；同作不另计作品。官网标明仅女性角色配音。,https://www.alicesoft.com/oyakorankan/
g495,g495-v1,しまいま。,魅魔姐妹。,しまいま。,Galgame,恋爱剧情冒险,校园／奇幻／恋爱分支,結城遊馬、神無静流、神無紗奈、風霧零、百景のぞみ、奈々月絢音、黄泉塚一夜,2004,Windows（ALICEの館7 收录）,Alicesoft,Alicesoft,合集内首发,,2004 年 12 月随《ALICEの館7》发行的原始版本；该合集另含其他游戏，本记录仅对应《しまいま。》。,https://www.alicesoft.com/saboten/download.html
g495,g495-v2,しまいま。,魅魔姐妹。,しまいま。,Galgame,恋爱剧情冒险,校园／奇幻／恋爱分支,結城遊馬、神無静流、神無紗奈、風霧零、百景のぞみ、奈々月絢音、黄泉塚一夜,2006,Windows（独立免费版）,Alicesoft,Alicesoft,独立再发行,,为介绍与《よくばりサボテン》相近的作品风格而免费公开。官网确认剧情不变，仅开场等影片降低码率；仍归为同一作品。,https://www.alicesoft.com/saboten/download.html
g496,g496-v1,よくばりサボテン,贪婪的仙人掌,よくばりサボテン,Galgame,恋爱剧情冒险,校园／暑期／多路线恋爱,藤宮友弥、霧島勇美、藤宮凛、瀬名川早月、棗秋奈、奈々月絢音、凰火朱鷺,2006,Windows,Alicesoft,Alicesoft,首发,,2006-04-21 日文 Windows 原版；部分角色语音。官网提供需本体光盘的追加剧情「よくしま外伝」。,https://ja.wikipedia.org/wiki/よくばりサボテン
g497,g497-v1,だぶる先生らいふっ,双教师同居生活,だぶる先生らいふっ,Galgame,恋爱剧情冒险,同居／教师／恋爱分支,十条要、十宮夏姫、黒崎時雨、笹塚都、埴御四五七、埴御一二三,2007,Windows（盒装）,Alicesoft,Alicesoft,首发,,2007-06-29 发售；除主人公外全语音。额外剧情需本体光盘，未另计独立游戏。,https://www.alicesoft.com/teacher/index.html
g497,g497-v2,だぶる先生らいふっ,双教师同居生活,だぶる先生らいふっ,Galgame,恋爱剧情冒险,同居／教师／恋爱分支,十条要、十宮夏姫、黒崎時雨、笹塚都、埴御四五七、埴御一二三,2015,Windows（下载版）,Alicesoft,Alicesoft,数字再发行,,月幕发行记录列为 2015-03-20 下载发行；官网现售下载版仍标明除主人公外全语音。本次未发现新增独立剧情的说明。,https://www.ymgal.games/ga10175
g498,g498-v1,アトラク＝ナクア,阿特拉克·纳克亚,アトラク＝ナクア,视觉小说,剧情分支／冒险,传奇／心理恐怖,比良坂初音、深山奏子、銀（シロガネ）,1997,Windows（ALICEの館4・5・6 收录）,Alicesoft,Alicesoft,合集内首发,无角色配音,1997-12-18 日文原版。,https://ja.wikipedia.org/wiki/アトラク＝ナクア_(ゲーム)
g499,g499-v1,DiaboLiQuE－デアボリカ－,迪亚波利卡,DiaboLiQuE－デアボリカ－,视觉小说,剧情分支／冒险,黑暗幻想／轮回,アズライト、レティシア,1998,Windows,Alicesoft,Alicesoft,首发,,1998-05-28 日文原版。,https://ja.wikipedia.org/wiki/DiaboLiQuE
g500,g500-v1,SeeIn青 -シーンAO-,海之青,SeeIn青 -シーンAO-,Galgame,恋爱剧情冒险,近未来／海洋都市恋爱,帆波結衣、高坂雪之、如月優美、如月美夕、成瀬涼,2000,Windows,Alicesoft,Alicesoft,首发,,2000-07-06 日文原版。,https://www.ymgal.games/ga14377
g501,g501-v1,妻みぐい,妻中蜜,妻みぐい,Galgame,成人向冒险,公寓生活／关系分支,津崎悟、蓮間香苗、水守千穂,2002,Windows,Alicesoft,Alicesoft,首发,无角色配音,2002-03-15 日文原版。,https://ja.wikipedia.org/wiki/妻みぐい
g502,g502-v1,超昂天使エスカレイヤー,超昂天使Escalayer,超昂天使エスカレイヤー,Galgame,成人向冒险,变身英雄／养成与战斗 ADV,高円寺沙由香、柳瀬恭平、マドカ,2002,Windows,Alicesoft,Alicesoft,首发,,2002-08-02 日文原版。,https://zh.wikipedia.org/wiki/超昂天使Escalayer
g503,g503-v1,妻みぐい2,妻中蜜2,妻みぐい2,Galgame,成人向冒险,关系分支／系列续篇,朝霧直人、岸原遙、津崎香苗,2003,Windows,Alicesoft,Alicesoft,首发,,2003-03-28 日文原版。,https://ja.wikipedia.org/wiki/妻みぐい
g504,g504-v1,シェル・クレイル ～愛しあう逃避の中で～,雪尔·克莱尔：相爱逃避之中,シェル・クレイル ～愛しあう逃避の中で～,Galgame,恋爱剧情冒险,逃亡恋爱／心理悬疑,セトル＝ジャン・ストニ、リジエンヌ・エイパ（リズ）、オルガ・エアレ、ベルナデット・ヴォヌハース,2003,Windows,Alicesoft,Alicesoft,首发,无角色配音,2003-06-27 日文原版。,https://ja.wikipedia.org/wiki/シェル・クレイル_〜愛しあう逃避の中で〜
g505,g505-v1,魔女の贖罪,魔女的赎罪,魔女の贖罪,Galgame,成人向冒险,黑暗幻想／宗教迫害,セディア、ニス、リオ、コーヴェン大司教,2004,Windows,Alicesoft,Alicesoft,首发,,2004 年 4 月 日文原版。,https://hannylaboratory.blogspot.com/2022/02/2004-2005.html
g506,g506-v1,妻しぼり,妻榨,妻しぼり,Galgame,恋爱剧情冒险,箱庭生活／同居恋爱,心羽幸介、琴月円、葵咲良、竹内姫香,2006,Windows,Alicesoft,Alicesoft,首发,,2006-08-04 日文原版。,https://ja.wikipedia.org/wiki/妻しぼり
g507,g507-v1,僕だけの保健室,只有我的保健室,僕だけの保健室,Galgame,恋爱剧情冒险,校园／保健室恋爱,綾戸悠、柊真那,2009,Windows,Alicesoft,Alicesoft,首发,,2009-07-24 日文原版。,https://www.alicesoft.com/hoken/index.html
g508,g508-v1,しゃーまんず・さんくちゅあり－巫女の聖域－,巫女的圣域,しゃーまんず・さんくちゅあり－巫女の聖域－,Galgame,成人向冒险,宗教幻想／召唤养成 ADV,真舟伊月、氷野水乃、炎道紅葉、佐和白雪,2010,Windows,Alicesoft,Alicesoft,首发,,2010-11-26 日文原版。盒装与同期下载发行合记；不按销售渠道重复计数。,https://www.alicesoft.com/mankuchu/index.html
g498,g498-v2,アトラク＝ナクア,阿特拉克·纳克亚,アトラク＝ナクア,视觉小说,剧情分支／冒险,传奇／心理恐怖,比良坂初音、深山奏子、銀（シロガネ）,2000,Windows（独立廉价版）,Alicesoft,Alicesoft,独立再发行,无角色配音,2000-09-14 独立廉价版；调整部分设定表述并更新引擎，仍为同一作品。,https://ja.wikipedia.org/wiki/アトラク＝ナクア_(ゲーム)
g499,g499-v2,DiaboLiQuE－デアボリカ－,迪亚波利卡,DiaboLiQuE－デアボリカ－,视觉小说,剧情分支／冒险,黑暗幻想／轮回,アズライト、レティシア,2000,Windows（廉价版）,Alicesoft,Alicesoft,廉价再发行,,2000-09-14 廉价版；引擎由 System3.5 更新至 System3.8，不新增作品 ID。,https://ja.wikipedia.org/wiki/DiaboLiQuE
g501,g501-v2,妻みぐい,妻中蜜,妻みぐい,Galgame,成人向冒险,公寓生活／关系分支,津崎悟、蓮間香苗、水守千穂,2010,Windows（追加语音下载版）,Alicesoft,Alicesoft,语音追加再发行,,2010-10-01 下载发行，追加角色语音；与 2002 年无配音原版分开记录。,https://ja.wikipedia.org/wiki/妻みぐい
g502,g502-v2,超昂天使エスカレイヤー,超昂天使Escalayer,超昂天使エスカレイヤー,Galgame,成人向冒险,变身英雄／养成与战斗 ADV,高円寺沙由香、柳瀬恭平、マドカ,2014,Windows（Reboot）,Alicesoft,Alicesoft,重制,,2014-07-25《超昂天使エスカレイヤー・リブート》发行；按原作重制归档。,https://www.alicesoft.com/escalayerreboot/
g509,g509-v1,闘神都市II そして、それから…,斗神都市2：此后的故事,闘神都市II そして、それから…,视觉小说,单线视觉小说,后日谈／修行／成长,シード、瑞原葉月,1995,PC-9801／FM TOWNS／Windows,Alicesoft,Alicesoft,日本首发,,1995-12-08 以多平台CD发行，内容为本篇之后的新故事。配音尚未核实。,https://alicecottage1989.blog.jp/archives/25207884.html
g510,g510-v1,AliveZ,AliveZ：未知的生命,AliveZ,视觉小说,剧情分支／冒险,异能／回忆／人物群像,神座骸、竹河いばら、ドリー、楠原柚希、御堂轟駁,2008,Windows,Alicesoft,Alicesoft,日本首发,,2008-09-26 首发；官网规格标注全语音。后续追加剧本补丁合并于本版说明。,https://www.ymgal.games/oa10009
g510,g510-v2,AliveZ,AliveZ：未知的生命,AliveZ,视觉小说,剧情分支／冒险,异能／回忆／人物群像,神座骸、竹河いばら、ドリー、楠原柚希、御堂轟駁,2008,Windows,Alicesoft,Alicesoft,v1.01剧情追加包（需母作）,无角色配音,2008-11-14公开，追加四篇后日谈、四篇趣味故事和六篇广播剧脚本，共十四篇；需要AliveZ本体，新增剧本没有语音。原版配音不由此删除。,https://www.alicesoft.com/alivez/download.html
g511,g511-v1,エドランゼ ～Come on!水戸姫様～,江户乱世：来吧！水户公主,エドランゼ ～Come on!水戸姫様～,视觉小说,剧情分支／冒险,架空江户／喜剧,水戸姫海里、藤林銀、遠山千影、尾上菊,2008,Windows,Alicesoft,Alicesoft,活动套装首发,,2008-10-12 活动套装发行；同期评介记载全语音。,https://www.ymgal.games/oa10009
g512,g512-v1,守り神様,守护神大人,守り神様,Galgame,恋爱模拟,家庭／守护／一周生活,小野寺裕行、小野寺加代子、小野寺真由美、小野寺晋太郎、ミルク,1999,Windows,Alicesoft,Alicesoft,日本首发,,1999-03-25 首发。配音尚未核实。,https://www.ymgal.games/oa10009
g513,g513-v1,Hushaby Baby,Hushaby Baby：离别前的摇篮曲,Hushaby Baby,视觉小说,单线视觉小说,重逢／幽灵／告别,日羽,1999,Windows,Alicesoft,Alicesoft,会员限定首发,,1999-09-30 Windows CD版发行。配音尚未核实；文本模式开关属于同一发行版。,https://alicecottage1989.blog.jp/archives/31069483.html
g514,g514-v1,DARCROWS -ダークロウズ-,暗鸦,DARCROWS -ダークロウズ-,Galgame,恋爱模拟,王国危机／黑暗叙事,クロード、エレーヌ、ティアリス、ユリーシャ、リゼル,1999,Windows,Alicesoft,Alicesoft,原版首发,,1999-11-18 Windows 首发；原版有角色配音。,https://www.ymgal.games/ga11286
g514,g514-v2,DARCROWS -ダークロウズ-,暗鸦,DARCROWS -ダークロウズ-,Galgame,恋爱模拟,王国危机／黑暗叙事,クロード、エレーヌ、ティアリス、ユリーシャ、リゼル,2003,Windows,Alicesoft,Alicesoft,廉价再版,,2003-10-24 廉价再版；与原作合并，具体配音及介质差异未逐项核实。,https://www.ymgal.games/ga11286
g514,g514-v3,DARCROWS -ダークロウズ-,暗鸦,DARCROWS -ダークロウズ-,Galgame,恋爱模拟,王国危机／黑暗叙事,クロード、エレーヌ、ティアリス、ユリーシャ、リゼル,2010,Windows,Alicesoft,Alicesoft,下载再版,,2010-02-26 下载发行；不视为独立作品，配音差异未核实。,https://www.ymgal.games/ga11286
g515,g515-v1,妖精,妖精,妖精,视觉小说,剧情分支／冒险,画家／异类邂逅,画家（姓名未核实）、有翅膀的小妖精（姓名未核实）,2000,Windows,Alicesoft,Alicesoft,赠品合集首发,,2000-07-06 随 AliceCD 2.01 发行；配音未核实。,https://www.ymgal.games/ga26409
g516,g516-v1,蒼海に堕ちて…,坠入苍海……,蒼海に堕ちて…,视觉小说,剧情分支／冒险,航海／封闭空间,独自航海的青年（姓名未核实）、飞机失事后获救的少女（姓名未核实）,1998,Windows,Alicesoft,Alicesoft,赠品合集首发,,1998-11-26 AliceCD 1.00 收录；配音未核实。,https://www.ymgal.games/ga26390
g517,g517-v1,ウルトラ魔法少女まなな,超级魔法少女真奈奈,ウルトラ魔法少女まなな,视觉小说,剧情分支／冒险,魔法少女／喜剧,まなな、もこもこ、ヴァル、天城俊一,2004,Windows,Alicesoft,Alicesoft,连载第1卷,,2004-08-27 随《RanceVI》附赠；首发卷有配音，后续下载版的配音配置未逐卷核实。,https://w.atwiki.jp/ercr/pages/1926.html
g517,g517-v2,ウルトラ魔法少女まなな,超级魔法少女真奈奈,ウルトラ魔法少女まなな,视觉小说,剧情分支／冒险,魔法少女／喜剧,まなな、もこもこ、ヴァル、天城俊一,2004,Windows,Alicesoft,Alicesoft,连载第2卷,,2004-10-11 DreamParty 人偶赠品；首发卷有配音，后续下载版的配音配置未逐卷核实。,https://w.atwiki.jp/ercr/pages/1926.html
g517,g517-v3,ウルトラ魔法少女まなな,超级魔法少女真奈奈,ウルトラ魔法少女まなな,视觉小说,剧情分支／冒险,魔法少女／喜剧,まなな、もこもこ、ヴァル、天城俊一,2004,Windows,Alicesoft,Alicesoft,连载第3卷,,2004-12-17 随《アリスの館7》附赠；首发卷有配音，后续下载版的配音配置未逐卷核实。,https://w.atwiki.jp/ercr/pages/1926.html
g517,g517-v4,ウルトラ魔法少女まなな,超级魔法少女真奈奈,ウルトラ魔法少女まなな,视觉小说,剧情分支／冒险,魔法少女／喜剧,まなな、もこもこ、ヴァル、天城俊一,2005,Windows,Alicesoft,Alicesoft,连载第4卷,,2005-05-04 DreamParty 咖喱赠品；首发卷有配音，后续下载版的配音配置未逐卷核实。,https://w.atwiki.jp/ercr/pages/1926.html
g517,g517-v5,ウルトラ魔法少女まなな,超级魔法少女真奈奈,ウルトラ魔法少女まなな,视觉小说,剧情分支／冒险,魔法少女／喜剧,まなな、もこもこ、ヴァル、天城俊一,2005,Windows,Alicesoft,Alicesoft,连载第5卷,,2005-06-17 随《ぱすてるチャイムContinue》附赠；首发卷有配音，后续下载版的配音配置未逐卷核实。,https://w.atwiki.jp/ercr/pages/1926.html
g518,g518-v1,神武 -カムナガラ-,神武,神武 -カムナガラ-,视觉小说,剧情分支／冒险,日本神话／不死少女,高原総司、尹坐那美咲椰、月詠雪乃,2004,Windows,Alicesoft,Alicesoft,第一话合集首发,,2004-12-17《アリスの館7》收录第一话；配音未核实。,https://www.ymgal.games/oa10009
g518,g518-v2,神武 -カムナガラ-,神武,神武 -カムナガラ-,视觉小说,剧情分支／冒险,日本神话／不死少女,高原総司、尹坐那美咲椰、月詠雪乃,2005,Windows,Alicesoft,Alicesoft,连载合编版,,2005-09-30《神武－カムナガラ－壱・弐・参》；配音未核实。,https://www.ymgal.games/ga12854
g518,g518-v3,神武 -カムナガラ-,神武,神武 -カムナガラ-,视觉小说,剧情分支／冒险,日本神话／不死少女,高原総司、尹坐那美咲椰、月詠雪乃,2009,Windows,Alicesoft,Alicesoft,增订合集版,,2009-12-18《アリス2010》收录现代篇一至三话增订版；配音未核实。,https://www.alicesoft.com/alice2010/cnt06.html
g519,g519-v1,砂漠のニッカ,沙漠中的妮卡,砂漠のニッカ,视觉小说,剧情分支／冒险,逃亡／沙漠旅行,ニッカ、セイジ、ツバメ、シザメリ,2009,Windows,Alicesoft,Alicesoft,合集首发,,2009-12-18《アリス2010》收录；本短篇的配音未单独核实。,https://www.alicesoft.com/alice2010/
g520,g520-v1,レイチェルの桜貝,蕾切尔的樱贝,レイチェルの桜貝,视觉小说,剧情分支／冒险,斗神都市人物／平行故事,レイチェル,2009,Windows,Alicesoft,Alicesoft,合集首发,,2009-12-18《アリス2010》收录；本短篇的配音未单独核实。,https://www.alicesoft.com/alice2010/
g521,g521-v1,眼鏡のメイと夏休み,眼镜芽生与暑假,眼鏡のメイと夏休み,视觉小说,剧情分支／冒险,暑假／日常,芽生（めい）,2009,Windows,Alicesoft,Alicesoft,合集首发,,2009-12-18《アリス2010》收录；本短篇的配音未单独核实。,https://www.alicesoft.com/alice2010/
g522,g522-v1,Girls.,女孩们,Girls.,视觉小说,剧情分支／冒险,日历插画／人物小品,日历插画中的四位女主角（姓名未核实）,2004,Windows,Alicesoft,Alicesoft,合集首发,,2004-12-17《アリスの館7》收录；该短篇配音未单独核实。,https://www.ymgal.games/oa10009
g523,g523-v1,オニむス,鬼姑娘,オニむス,视觉小说,剧情分支／冒险,食堂／异类同居,食堂店主（姓名未核实）、自称鬼族的双角少女（姓名未核实）,2004,Windows,Alicesoft,Alicesoft,合集首发,,2004-12-17《アリスの館7》收录；该短篇配音未单独核实。,https://www.ymgal.games/oa10009
g524,g524-v1,エルメイフラワー,艾尔梅之花,エルメイフラワー,Galgame,恋爱剧情冒险,危险组织／恋爱,メイゾネット、追求她的主人公（姓名未核实）,2004,Windows,Alicesoft,Alicesoft,合集首发,,2004-12-17《アリスの館7》收录；该短篇配音未单独核实。,https://www.ymgal.games/oa10009
g525,g525-v1,透色（すきいろ）,透明之色,透色（すきいろ）,视觉小说,剧情分支／冒险,医师／狐附身,砂花、被狐附身的患者（姓名未核实）,2004,Windows,Alicesoft,Alicesoft,合集首发,,2004-12-17《アリスの館7》收录；该短篇配音未单独核实。,https://www.ymgal.games/oa10009
g526,g526-v1,大番長外伝,大番长外传,大番長外伝,视觉小说,剧情分支／冒险,人物过去／后日谈,《大番长》人物群像（逐篇名单及姓名未核实）,2004,Windows,Alicesoft,Alicesoft,合集首发,,2004-12-17《アリスの館7》收录；本条只记录已核对的合集首发，配音未单独核实。,https://www.ymgal.games/oa10009
g527,g527-v1,ランス６その後,兰斯6：之后的故事,ランス６その後,视觉小说,剧情分支／冒险,赛斯人物／后日谈,シィル・プライン、ウルザ・プラナアイス、フェリス、山田千鶴子、コパンドン・ドット,2004,Windows,Alicesoft,Alicesoft,合集首发,,2004-12-17《アリスの館7》收录；本条只记录已核对的合集首发，配音未单独核实。,https://www.ymgal.games/oa10009
g528,g528-v1,ぱすちゃC＋＋,粉彩铃音 C++,ぱすちゃC＋＋,Galgame,成人向冒险,学园人物／Fan Disc,フィル・イハート、斎香・Ｓ・ファルネーゼ、ルーシー・ミンシアード、竜胆リナ、ナツミ・キャメロン、光岡くおん,2005,Windows,Alicesoft,Alicesoft,Fan Disc首发,,2005-12-09 Windows发行；角色档案列出配音演员，记有配音，具体覆盖范围未核实。,https://www.ymgal.games/ga14364
g529,g529-v1,ぷろGRX,职业学生GRX,ぷろGRX,视觉小说,剧情分支／冒险,御宅文化／喜剧,猿藤悟郎、魔窟堂野武彦,2004,Windows,Alicesoft,Alicesoft,合集首发,,2004-12-17《アリスの館7》收录；本条只记录已核对的合集首发，配音未单独核实。,https://www.ymgal.games/oa10009
g530,g530-v1,CGは17年ゼミ（化石発掘）,CG十七年研讨会：化石发掘,CGは17年ゼミ（化石発掘）,视觉小说,剧情分支／冒险,地下世界／荒诞喜剧,ユカリ、ナルト、ジュゴン、チャツミ、社長,2004,Windows,Alicesoft,Alicesoft,合集首发,,2004-12-17《アリスの館7》收录；本条只记录已核对的合集首发，配音未单独核实。,https://www.ymgal.games/oa10009
g531,g531-v1,でーぴーえす Ver_N,D.P.S. Ver_N短篇集,でーぴーえす Ver_N,视觉小说,剧情分支／冒险,人物短篇／猫耳,《ごしゅじんさまはまにあっく》的女主角（姓名未核实）、《くろねこのタンゴ》的猫耳女主角（姓名未核实）,2004,Windows,Alicesoft,Alicesoft,合集首发,,2004-12-17《アリスの館7》收录；本条只记录已核对的合集首发，配音未单独核实。,https://www.ymgal.games/oa10009
g532,g532-v1,DEBUT－プロトタイプ乙女ゲー－,DEBUT：乙女游戏原型,DEBUT－プロトタイプ乙女ゲー－,Galgame,恋爱剧情冒险,华尔兹／舞伴,学习华尔兹并寻找舞伴的女主角（姓名未核实）,2004,Windows,Alicesoft,Alicesoft,合集首发,,2004-12-17《アリスの館7》收录；本条只记录已核对的合集首发，配音未单独核实。,https://www.ymgal.games/oa10009
g533,g533-v1,これD.P.S.？,这也算D.P.S.？,これD.P.S.？,视觉小说,剧情分支／冒险,独立故事／合集,《Keep Out》的主人公（姓名未核实）、《Iron Maiden》的主人公（姓名未核实）、《超伝説古代ロボ レッドサンダー》的主人公（姓名未核实）、《暗黒》的主人公（姓名未核实）,2000,Windows,Alicesoft,Alicesoft,合集首发,,2000-12-07 随《２０世紀アリス》发行；配音未核实。,https://www.ymgal.games/ga11685
g534,g534-v1,人魚－蘿子－,人鱼：萝子,人魚－蘿子－,视觉小说,剧情分支／冒险,追逃／神秘石头,携带神秘石头的青年（姓名未核实）、与青年同行的少女（姓名未核实）,1996,PC-98／FM TOWNS／Windows 3.1,Alicesoft,Alicesoft,早期配布版,,1996年10月会员Web配布，历史档案合列Win31、PC98及TOWNS；明确支持平台但不虚构各机种不同首发日，合记一条。,https://alicecottage1989.blog.jp/archives/25577796.html
g534,g534-v2,人魚－蘿子－,人鱼：萝子,人魚－蘿子－,视觉小说,剧情分支／冒险,追逃／神秘石头,携带神秘石头的青年（姓名未核实）、与青年同行的少女（姓名未核实）,1997,PC-98／FM TOWNS／Windows 3.1,Alicesoft,Alicesoft,会员CD再配布,,历史档案记1997年3月末（具体日未核实）；《アリスの別荘9》收录同作；会员公告为3月末，不能将目录归档的3月1日当成实际寄送日。同一作品的平台／改版记录，不增加作品数；角色配音未逐版核实。,https://alicecottage1989.blog.jp/archives/26832515.html
g535,g535-v1,学園KING番外編 -日出彦 カレーをつくる-,学园KING番外篇：日出彦做咖喱,学園KING番外編 -日出彦 カレーをつくる-,视觉小说,剧情分支／冒险,校园生活／番外,日出彦、移往本土学校的学生们（姓名未核实）,1998,Windows,Alicesoft,Alicesoft,赠品合集首发,,1998-11-26 随AliceCD 1.00首发；后续1.01至2.00同内容合集仍归本作，本次只补已核对的首发记录。配音未核实。,https://www.ymgal.games/ga26391
g536,g536-v1,超昂閃忍ハルカ ハルカVSエスカレイヤー,超昂闪忍遥：遥VS爱斯卡蕾雅,超昂閃忍ハルカ ハルカVSエスカレイヤー,视觉小说,剧情分支／冒险,英雄合流／海边假期,戦部タカマル、ハルカ、ナリカ、スバル、エスカレイヤー（高円寺沙由香）、柳瀬恭平、マドカ,2009,Windows,Alicesoft,Alicesoft,合集首发,,2009-12-18《アリス2010》收录；官网角色页提供语音示例，记有配音，覆盖范围未逐段核实。,https://www.alicesoft.com/alice2010/cnt04.html
g537,g537-v1,イブニクル外典,夏娃年代记外典,イブニクル外典,视觉小说,剧情分支／冒险,旅行之后／人物日常／角色介绍短篇,トワ、アリスちゃん,2015,Windows,Alicesoft,Alicesoft,免费独立配布,,2015-06-11 Windows公开配布；后日谈含新增语音，其他部分有原作语音流用，记部分配音。,https://www.ymgal.games/ga26531
g537,g537-v2,イブニクル外典,夏娃年代记外典,イブニクル外典,视觉小说,剧情分支／冒险,旅行之后／人物日常／角色介绍短篇,トワ、アリスちゃん,2015,Web,Alicesoft,Alicesoft,WebADV第一弾（先行公开）,,2015-02-13公开；以角色介绍与短篇为主，之后再收录于外典，与2015年6月独立配布程序合并作品。早期网页版的配音配置未独立核实。,https://www.alicesoft.com/evenicle/
g537,g537-v3,イブニクル外典,夏娃年代记外典,イブニクル外典,视觉小说,剧情分支／冒险,旅行之后／人物日常／角色介绍短篇,トワ、アリスちゃん,2015,Web,Alicesoft,Alicesoft,WebADV第二弾：アスタ殺人事件（先行公开）,,2015-03-13公开；以角色介绍与短篇为主，之后再收录于外典，与2015年6月独立配布程序合并作品。早期网页版的配音配置未独立核实。,https://blog.alicesoft.com/archives/4332943.html
g537,g537-v4,イブニクル外典,夏娃年代记外典,イブニクル外典,视觉小说,剧情分支／冒险,旅行之后／人物日常／角色介绍短篇,トワ、アリスちゃん,2015,Web,Alicesoft,Alicesoft,WebADV第三弾（先行公开）,,2015-04-03公开；以角色介绍与短篇为主，之后再收录于外典，与2015年6月独立配布程序合并作品。早期网页版的配音配置未独立核实。,https://www.alicesoft.com/evenicle/
g538,g538-v1,鈴宮刑務娼館,铃宫刑务馆,鈴宮刑務娼館,Galgame,成人向冒险,刑务设施／人际关系,剣菱雅人、鈴宮蜜子、吉野川さゆり、倉敷瑞希、加賀屋透子、根室麗華,2004,Windows,Alicesoft,Alicesoft,合集首发,,2004-12-17《アリスの館7》Windows收录；官网提供人物语音示例，配音覆盖范围未逐段核实。,https://www.ymgal.games/oa10009
g539,g539-v1,お嬢様をいいなりにするゲーム,让大小姐听话的游戏,お嬢様をいいなりにするゲーム,Galgame,恋爱模拟,兄妹生活／大小姐,村田和也、諏訪エミリ、鷲塚理恵子、来島梢、村田千果,2007,Windows,Alicesoft,Alicesoft,Windows首发,,2007-10-05发行；官网标注主角以外全语音。,https://www.alicesoft.com/iinari/index.html
g540,g540-v1,学園漂流戦記,学园漂流战记,学園漂流戦記,视觉小说,剧情分支／冒险,海上旅行／岛屿漂流,航海旅行中的主人公（姓名未核实）、Suzuki Kaori（姓名汉字未核实）、同行少女（姓名未核实）,1999,Windows,Alicesoft,Alicesoft,第1话配布,,1999-07-01 AliceCD 1.02收录第1话；后续同话再配布不另计作品。,https://www.ymgal.games/ga26397
g540,g540-v2,学園漂流戦記,学园漂流战记,学園漂流戦記,视觉小说,剧情分支／冒险,海上旅行／岛屿漂流,航海旅行中的主人公（姓名未核实）、Suzuki Kaori（姓名汉字未核实）、同行少女（姓名未核实）,2000,Windows,Alicesoft,Alicesoft,第2话配布,,2000-04-13 AliceCD 2.00收录第2话；本条为连载后续分卷。,https://www.ymgal.games/ga26410
g541,g541-v1,恋のおわり,恋之终焉,恋のおわり,视觉小说,剧情分支／冒险,暗恋／信任破裂,暗恋同班同学的主人公（姓名未核实）、主人公暗恋的同学（姓名未核实）,1998,Website／Windows（先后未核实）,Alicesoft,Alicesoft,早期公开版,,资料记1998-03-26；列有Website与Windows，平台发行先后及配音未核实，暂合列一条。,https://www.ymgal.games/ga37148
g542,g542-v1,あゆみちゃん物語,步的故事,あゆみちゃん物語,Galgame,恋爱模拟,交往日常／状态变化,あゆみ（姓未核实）、与步交往的主人公（姓名未核实）,1993,PC-98,Alicesoft,Alicesoft,PC-98首发,,1993-09-15 PC-9801发行；部分数据库日期不同，采用游戏目录所列日期。其他机种及配音未逐版核实。,https://w.atwiki.jp/gcmatome/pages/4050.html
g542,g542-v2,あゆみちゃん物語,步的故事,あゆみちゃん物語,Galgame,恋爱模拟,交往日常／状态变化,あゆみ（姓未核实）、与步交往的主人公（姓名未核实）,1993,FM TOWNS,Alicesoft,Alicesoft,历史平台发行,,1993-10-15；按历史档案记录，原作相同不拆新作。256色版及Windows版包含原攻略盘的附加内容。,https://alicecottage1989.blog.jp/archives/20485571.html
g542,g542-v3,あゆみちゃん物語,步的故事,あゆみちゃん物語,Galgame,恋爱模拟,交往日常／状态变化,あゆみ（姓未核实）、与步交往的主人公（姓名未核实）,1994,X68000,Alicesoft,Alicesoft,历史平台发行,,1994-02-15；按历史档案记录，原作相同不拆新作。256色版及Windows版包含原攻略盘的附加内容。,https://alicecottage1989.blog.jp/archives/20485571.html
g542,g542-v4,あゆみちゃん物語,步的故事,あゆみちゃん物語,Galgame,恋爱模拟,交往日常／状态变化,あゆみ（姓未核实）、与步交往的主人公（姓名未核实）,1994,PC-98（256色版）,Alicesoft,Alicesoft,256色会员通販版,,1994年12月（具体日未核实）；按历史档案记录，原作相同不拆新作。256色版及Windows版包含原攻略盘的附加内容。,https://alicecottage1989.blog.jp/archives/20485571.html
g542,g542-v5,あゆみちゃん物語,步的故事,あゆみちゃん物語,Galgame,恋爱模拟,交往日常／状态变化,あゆみ（姓未核实）、与步交往的主人公（姓名未核实）,1996,Windows 3.1／Windows 95,Alicesoft,Alicesoft,Windows移植版,,1996-06-07；按历史档案记录，原作相同不拆新作。256色版及Windows版包含原攻略盘的附加内容。,https://alicecottage1989.blog.jp/archives/20485571.html
g542,g542-v6,あゆみちゃん物語,步的故事,あゆみちゃん物語,Galgame,恋爱模拟,交往日常／状态变化,あゆみ（姓未核实）、与步交往的主人公（姓名未核实）,1995,PC-98,白夜書房（档案记作白夜書店）,白夜書房（档案记作白夜書店）,外部发行实写改版,,1995-01-12《あゆみちゃん物語 実写版》；同剧本及系统，图像替换为摄影素材，沿用原作计数。此为外部出版商版本，非Alicesoft自行发行；不推定其他制作归属。,https://alicecottage1989.blog.jp/archives/20634266.html
g542,g542-v7,あゆみちゃん物語,步的故事,あゆみちゃん物語,Galgame,恋爱模拟,交往日常／状态变化,あゆみ（姓未核实）、与步交往的主人公（姓名未核实）,1995,FM TOWNS,コアマガジン,コアマガジン,外部发行实写改版,,1995年5月（具体日未核实）《あゆみちゃん物語 実写版》；同剧本及系统，图像替换为摄影素材，沿用原作计数。此为外部出版商版本，非Alicesoft自行发行；不推定其他制作归属。,https://alicecottage1989.blog.jp/archives/20634266.html
g542,g542-v8,あゆみちゃん物語,步的故事,あゆみちゃん物語,Galgame,恋爱模拟,交往日常／状态变化,あゆみ（姓未核实）、与步交往的主人公（姓名未核实）,1995,Windows 3.1,コアマガジン,コアマガジン,外部发行实写改版,,1995-09-01《あゆみちゃん物語 実写版》；同剧本及系统，图像替换为摄影素材，沿用原作计数。此为外部出版商版本，非Alicesoft自行发行；不推定其他制作归属。,https://alicecottage1989.blog.jp/archives/20634266.html
g543,g543-v1,めぐみちゃん物語,惠的故事,めぐみちゃん物語,视觉小说,剧情分支／冒险,欺凌／旁观视角,めぐみ（姓未核实）、造成其困境的人物（姓名未核实）,1995,PC-98／FM TOWNS／Windows 3.1（先后未核实）,Alicesoft,Alicesoft,合集新增篇,,1995-11-10随《D.P.S.全部》发行；PC-98、FM TOWNS与Windows 3.1逐机种先后未完整核实，暂合列一条。配音未核实。,https://alicecottage1989.blog.jp/archives/23969795.html
g544,g544-v1,いけないかつみ先生 ～患者さんおいたはだめよん～,胜美医生：患者可别调皮哟,いけないかつみ先生 ～患者さんおいたはだめよん～,Galgame,成人向冒险,大阪街头／夸张喜剧,かつみ、まろん,1997,Windows,Alicesoft,Alicesoft,用户俱乐部发行,,1997年用户俱乐部邮购Windows发行；具体首发日及配音未在本次来源中完整核实。,https://advgamer.com/ikenai-katsumi-sensei/
g545,g545-v1,王子さまLv1.5,王子殿下Lv1.5,王子さまLv1.5,Galgame,恋爱剧情冒险,王子与侍从／Fan Disc,カナン、セレスト、セレストの父（姓名未核实）,2002,Windows,Alice Blue,Alice Blue,Fan Disc首发,无角色配音,2002-02-22 Windows发行；含《1ヵ月後》后日谈、《1/16》养成与两款小游戏，PC版无角色配音。,https://wikiwiki.jp/blgame/王子さまLv1.5
g545,g545-v2,王子さまLv1.5,王子殿下Lv1.5,王子さまLv1.5,Galgame,恋爱剧情冒险,王子与侍从／Fan Disc,カナン、セレスト、セレストの父（姓名未核实）,2003,PlayStation,KID,KID,PlayStation移植,,2003-02-20 KID发行《王子さまLv1.5～王子さまのたまご～》，追加对战拼图；配音未逐版核实。,https://ja.wikid.org/王子さまLV1
g546,g546-v1,隠れ月,隐月,隠れ月,Galgame,恋爱模拟,人造生命／成长选择,朔夜、草壁静真、乾紅玉、滝川七朗、杉田尚純,2000,Windows,Alice Blue,Alice Blue,Windows首发,无角色配音,2000-03-24 Windows发行，无角色配音。,https://wikiwiki.jp/blgame/隠れ月
g547,g547-v1,楽園行,向乐园出发,楽園行,视觉小说,剧情分支／冒险,伙伴群像／逃亡旅行,大成、一伊、十一、太郎、二志、玄、菊男,2003,Windows,Alice Blue,Alice Blue,Windows首发,无角色配音,2003-03-07 Windows发行，无角色配音。,https://wikiwiki.jp/blgame/楽園行
g548,g548-v1,Rance -光をもとめて-,兰斯1：寻找小光,Rance -光をもとめて-,文字冒险,图文指令,失踪调查／利萨斯,ランス、シィル、ヒカリ,1989,PC-9801,Alicesoft,Alicesoft,早期原版,,1989-07-15 PC-9801版；替换原先笼统的“PC（早期原版）”记录，同日两种磁盘尺寸不拆版本。原版为菜单调查与迷宫RPG。,https://alicecottage1989.blog.jp/archives/15789450.html
g548,g548-v2,Rance -光をもとめて-,兰斯1：寻找小光,Rance -光をもとめて-,文字冒险,图文指令,失踪调查／利萨斯,ランス、シィル、ヒカリ,2013,Windows,Alicesoft,Alicesoft,Windows重制,无角色配音,2013-09-27《ランス01 光をもとめて》发行；官网标为ADV＋RPG，无配音。,https://www.alicesoft.com/rance01/
g548,g548-v3,Rance -光をもとめて-,兰斯1：寻找小光,Rance -光をもとめて-,文字冒险,图文指令,失踪调查／利萨斯,ランス、シィル、ヒカリ,1989,PC-8801mkIISR,Alicesoft,Alicesoft,历史平台发行,,历史档案记1989-08-15；PC资料明确须为SR以后，不与PC-88VA混同。同一作品的平台／改版记录，不增加作品数；角色配音未逐版核实。,https://alicecottage1989.blog.jp/archives/15789450.html
g548,g548-v4,Rance -光をもとめて-,兰斯1：寻找小光,Rance -光をもとめて-,文字冒险,图文指令,失踪调查／利萨斯,ランス、シィル、ヒカリ,1989,MSX2,Alicesoft,Alicesoft,历史平台发行,,历史档案记1989-09-15；支持MSX2及2+的记录合列一版。同一作品的平台／改版记录，不增加作品数；角色配音未逐版核实。,https://alicecottage1989.blog.jp/archives/15789450.html
g548,g548-v5,Rance -光をもとめて-,兰斯1：寻找小光,Rance -光をもとめて-,文字冒险,图文指令,失踪调查／利萨斯,ランス、シィル、ヒカリ,1989,X68000／PC-88VA（共用盘）,Alicesoft,Alicesoft,历史平台发行,,历史档案记1989-11-15；两平台使用共用盘，合记一条发行；普通PC-88另列。同一作品的平台／改版记录，不增加作品数；角色配音未逐版核实。,https://alicecottage1989.blog.jp/archives/15789450.html
g548,g548-v6,Rance -光をもとめて-,兰斯1：寻找小光,Rance -光をもとめて-,文字冒险,图文指令,失踪调查／利萨斯,ランス、シィル、ヒカリ,1990,FM TOWNS,Alicesoft,Alicesoft,历史平台发行,,历史档案记1990-03-15；FM版档案记录不回填为1989年同时首发。同一作品的平台／改版记录，不增加作品数；角色配音未逐版核实。,https://alicecottage1989.blog.jp/archives/15789450.html
g548,g548-v7,Rance -光をもとめて-,兰斯1：寻找小光,Rance -光をもとめて-,文字冒险,图文指令,失踪调查／利萨斯,ランス、シィル、ヒカリ,1997,Windows 95／Windows NT,Alicesoft,Alicesoft,历史平台发行,,历史档案记1997-12-18；《ALICEの館4・5・6》收录，原作Windows移植，与2013重制区别。同一作品的平台／改版记录，不增加作品数；角色配音未逐版核实。,https://alicecottage1989.blog.jp/archives/15789450.html
g549,g549-v1,Intruder -桜屋敷の探索-,入侵者：樱宅探索,Intruder -桜屋敷の探索-,文字冒险,图文指令,宅邸探索／归还项链,拾到项链的主人公（姓名未核实）、樱宅中的大小姐（姓名未核实）、宅邸使用人（姓名未核实）,1989,PC-88,Alicesoft,Alicesoft,PC-88原版,,1989-07-15 PC-8801发行；其他早期机种与配音未逐版核实。,https://w.atwiki.jp/gcmatome/pages/7004.html
g549,g549-v2,Intruder -桜屋敷の探索-,入侵者：樱宅探索,Intruder -桜屋敷の探索-,文字冒险,图文指令,宅邸探索／归还项链,拾到项链的主人公（姓名未核实）、樱宅中的大小姐（姓名未核实）、宅邸使用人（姓名未核实）,1991,FM TOWNS,Alicesoft,Alicesoft,FM TOWNS合集版,,1991-07-15《ALICEの館 CD》FM TOWNS版收录；采用CD-DA音乐，移植归同一作品。,https://alicecottage1989.blog.jp/archives/15825078.html
g549,g549-v3,Intruder -桜屋敷の探索-,入侵者：樱宅探索,Intruder -桜屋敷の探索-,文字冒险,图文指令,宅邸探索／归还项链,拾到项链的主人公（姓名未核实）、樱宅中的大小姐（姓名未核实）、宅邸使用人（姓名未核实）,1989,MSX2,Alicesoft,Alicesoft,历史平台发行,,历史档案记1989-08-15；同一作品的平台／改版记录，不增加作品数；角色配音未逐版核实。,https://alicecottage1989.blog.jp/archives/15825078.html
g550,g550-v1,CRESCENT MOON がぁる,CRESCENT MOON少女,CRESCENT MOON がぁる,文字冒险,图文指令,变成人的猫／解除魔法,ミィ、施下魔法的魔女（姓名未核实）、拥有新月印记的少女（姓名未核实）,1989,PC-98,Alicesoft,Alicesoft,PC-98原版,,1989-08-15发行；本次记录PC-9801原版，其他早期机种先后与配音未逐版核实。,https://w.atwiki.jp/gcmatome/pages/7125.html
g550,g550-v2,CRESCENT MOON がぁる,CRESCENT MOON少女,CRESCENT MOON がぁる,文字冒险,图文指令,变成人的猫／解除魔法,ミィ、施下魔法的魔女（姓名未核实）、拥有新月印记的少女（姓名未核实）,1991,FM TOWNS,Alicesoft,Alicesoft,FM TOWNS合集版,,1991年7月《ALICEの館 CD》收录，使用CD-DA音乐；不另计新作品。,https://w.atwiki.jp/gcmatome/pages/5673.html
g550,g550-v3,CRESCENT MOON がぁる,CRESCENT MOON少女,CRESCENT MOON がぁる,文字冒险,图文指令,变成人的猫／解除魔法,ミィ、施下魔法的魔女（姓名未核实）、拥有新月印记的少女（姓名未核实）,1989,MSX2,Alicesoft,Alicesoft,历史平台发行,,1989-11-15 发行记录据历史档案；PC-88VA与普通PC-88分别记录；同内容移植合并到原作品，配音未逐版核实。,https://alicecottage1989.blog.jp/archives/15825278.html
g550,g550-v4,CRESCENT MOON がぁる,CRESCENT MOON少女,CRESCENT MOON がぁる,文字冒险,图文指令,变成人的猫／解除魔法,ミィ、施下魔法的魔女（姓名未核实）、拥有新月印记的少女（姓名未核实）,1989,X68000,Alicesoft,Alicesoft,历史平台发行,,1989-12-15 发行记录据历史档案；PC-88VA与普通PC-88分别记录；同内容移植合并到原作品，配音未逐版核实。,https://alicecottage1989.blog.jp/archives/15825278.html
g550,g550-v5,CRESCENT MOON がぁる,CRESCENT MOON少女,CRESCENT MOON がぁる,文字冒险,图文指令,变成人的猫／解除魔法,ミィ、施下魔法的魔女（姓名未核实）、拥有新月印记的少女（姓名未核实）,1989,PC-88VA,Alicesoft,Alicesoft,历史平台发行,,1989-12-15 发行记录据历史档案；PC-88VA与普通PC-88分别记录；同内容移植合并到原作品，配音未逐版核实。,https://alicecottage1989.blog.jp/archives/15825278.html
g551,g551-v1,あぶないてんぐ伝説,危险天狗传说,あぶないてんぐ伝説,文字冒险,图文指令,怪异传说／目击调查,调查天狗事件的主人公（姓名未核实）、声称目击天狗的少女（姓名未核实）、遭袭的A子（姓名未核实）,1989,PC-88,Alicesoft,Alicesoft,PC-88发行,,PC-8801资料记1989-12-15；其他目录记同年10月，早期各机种发行先后未完整核实。,https://www.8-bits.info/gamelist/PC88/info/info_gVZAjS4PLwiHa91g.php
g551,g551-v2,あぶないてんぐ伝説,危险天狗传说,あぶないてんぐ伝説,文字冒险,图文指令,怪异传说／目击调查,调查天狗事件的主人公（姓名未核实）、声称目击天狗的少女（姓名未核实）、遭袭的A子（姓名未核实）,1992,FM TOWNS,Alicesoft,Alicesoft,FM TOWNS合集版,,1992-10-15《ALICEの館 CDII》附带收录；修订原先误用《馆II》FD版7月日期的记录，CD版与FD版区别。,https://alicecottage1989.blog.jp/archives/15858339.html
g551,g551-v3,あぶないてんぐ伝説,危险天狗传说,あぶないてんぐ伝説,文字冒险,图文指令,怪异传说／目击调查,调查天狗事件的主人公（姓名未核实）、声称目击天狗的少女（姓名未核实）、遭袭的A子（姓名未核实）,1989,PC-9801,Alicesoft,Alicesoft,历史平台发行,,历史档案记1989-10-15；同一作品的平台／改版记录，不增加作品数；角色配音未逐版核实。,https://alicecottage1989.blog.jp/archives/15858339.html
g551,g551-v4,あぶないてんぐ伝説,危险天狗传说,あぶないてんぐ伝説,文字冒险,图文指令,怪异传说／目击调查,调查天狗事件的主人公（姓名未核实）、声称目击天狗的少女（姓名未核实）、遭袭的A子（姓名未核实）,1989,X68000／PC-88VA（共用盘）,Alicesoft,Alicesoft,历史平台发行,,历史档案记1989-12-15；两平台共用盘合列；普通PC-88版另有独立记录。同一作品的平台／改版记录，不增加作品数；角色配音未逐版核实。,https://alicecottage1989.blog.jp/archives/15858339.html
g551,g551-v5,あぶないてんぐ伝説,危险天狗传说,あぶないてんぐ伝説,文字冒险,图文指令,怪异传说／目击调查,调查天狗事件的主人公（姓名未核实）、声称目击天狗的少女（姓名未核实）、遭袭的A子（姓名未核实）,1990,MSX2,Alicesoft,Alicesoft,历史平台发行,,历史档案记1990-02-15；同一作品的平台／改版记录，不增加作品数；角色配音未逐版核实。,https://alicecottage1989.blog.jp/archives/15858339.html
g551,g551-v6,あぶないてんぐ伝説,危险天狗传说,あぶないてんぐ伝説,文字冒险,图文指令,怪异传说／目击调查,调查天狗事件的主人公（姓名未核实）、声称目击天狗的少女（姓名未核实）、遭袭的A子（姓名未核实）,1990,FM TOWNS,Alicesoft,Alicesoft,历史平台发行,,历史档案记1990-04-15；同一作品的平台／改版记录，不增加作品数；角色配音未逐版核实。,https://alicecottage1989.blog.jp/archives/15858339.html
g552,g552-v1,D.P.S.,D.P.S.：梦境程序系统,D.P.S.,文字冒险,图文指令,梦境剧本／独立短篇,カスタム、リーナス、ひとみ、木下真理子、かつみ,1989,PC-98,Alicesoft,Alicesoft,原版短篇集,,1989年12月发行；本次列PC-98记录，各机种先后与配音未逐版核实。,https://w.atwiki.jp/gcmatome/pages/5673.html
g552,g552-v2,D.P.S.,D.P.S.：梦境程序系统,D.P.S.,文字冒险,图文指令,梦境剧本／独立短篇,カスタム、リーナス、ひとみ、木下真理子、かつみ,1995,PC-98／FM TOWNS／Windows 3.1,Alicesoft,Alicesoft,合集再版,,1995-11-10《D.P.S.全部》收录；采用新的合集接口，PC-98、FM TOWNS、Windows 3.1合列一条合集记录，不计新作品。,https://alicecottage1989.blog.jp/archives/23969795.html
g552,g552-v3,D.P.S.,D.P.S.：梦境程序系统,D.P.S.,文字冒险,图文指令,梦境剧本／独立短篇,カスタム、リーナス、ひとみ、木下真理子、かつみ,1990,PC-88,Alicesoft,Alicesoft,历史平台发行,,1990-03-15 PC-8801mkIISR以后版本；不同于PC-88VA上的SG系列；同内容移植合并到原作品，配音未逐版核实。,https://www.gamepres.org/pc88/library/1990/1990_3.html#dps
g552,g552-v4,D.P.S.,D.P.S.：梦境程序系统,D.P.S.,文字冒险,图文指令,梦境剧本／独立短篇,カスタム、リーナス、ひとみ、木下真理子、かつみ,1989,X68000／PC-88VA（共用盘）,Alicesoft,Alicesoft,历史平台发行,,历史档案记1989-12-15；共用盘合记一条发行记录。同一作品的平台／改版记录，不增加作品数；角色配音未逐版核实。,https://alicecottage1989.blog.jp/archives/15999496.html
g552,g552-v5,D.P.S.,D.P.S.：梦境程序系统,D.P.S.,文字冒险,图文指令,梦境剧本／独立短篇,カスタム、リーナス、ひとみ、木下真理子、かつみ,1990,MSX2,Alicesoft,Alicesoft,历史平台发行,,历史档案记1990-04-15；同一作品的平台／改版记录，不增加作品数；角色配音未逐版核实。,https://alicecottage1989.blog.jp/archives/15999496.html
g552,g552-v6,D.P.S.,D.P.S.：梦境程序系统,D.P.S.,文字冒险,图文指令,梦境剧本／独立短篇,カスタム、リーナス、ひとみ、木下真理子、かつみ,1990,FM TOWNS,Alicesoft,Alicesoft,历史平台发行,,历史档案记1990-04-15；同一作品的平台／改版记录，不增加作品数；角色配音未逐版核实。,https://alicecottage1989.blog.jp/archives/15999496.html
g553,g553-v1,D.P.S. SG,D.P.S. SG：梦境程序系统SG,D.P.S. SG,文字冒险,图文指令,梦境剧本／独立短篇,舞子、ロザリー、ハインツ、織田信長、森蘭丸、明智光秀,1990,PC-98,Alicesoft,Alicesoft,原版短篇集,,1990年8月发行；本次列PC-98记录，各机种先后与配音未逐版核实。,https://w.atwiki.jp/gcmatome/pages/5673.html
g553,g553-v2,D.P.S. SG,D.P.S. SG：梦境程序系统SG,D.P.S. SG,文字冒险,图文指令,梦境剧本／独立短篇,舞子、ロザリー、ハインツ、織田信長、森蘭丸、明智光秀,1995,PC-98／FM TOWNS／Windows 3.1,Alicesoft,Alicesoft,合集再版,,1995-11-10《D.P.S.全部》收录；采用新的合集接口，PC-98、FM TOWNS、Windows 3.1合列一条合集记录，不计新作品。,https://alicecottage1989.blog.jp/archives/23969795.html
g553,g553-v3,D.P.S. SG,D.P.S. SG：梦境程序系统SG,D.P.S. SG,文字冒险,图文指令,梦境剧本／独立短篇,舞子、ロザリー、ハインツ、織田信長、森蘭丸、明智光秀,1990,FM TOWNS,Alicesoft,Alicesoft,历史平台发行,,1990-09-15 发行记录据历史档案；PC-88VA与普通PC-88分别记录；同内容移植合并到原作品，配音未逐版核实。,https://alicecottage1989.blog.jp/archives/17363744.html
g553,g553-v4,D.P.S. SG,D.P.S. SG：梦境程序系统SG,D.P.S. SG,文字冒险,图文指令,梦境剧本／独立短篇,舞子、ロザリー、ハインツ、織田信長、森蘭丸、明智光秀,1990,PC-88VA,Alicesoft,Alicesoft,历史平台发行,,1990-09-15 发行记录据历史档案；PC-88VA与普通PC-88分别记录；同内容移植合并到原作品，配音未逐版核实。,https://alicecottage1989.blog.jp/archives/17363744.html
g553,g553-v5,D.P.S. SG,D.P.S. SG：梦境程序系统SG,D.P.S. SG,文字冒险,图文指令,梦境剧本／独立短篇,舞子、ロザリー、ハインツ、織田信長、森蘭丸、明智光秀,1990,X68000,Alicesoft,Alicesoft,历史平台发行,,1990-10-15 发行记录据历史档案；PC-88VA与普通PC-88分别记录；同内容移植合并到原作品，配音未逐版核实。,https://alicecottage1989.blog.jp/archives/17363744.html
g553,g553-v6,D.P.S. SG,D.P.S. SG：梦境程序系统SG,D.P.S. SG,文字冒险,图文指令,梦境剧本／独立短篇,舞子、ロザリー、ハインツ、織田信長、森蘭丸、明智光秀,1990,MSX2,Alicesoft,Alicesoft,历史平台发行,,1990-12-15 发行记录据历史档案；PC-88VA与普通PC-88分别记录；同内容移植合并到原作品，配音未逐版核实。,https://alicecottage1989.blog.jp/archives/17363744.html
g554,g554-v1,D.P.S. SG set2,D.P.S. SG第二集,D.P.S. SG set2,文字冒险,图文指令,梦境剧本／独立短篇,ルドルフ、テス、エリス、ルリコ、かつき、ユリ,1991,PC-98,Alicesoft,Alicesoft,原版短篇集,,1991年4月发行；本次列PC-98记录，各机种先后与配音未逐版核实。,https://w.atwiki.jp/gcmatome/pages/5673.html
g554,g554-v2,D.P.S. SG set2,D.P.S. SG第二集,D.P.S. SG set2,文字冒险,图文指令,梦境剧本／独立短篇,ルドルフ、テス、エリス、ルリコ、かつき、ユリ,1995,PC-98／FM TOWNS／Windows 3.1,Alicesoft,Alicesoft,合集再版,,1995-11-10《D.P.S.全部》收录；采用新的合集接口，PC-98、FM TOWNS、Windows 3.1合列一条合集记录，不计新作品。,https://alicecottage1989.blog.jp/archives/23969795.html
g554,g554-v3,D.P.S. SG set2,D.P.S. SG第二集,D.P.S. SG set2,文字冒险,图文指令,梦境剧本／独立短篇,ルドルフ、テス、エリス、ルリコ、かつき、ユリ,1991,FM TOWNS,Alicesoft,Alicesoft,历史平台发行,,1991-04-15 发行记录据历史档案；PC-88VA与普通PC-88分别记录；同内容移植合并到原作品，配音未逐版核实。,https://alicecottage1989.blog.jp/archives/17856689.html
g554,g554-v4,D.P.S. SG set2,D.P.S. SG第二集,D.P.S. SG set2,文字冒险,图文指令,梦境剧本／独立短篇,ルドルフ、テス、エリス、ルリコ、かつき、ユリ,1991,PC-88VA,Alicesoft,Alicesoft,历史平台发行,,1991-04-15 发行记录据历史档案；PC-88VA与普通PC-88分别记录；同内容移植合并到原作品，配音未逐版核实。,https://alicecottage1989.blog.jp/archives/17856689.html
g554,g554-v5,D.P.S. SG set2,D.P.S. SG第二集,D.P.S. SG set2,文字冒险,图文指令,梦境剧本／独立短篇,ルドルフ、テス、エリス、ルリコ、かつき、ユリ,1991,X68000,Alicesoft,Alicesoft,历史平台发行,,1991-04-15 发行记录据历史档案；PC-88VA与普通PC-88分别记录；同内容移植合并到原作品，配音未逐版核实。,https://alicecottage1989.blog.jp/archives/17856689.html
g554,g554-v6,D.P.S. SG set2,D.P.S. SG第二集,D.P.S. SG set2,文字冒险,图文指令,梦境剧本／独立短篇,ルドルフ、テス、エリス、ルリコ、かつき、ユリ,1991,MSX2,Alicesoft,Alicesoft,历史平台发行,,1991-05-15 发行记录据历史档案；PC-88VA与普通PC-88分别记录；同内容移植合并到原作品，配音未逐版核实。,https://alicecottage1989.blog.jp/archives/17856689.html
g555,g555-v1,D.P.S. SG set3,D.P.S. SG第三集,D.P.S. SG set3,文字冒险,图文指令,梦境剧本／独立短篇,恭一、ゆう、雅騎、沙夜子、Rabbit篇的主人公（姓名未核实）,1991,PC-98,Alicesoft,Alicesoft,原版短篇集,,1991年12月发行；本次列PC-98记录，各机种先后与配音未逐版核实。,https://w.atwiki.jp/gcmatome/pages/5673.html
g555,g555-v2,D.P.S. SG set3,D.P.S. SG第三集,D.P.S. SG set3,文字冒险,图文指令,梦境剧本／独立短篇,恭一、ゆう、雅騎、沙夜子、Rabbit篇的主人公（姓名未核实）,1995,PC-98／FM TOWNS／Windows 3.1,Alicesoft,Alicesoft,合集再版,,1995-11-10《D.P.S.全部》收录；采用新的合集接口，PC-98、FM TOWNS、Windows 3.1合列一条合集记录，不计新作品。,https://alicecottage1989.blog.jp/archives/23969795.html
g555,g555-v3,D.P.S. SG set3,D.P.S. SG第三集,D.P.S. SG set3,文字冒险,图文指令,梦境剧本／独立短篇,恭一、ゆう、雅騎、沙夜子、Rabbit篇的主人公（姓名未核实）,1991,FM TOWNS,Alicesoft,Alicesoft,历史平台发行,,1991-12-15 发行记录据历史档案；PC-88VA与普通PC-88分别记录；同内容移植合并到原作品，配音未逐版核实。,https://alicecottage1989.blog.jp/archives/18752899.html
g555,g555-v4,D.P.S. SG set3,D.P.S. SG第三集,D.P.S. SG set3,文字冒险,图文指令,梦境剧本／独立短篇,恭一、ゆう、雅騎、沙夜子、Rabbit篇的主人公（姓名未核实）,1991,PC-88VA,Alicesoft,Alicesoft,历史平台发行,,1991-12-15 发行记录据历史档案；PC-88VA与普通PC-88分别记录；同内容移植合并到原作品，配音未逐版核实。,https://alicecottage1989.blog.jp/archives/18752899.html
g555,g555-v5,D.P.S. SG set3,D.P.S. SG第三集,D.P.S. SG set3,文字冒险,图文指令,梦境剧本／独立短篇,恭一、ゆう、雅騎、沙夜子、Rabbit篇的主人公（姓名未核实）,1991,X68000,Alicesoft,Alicesoft,历史平台发行,,1991-12-15 发行记录据历史档案；PC-88VA与普通PC-88分别记录；同内容移植合并到原作品，配音未逐版核实。,https://alicecottage1989.blog.jp/archives/18752899.html
g555,g555-v6,D.P.S. SG set3,D.P.S. SG第三集,D.P.S. SG set3,文字冒险,图文指令,梦境剧本／独立短篇,恭一、ゆう、雅騎、沙夜子、Rabbit篇的主人公（姓名未核实）,1992,MSX2,Alicesoft,Alicesoft,历史平台发行,,1992-02-15 发行记录据历史档案；PC-88VA与普通PC-88分别记录；同内容移植合并到原作品，配音未逐版核实。,https://alicecottage1989.blog.jp/archives/18752899.html
g556,g556-v1,Super D.P.S.,Super D.P.S.：超级梦境程序系统,Super D.P.S.,文字冒险,图文指令,梦境剧本／独立短篇,マリア、カンパン、鷹雪、萌絵、カメリア、ヴァイス,1992,PC-98,Alicesoft,Alicesoft,原版短篇集,,历史档案列PC-98版1992-11-14，与原先笼统9月记录不同；9月是FM TOWNS档案记录。本版采用明确机种日期，配音未核实。,https://alicecottage1989.blog.jp/archives/19470339.html
g556,g556-v2,Super D.P.S.,Super D.P.S.：超级梦境程序系统,Super D.P.S.,文字冒险,图文指令,梦境剧本／独立短篇,マリア、カンパン、鷹雪、萌絵、カメリア、ヴァイス,1995,PC-98／FM TOWNS／Windows 3.1,Alicesoft,Alicesoft,合集再版,,1995-11-10《D.P.S.全部》收录；采用新的合集接口，PC-98、FM TOWNS、Windows 3.1合列一条合集记录，不计新作品。,https://alicecottage1989.blog.jp/archives/23969795.html
g556,g556-v3,Super D.P.S.,Super D.P.S.：超级梦境程序系统,Super D.P.S.,文字冒险,图文指令,梦境剧本／独立短篇,マリア、カンパン、鷹雪、萌絵、カメリア、ヴァイス,1992,FM TOWNS,Alicesoft,Alicesoft,历史平台发行,,1992-09-15记录据历史档案；同内容短篇集，仍计原作。档案另记会志存在11月的发行日异文，具体先后待进一步核对。,https://alicecottage1989.blog.jp/archives/19470339.html
g556,g556-v4,Super D.P.S.,Super D.P.S.：超级梦境程序系统,Super D.P.S.,文字冒险,图文指令,梦境剧本／独立短篇,マリア、カンパン、鷹雪、萌絵、カメリア、ヴァイス,1992,X68000,Alicesoft,Alicesoft,历史平台发行,,1992-10-15记录据历史档案；同内容短篇集，仍计原作。档案另记会志存在11月的发行日异文，具体先后待进一步核对。,https://alicecottage1989.blog.jp/archives/19470339.html
g557,g557-v1,Dr.STOP!,Dr.STOP!：医师疑云,Dr.STOP!,文字冒险,图文指令,医院疑云／同僚关系,内科医主人公（姓名未核实）、美緒、遭疑的医师朋友（姓名未核实）,1992,PC-98,Alicesoft,Alicesoft,PC-98原版,,1992年4月PC-98发行，资料记4月15日；原版配音未核实。,https://elog.tokyo/adventure/game_107.html
g557,g557-v2,Dr.STOP!,Dr.STOP!：医师疑云,Dr.STOP!,文字冒险,图文指令,医院疑云／同僚关系,内科医主人公（姓名未核实）、美緒、遭疑的医师朋友（姓名未核实）,1992,X68000,Alicesoft,Alicesoft,历史平台发行,,历史档案记1992-05-15；同一作品的平台／改版记录，不增加作品数；角色配音未逐版核实。,https://alicecottage1989.blog.jp/archives/18956737.html
g557,g557-v3,Dr.STOP!,Dr.STOP!：医师疑云,Dr.STOP!,文字冒险,图文指令,医院疑云／同僚关系,内科医主人公（姓名未核实）、美緒、遭疑的医师朋友（姓名未核实）,1992,FM TOWNS,Alicesoft,Alicesoft,历史平台发行,,历史档案记1992-06-15；同一作品的平台／改版记录，不增加作品数；角色配音未逐版核实。,https://alicecottage1989.blog.jp/archives/18956737.html
g557,g557-v4,Dr.STOP!,Dr.STOP!：医师疑云,Dr.STOP!,文字冒险,图文指令,医院疑云／同僚关系,内科医主人公（姓名未核实）、美緒、遭疑的医师朋友（姓名未核实）,1992,MSX2,Alicesoft,Alicesoft,历史平台发行,,历史档案记1992-07-15；同一作品的平台／改版记录，不增加作品数；角色配音未逐版核实。,https://alicecottage1989.blog.jp/archives/18956737.html
g557,g557-v5,Dr.STOP!,Dr.STOP!：医师疑云,Dr.STOP!,文字冒险,图文指令,医院疑云／同僚关系,内科医主人公（姓名未核实）、美緒、遭疑的医师朋友（姓名未核实）,1997,Windows 95,Alicesoft,Alicesoft,合集移植版,,历史档案记1997-12-18；《ALICEの館4・5・6》收录。同一作品的平台／改版记录，不增加作品数；角色配音未逐版核实。,https://alicecottage1989.blog.jp/archives/18956737.html
g558,g558-v1,ぷろすちゅーでんとG,职业学生G,ぷろすちゅーでんとG,文字冒险,图文指令,西游记戏仿／御宅笑料,猿藤悟郎（资料亦作猿藤吾郎）,1993,PC-98,Alicesoft,Alicesoft,PC-98原版,,历史档案列PC-98版1993-05-15，X68000版1993-06-15；原记录把6月日期用于PC-98，现按机种修订。其他目录记6月，保留异文而不认定全平台同日。,https://alicecottage1989.blog.jp/archives/20248858.html
g558,g558-v2,ぷろすちゅーでんとG,职业学生G,ぷろすちゅーでんとG,文字冒险,图文指令,西游记戏仿／御宅笑料,猿藤悟郎（资料亦作猿藤吾郎）,1993,X68000,Alicesoft,Alicesoft,历史平台发行,,历史档案记1993-06-15；同一作品的平台／改版记录，不增加作品数；角色配音未逐版核实。,https://alicecottage1989.blog.jp/archives/20248858.html
g558,g558-v3,ぷろすちゅーでんとG,职业学生G,ぷろすちゅーでんとG,文字冒险,图文指令,西游记戏仿／御宅笑料,猿藤悟郎（资料亦作猿藤吾郎）,1993,FM TOWNS,Alicesoft,Alicesoft,历史平台发行,,历史档案记1993-07-15；CD编号ALS-0004。同一作品的平台／改版记录，不增加作品数；角色配音未逐版核实。,https://alicecottage1989.blog.jp/archives/20248858.html
g558,g558-v4,ぷろすちゅーでんとG,职业学生G,ぷろすちゅーでんとG,文字冒险,图文指令,西游记戏仿／御宅笑料,猿藤悟郎（资料亦作猿藤吾郎）,1995,PC-98／FM TOWNS／Windows 3.1（共用CD）,Alicesoft,Alicesoft,廉价共用CD版,,历史档案记1995-04-07；CD编号ALS-0010，采用SYSTEM3，合列一条多平台发行。同一作品的平台／改版记录，不增加作品数；角色配音未逐版核实。,https://alicecottage1989.blog.jp/archives/20248858.html
g559,g559-v1,AmbivalenZ -二律背反-,AmbivalenZ：二律背反,AmbivalenZ -二律背反-,文字冒险,图文指令,不老骑士／现代暗黑奇幻,修羅、シィア、花梨、草薙、笙姫、有馬、ディアドラ,1994,PC-98,Alicesoft,Alicesoft,PC-98原版,,历史档案记1994-04-28 PC-98版，与X68000版同日；原作配音未核实。,https://alicecottage1989.blog.jp/archives/21689348.html
g559,g559-v2,AmbivalenZ -二律背反-,AmbivalenZ：二律背反,AmbivalenZ -二律背反-,文字冒险,图文指令,不老骑士／现代暗黑奇幻,修羅、シィア、花梨、草薙、笙姫、有馬、ディアドラ,1994,X68000,Alicesoft,Alicesoft,历史平台发行,,历史档案记1994-04-28；同一作品的平台／改版记录，不增加作品数；角色配音未逐版核实。,https://alicecottage1989.blog.jp/archives/21689348.html
g559,g559-v3,AmbivalenZ -二律背反-,AmbivalenZ：二律背反,AmbivalenZ -二律背反-,文字冒险,图文指令,不老骑士／现代暗黑奇幻,修羅、シィア、花梨、草薙、笙姫、有馬、ディアドラ,1994,FM TOWNS,Alicesoft,Alicesoft,历史平台发行,,历史档案记1994-06-14；CD编号ALS-0007。同一作品的平台／改版记录，不增加作品数；角色配音未逐版核实。,https://alicecottage1989.blog.jp/archives/21689348.html
g559,g559-v4,AmbivalenZ -二律背反-,AmbivalenZ：二律背反,AmbivalenZ -二律背反-,文字冒险,图文指令,不老骑士／现代暗黑奇幻,修羅、シィア、花梨、草薙、笙姫、有馬、ディアドラ,1996,Windows 3.1／Windows 95,Alicesoft,Alicesoft,Windows移植版,,历史档案记1996-05-10；CD编号ALS-0020。同一作品的平台／改版记录，不增加作品数；角色配音未逐版核实。,https://alicecottage1989.blog.jp/archives/21689348.html
g559,g559-v5,AmbivalenZ -二律背反-,AmbivalenZ：二律背反,AmbivalenZ -二律背反-,文字冒险,图文指令,不老骑士／现代暗黑奇幻,修羅、シィア、花梨、草薙、笙姫、有馬、ディアドラ,1998,Windows 95,Alicesoft,Alicesoft,Windows再发行,,历史档案记1998-05-28；档案区分CD编号ALS-0020A；不将未逐项核实的改动编成新剧情。同一作品的平台／改版记录，不增加作品数；角色配音未逐版核实。,https://alicecottage1989.blog.jp/archives/21689348.html
g560,g560-v1,夢幻泡影,梦幻泡影,夢幻泡影,Galgame,成人向冒险,绝症／隐居宅邸,土屋久遠、世羅、宅邸使用人（姓名未核实）,1995,PC-98,Alicesoft,Alicesoft,PC-98原版,,1995-07-07 PC-98磁盘版；与同日共用CD版按实际载体与系统版本区分。,https://alicecottage1989.blog.jp/archives/23854955.html
g560,g560-v2,夢幻泡影,梦幻泡影,夢幻泡影,Galgame,成人向冒险,绝症／隐居宅邸,土屋久遠、世羅、宅邸使用人（姓名未核实）,1995,PC-98／FM TOWNS／Windows 3.1（共用CD）,Alicesoft,Alicesoft,多平台共用CD版,,历史档案记1995-07-07；CD编号ALS-0013，同一盘支持不同平台，不拆三条。同一作品的平台／改版记录，不增加作品数；角色配音未逐版核实。,https://alicecottage1989.blog.jp/archives/23854955.html
g560,g560-v3,夢幻泡影,梦幻泡影,夢幻泡影,Galgame,成人向冒险,绝症／隐居宅邸,土屋久遠、世羅、宅邸使用人（姓名未核实）,1998,Windows 95／Windows 98,Alicesoft,Alicesoft,Windows廉价再发行,,历史档案记1998-11-26；档案列CD编号ALS-0013A；另一个日期不明编号不另新增。同一作品的平台／改版记录，不增加作品数；角色配音未逐版核实。,https://alicecottage1989.blog.jp/archives/23854955.html
g561,g561-v1,宇宙快盗ファニーBee,宇宙快盗Funny Bee,宇宙快盗ファニーBee,文字冒险,图文指令,双人快盗／太空喜剧,サティ、詩織,1994,PC-98,Alicesoft,Alicesoft,PC-98原版,,1994-08-10 PC-9801发行；同日X68000另有记录，暂未完整补录所有机种版本。配音未核实。,https://elog.tokyo/adventure/game_83.html
g561,g561-v2,宇宙快盗ファニーBee,宇宙快盗Funny Bee,宇宙快盗ファニーBee,文字冒险,图文指令,双人快盗／太空喜剧,サティ、詩織,1994,X68000,Alicesoft,Alicesoft,历史平台发行,,历史档案记1994-08-10；同一作品的平台／改版记录，不增加作品数；角色配音未逐版核实。,https://alicecottage1989.blog.jp/archives/21804933.html
g561,g561-v3,宇宙快盗ファニーBee,宇宙快盗Funny Bee,宇宙快盗ファニーBee,文字冒险,图文指令,双人快盗／太空喜剧,サティ、詩織,1994,FM TOWNS,Alicesoft,Alicesoft,历史平台发行,,历史档案记1994-09-09；同一作品的平台／改版记录，不增加作品数；角色配音未逐版核实。,https://alicecottage1989.blog.jp/archives/21804933.html
g561,g561-v4,宇宙快盗ファニーBee,宇宙快盗Funny Bee,宇宙快盗ファニーBee,文字冒险,图文指令,双人快盗／太空喜剧,サティ、詩織,1996,Windows 3.1／Windows 95,Alicesoft,Alicesoft,Windows移植版,,历史档案记1996-04-12；同一作品的平台／改版记录，不增加作品数；角色配音未逐版核实。,https://alicecottage1989.blog.jp/archives/21804933.html
g562,g562-v1,ナイトデーモン -夢鬼-,夜之梦鬼,ナイトデーモン -夢鬼-,文字冒险,图文指令,异象／人外存在,朱華、二藍、黝簾、ましろ、雪花、眞,2003,Windows,Alicesoft,Alicesoft,Windows首发,无角色配音,2003年Windows发行；官网明确无角色配音、动画及主题歌。具体发行日在本次权威来源中未完整核实。,https://www.alicesoft.com/demon/index.html
g563,g563-v1,電子の国のアリス,电子之国的Alice,電子の国のアリス,文字冒险,图文指令,品牌吉祥物／电子世界幻想,アリス,1989,PC（早期合集）,Alicesoft,Alicesoft,初代合集收录,,目录记《ALICEの館》1989-12-15；各早期机种发行先后未完整核实，PC-98记录另见1990-02-15。,https://alicecottage1989.blog.jp/archives/15835047.html
g563,g563-v2,電子の国のアリス,电子之国的Alice,電子の国のアリス,文字冒险,图文指令,品牌吉祥物／电子世界幻想,アリス,1991,FM TOWNS,Alicesoft,Alicesoft,FM TOWNS CD合集,,《ALICEの館CD》1991年发行；馆CD游戏说明确认本作收录，不另计新作品。,https://alicecottage1989.blog.jp/archives/16436977.html
g564,g564-v1,センチメンタルシーズン,感伤季节,センチメンタルシーズン,Galgame,早期成人向互动,少女幻想／早期合集,幻想中的少女（姓名未核实）,1989,PC（早期合集）,Alicesoft,Alicesoft,早期合集原版,,《ALICEの館》1989年收录；机种先后与配音未完整核实。,https://alicecottage1989.blog.jp/archives/15835047.html
g564,g564-v2,センチメンタルシーズン,感伤季节,センチメンタルシーズン,Galgame,早期成人向互动,少女幻想／早期合集,幻想中的少女（姓名未核实）,1997,Windows 95,Alicesoft（合集收录）／Wren（有志移植）,Alicesoft,获许可移植的合集收录,,Wren以TOWNS版为基础移植，1997-12-18《馆456》的UNITBASE目录收录；移植版没有音乐，属于有志制作。,https://alicecottage1989.blog.jp/archives/16437039.html
g565,g565-v1,婦警さんVX,妇警VX,婦警さんVX,Galgame,早期成人向互动,现代世界／政治与电脑笑料,登场人物（姓名未核实）,1989,PC（早期附赠）,Alicesoft,Alicesoft,无CG附赠原版,,1989-07-15《Rance》附赠，无CG；各机种发行先后未逐一补录。,https://alicecottage1989.blog.jp/archives/15822589.html
g565,g565-v2,婦警さんVX,妇警VX,婦警さんVX,Galgame,早期成人向互动,现代世界／政治与电脑笑料,登场人物（姓名未核实）,1990,PC-98,Alicesoft,Alicesoft,官方BBS图文版,,1990-06-08在官方ALICE-NET免费公布带CG版本；与原版合并计数。,https://alicecottage1989.blog.jp/archives/15822589.html
g565,g565-v3,婦警さんVX,妇警VX,婦警さんVX,Galgame,早期成人向互动,现代世界／政治与电脑笑料,登场人物（姓名未核实）,1995,PC-98（MS-DOS）,Alicesoft（合集）／朱蓮（有志移植）,Alicesoft,CD合集再收录,,1995-06-09《ALICEの館3》CD版附带；UNITBASE中使用朱蓮的DOS移植，不作为另一部新游戏。,https://alicecottage1989.blog.jp/archives/15822589.html
g566,g566-v1,婦警さんDA,妇警DA,婦警さんDA,Galgame,早期成人向互动,制服题材／早期合集,登场人物（姓名未核实）,1992,PC-98,Alicesoft,Alicesoft,完成版合集收录,,《ALICEの館II》1992-07-15收录完成版；单篇档案误记1993，按合集与游戏目录采用1992。配音未核实。,https://alicecottage1989.blog.jp/archives/15835047.html
g567,g567-v1,おかゆフィーバーの逆襲,Okayu Fever的逆袭,おかゆフィーバーの逆襲,Galgame,早期成人向互动,怪物视角／利萨斯城,おかゆフィーバー、リア,1992,PC-98,Alicesoft,Alicesoft,合集原版,,《ALICEの館II》1992-07-15收录；其他机种与配音未逐版核实。,https://alicecottage1989.blog.jp/archives/19289217.html
g568,g568-v1,女教師悶絶地獄,女教师苦难地狱,女教師悶絶地獄,Galgame,成人向冒险,女教师／受迫处境,女教师（姓名未核实）,1995,PC-98,Alicesoft,Alicesoft,馆3原版收录,,《ALICEの館3》1995-04-07收录；CD与其他机种不在本批逐版展开，配音未核实。,https://alicecottage1989.blog.jp/archives/23539602.html
g569,g569-v1,哀少女ローラ,哀少女劳拉,哀少女ローラ,Galgame,成人向冒险,劳拉／悲剧处境,ローラ,1995,PC-98,Alicesoft,Alicesoft,馆3原版收录,,《ALICEの館3》1995-04-07收录；其他发行与配音未逐版核实。,https://alicecottage1989.blog.jp/archives/22947779.html
g570,g570-v1,ありすのぼーけん,Alice的冒险,ありすのぼーけん,Galgame,成人向冒险,Alice／寻找諭吉,アリス、諭吉（具体身份未核实）,1995,PC-98,Alicesoft,Alicesoft,馆3原版收录,,《ALICEの館3》1995-04-07收录；其他机种及配音未逐版核实。,https://alicecottage1989.blog.jp/archives/22590358.html
g571,g571-v1,SDらんす -犯人は、誰だ-,SD兰斯：谁是犯人,SDらんす -犯人は、誰だ-,文字冒险,图文选项／调查,学园兰斯／失窃指环,ランス、ラギシス先生,1990,PC-98,Alicesoft,Alicesoft,攻略盘原版,,单篇档案记1990-06-01，汇总目录沿用母作5月15日；本批采用1990年，确切寄送日期未完全核实。,https://alicecottage1989.blog.jp/archives/16852985.html
g572,g572-v1,あぶない文化祭前夜,危险文化祭前夜,あぶない文化祭前夜,文字冒险,图文指令,学园短篇／文化祭前夕,和美、由香里、綾子、孝司、祥子,1991,PC-98／X68000（日期存疑）,Alicesoft,Alicesoft,选项套装短篇（目录归档年）,,X68000目录记1991-10-15；PC-98档案明确以母作日期代填，又称2月下旬预计寄送。实际寄送年份、日期未完整核实，本批按1991年目录归档。,https://alicecottage1989.blog.jp/archives/18569382.html
g573,g573-v1,[扉] -TOBIRA-,扉：门,[扉] -TOBIRA-,文字冒险,图文选项／调查,每日短篇／理解人物心境,每日轮换的主人公们（姓名未核实）,2001,Windows（资料记Me）,Alicesoft,Alicesoft,Alice CD首发,,2001-04-19 Alice CD Ver2.02收录；Ver2.50同内容归同一版本记录。原系统System3.9；无音乐和音效，配音未核实。,https://alicecottage1989.blog.jp/archives/36008491.html
g574,g574-v1,Nor -Near the Once Reality-,Nor：一次现实的彼方,Nor -Near the Once Reality-,Galgame,成人向冒险,近未来／数字实体化／实验遗留,如月士郎、ノーラ・ハイマン、如月亜希、由梨、如月仁、ユイフォン、グルマルキン,2002,Windows 98／Me／2000／XP,AliceNoir,AliceNoir,CD-ROM原版,,2002-09-27发行；剧情阅读结合打字战斗与连击、病毒道具。首发日期见 https://www.suruga-ya.jp/product/detail/145007116 。,https://noir.alicesoft.com/nor/nor.htm
g575,g575-v1,メイドのススメ,女仆的推荐,メイドのススメ,Galgame,成人向冒险,大学入试／家族继承与独立,戸隠ススム、戸隠ケジメ、周防皐月,1999,Windows,Alicesoft,Alicesoft,Alice CD合集首发,,Alice CD 1.02起收录。档案的日、月记录有矛盾，1999年可核对；后续合集主要更换System3.6运行文件，不逐次计新作。,https://alicecottage1989.blog.jp/archives/30830108.html
g575,g575-v2,メイドのススメ,女仆的推荐,メイドのススメ,Galgame,成人向冒险,大学入试／家族继承与独立,戸隠ススム、戸隠ケジメ、周防皐月,2005,Windows,Alicesoft,Alicesoft,官方Web再配布,,2005-05-27用户俱乐部页面公开，内容与Alice CD 1.03版相同；为Windows游戏的Web配布，不标成浏览器游戏。,https://alicecottage1989.blog.jp/archives/30830108.html
g576,g576-v1,Little PRINCESS,小公主：被掳走的美树,Little PRINCESS,文字冒险,图文指令,异世界救援／美树与健太郎,小川健太郎、来水美樹、ドラキュラ,1986,PC-88／FM-7,ChampionSoft,チャンピオンソフト,杂志附赠原作,,1986年12月《LEMONADE创刊号》附赠《さらわれた美樹ちゃん》，文字输入冒险；FM-7版具体发行顺序未单独核实。,https://w.atwiki.jp/gcmatome/pages/5673.html
g576,g576-v2,Little PRINCESS,小公主：被掳走的美树,Little PRINCESS,文字冒险,图文指令,异世界救援／美树与健太郎,小川健太郎、来水美樹、ドラキュラ,1987,MSX2,ChampionSoft,チャンピオンソフト,MSX2大幅改作,,1987年11月发行Little PRINCESS；基本故事与图像有关联，操作、地图、谜题和消息大量改变，按同作改版合并。,https://w.atwiki.jp/gcmatome/pages/6638.html
g577,g577-v1,Little Vampire,小吸血鬼,Little Vampire,文字冒险,图文指令,美树异变／返回原世界,小川健太郎、来水美樹、フローラ、ますみ,1988,PC-88／MSX2,ChampionSoft,チャンピオンソフト,原版（早期机种合并记录）,,1988年发行，PC-88及MSX2版本可确认；各机种确切日期存在资料差异，按1988年合并记录，不把PC-98附赠版倒填为同年首发。,https://w.atwiki.jp/gcmatome/pages/6865.html
g578,g578-v1,学園戦記,学园战记,学園戦記,Galgame,早期成人向互动,学生会／校内请求与秘密,小川わたる,1988,MSX2,ChampionSoft,チャンピオンソフト,MSX2原版,,1988年发行，月份未完全核实；MSX实体、厂商与五张磁盘见 https://www.suruga-ya.jp/product/detail/123004144 。现有资料不确认Windows原生移植。,https://w.atwiki.jp/gcmatome/pages/5673.html
g579,g579-v1,ハニワ闇開発室ぷち,哈尼暗开发室Petit,ハニワ闇開発室ぷち,Galgame,成人向冒险,开发室短篇／预购特典再收录,短篇登场人物（姓名未核实）,2012,PC／Web（程序形式未核实）,Alicesoft,Alicesoft,早期Web公开记录,,目录记2012-12-25、Web／PC、ADV；具体Web程序形式未核实，本条不宣称浏览器原生玩法或Windows新版移植。,https://bangumi.tv/person/2116/works/position/1002
g579,g579-v2,ハニワ闇開発室ぷち,哈尼暗开发室Petit,ハニワ闇開発室ぷち,Galgame,成人向冒险,开发室短篇／预购特典再收录,短篇登场人物（姓名未核实）,2013,Windows,Alicesoft,Alicesoft,粉彩铃音3预购特典再收录,,随2013年《パステルチャイム3》封神-Bind-数据追加CD收录，不将特典盘整体视为另一部独立作品；该短篇配音未核实。,https://www.kungal.com/galgame/8458
g580,g580-v1,幻夢の城,幻梦之城,幻夢の城,文字冒险,图文指令,异界寻人／城堡探索,受托救人的主人公（姓名未核实）、请求寻找姐姐的少女（姓名未核实）,1987,PC-88,ChampionSoft,チャンピオンソフト,PC-88发行记录,,目录记为1987年4月。输入对象关键词后由程序决定动作，并非一般的“动词＋名词”输入。 角色配音未核实；不以音源或音乐支持推定有语音。,https://www.gamepres.org/pc88/library/1987/1987_4.htm
g580,g580-v2,幻夢の城,幻梦之城,幻夢の城,文字冒险,图文指令,异界寻人／城堡探索,受托救人的主人公（姓名未核实）、请求寻找姐姐的少女（姓名未核实）,1987,FM-7,ChampionSoft,チャンピオンソフト,FM-7发行记录,,Oh!FM-7确认1987年发行；月份未确认。不同平台合并同一作品，不以平台数量增加作品数。 角色配音未核实；不以音源或音乐支持推定有语音。,https://fm-7.com/museum/products/ks0emtnp/
g581,g581-v1,天女伝説,天女传说,天女伝説,文字冒险,图文指令,传说线索／神秘调查,接受指令的主人公（姓名未核实）、神秘男子（姓名未核实）、有天女血统的人物群（姓名未核实）,1987,FM-7,ChampionSoft,チャンピオンソフト,FM-7发行记录,,Oh!FM-7记为1987年12月，作为目前核对到的较早平台发行记录。 角色配音未核实；不以音源或音乐支持推定有语音。,https://fm-7.com/museum/products/368356z3/
g581,g581-v2,天女伝説,天女传说,天女伝説,文字冒险,图文指令,传说线索／神秘调查,接受指令的主人公（姓名未核实）、神秘男子（姓名未核实）、有天女血统的人物群（姓名未核实）,1988,PC-88,ChampionSoft,チャンピオンソフト,PC-88发行记录,,PC-88资料记为1988年，月份不明。动词设在功能键，对象以文字输入。 角色配音未核实；不以音源或音乐支持推定有语音。,https://www.gamepres.org/pc88/library/1988/1988.htm
g582,g582-v1,美砂ちゃん物語シリーズ ちょっと名探偵,美砂的故事：小小名侦探,美砂ちゃん物語シリーズ ちょっと名探偵,文字冒险,图文选项／调查,高中生侦探／逃逸事件,美砂、香奈,1988,PC-88,ChampionSoft,チャンピオンソフト,PC-88发行记录,,PC-88目录记为1988年11月；另一厂商目录记8月，保留年份而不裁定统一首发月。 角色配音未核实；不以音源或音乐支持推定有语音。,https://www.gamepres.org/pc88/library/1988/1988_11.htm
g582,g582-v2,美砂ちゃん物語シリーズ ちょっと名探偵,美砂的故事：小小名侦探,美砂ちゃん物語シリーズ ちょっと名探偵,文字冒险,图文选项／调查,高中生侦探／逃逸事件,美砂、香奈,1988,MSX2,ChampionSoft,チャンピオンソフト,MSX2发行记录,,档案记1988年10月的MSX2版；Sharp X1仅在手册提及而未确认存在，不新增X1版本。 角色配音未核实，PSG音乐不等同配音。,https://generation-msx.nl/software/champion-soft-co-ltd/chotto-meitantei-misa-chan-monogatari-series/5038
g583,g583-v1,ラブチェイサー,Love Chaser：追寻失踪的新娘,ラブチェイサー,文字冒险,图文选项／调查,婚礼失踪／侦探调查,加藤かずこ、新人侦探（姓名未核实）,1987,PC-88,ChampionSoft,チャンピオンソフト,PC-88发行记录,,目录记为1987年9月。调查中存在体力消耗与谜题，不将其归为纯阅读小说；文字输入或菜单的具体分工未完整核实。 角色配音未核实；不以音源或音乐支持推定有语音。,https://www.gamepres.org/pc88/library/1987/1987_9.htm
g583,g583-v2,ラブチェイサー,Love Chaser：追寻失踪的新娘,ラブチェイサー,文字冒险,图文选项／调查,婚礼失踪／侦探调查,加藤かずこ、新人侦探（姓名未核实）,1987,MSX2,ChampionSoft,チャンピオンソフト,MSX2发行记录,,档案记1987年10月的MSX2版；具体玩法标签与PC-88档案不同，保留平台差异，不由标签推断新增谜题内容。 角色配音未核实，PSG音乐不等同配音。,https://generation-msx.nl/software/champion-soft-co-ltd/love-chaser/1001
g584,g584-v1,ラブリーGAL,Lovely GAL：浮游都市的危机,ラブリーGAL,文字冒险,图文指令,秘宝搜集／异界都市,寻找秘宝的主人公（姓名未核实）、沉睡的女王（姓名未核实）,1987,PC-88,ChampionSoft,チャンピオンソフト,PC-88发行记录,,PC-88资料记为1987年9月，另一厂商目录记7月；月份冲突保留。动词功能键与对象文字输入见独立评测。 角色配音未核实；不以音源或音乐支持推定有语音。,https://www.gamepres.org/pc88/library/1987/1987_9.htm
g585,g585-v1,ペルセウス 洋上の殺意,珀尔修斯：海上的杀意,ペルセウス 洋上の殺意,文字冒险,图文选项／调查,豪华客船／秘密调查,客船一等航海士（姓名未核实）、遇害乘客（姓名未核实）,1984,PC-88,ChampionSoft,チャンピオンソフト,PC-88发行记录,,目录记为1984年10月；调查范围包括船内设施。具体指令输入方式未完整核实。 角色配音未核实；不以音源或音乐支持推定有语音。,https://www.gamepres.org/pc88/library/1984/1984_10.htm
g586,g586-v1,慶子ちゃんの秘密,庆子的秘密,慶子ちゃんの秘密,文字冒险,图文选项／调查,失踪调查／湘南海岸,慶子、寻找庆子的主人公（姓名未核实）,1984,PC-88,ChampionSoft,チャンピオンソフト,PC-88发行记录,,目录记为1984年4月；本作四部分作为一部作品记录，不拆成四部。 角色配音未核实；不以音源或音乐支持推定有语音。,https://www.gamepres.org/pc88/library/1984/1984_4.htm
g587,g587-v1,POP LEMON,POP LEMON,POP LEMON,文字冒险,图文选项／调查,城市／校园探索,旅途中的主人公（姓名未核实）、沿途提供信息的人物群（姓名未核实）,1986,PC-88,ChampionSoft,チャンピオンソフト,PC-88发行记录,,PC-88资料记为1986年11月，另一厂商目录记12月；保留1986年，不认定唯一发行月。 角色配音未核实；不以音源或音乐支持推定有语音。,https://www.gamepres.org/pc88/library/1986/1986_11.htm
g587,g587-v2,POP LEMON,POP LEMON,POP LEMON,文字冒险,图文选项／调查,城市／校园探索,旅途中的主人公（姓名未核实）、沿途提供信息的人物群（姓名未核实）,1989,MSX2,ChampionSoft,チャンピオンソフト,MSX2发行记录,,MSX2版为1989年，保留1986年PC-88原版为作品首年；别称Fairie’s Residence Part II不拆成新作品。 角色配音未核实，PSG音乐不等同配音。,https://generation-msx.nl/software/champion-soft-co-ltd/pop-lemon/3635
g588,g588-v1,タウヒード,Tawhid：超能力者护送之旅,タウヒード,文字冒险,图文选项／调查,战地摄影／超能力阴谋,大沼天池、エリザベス、イーマム,1989,PC-88,ChampionSoft,チャンピオンソフト,PC-88发行记录,,PC-88资料记为1989年6月，厂商总目录记4月；平台或月份差异尚未裁定，保留1989年。 角色配音未核实；不以音源或音乐支持推定有语音。,https://www.gamepres.org/pc88/library/1989/1989_6.htm
g588,g588-v2,タウヒード,Tawhid：超能力者护送之旅,タウヒード,文字冒险,图文选项／调查,战地摄影／超能力阴谋,大沼天池、エリザベス、イーマム,1989,MSX2,ChampionSoft,チャンピオンソフト,MSX2发行记录,,MSX2档案记1989年4月，与PC-88资料的6月分别记录，保留平台月份差异。 角色配音未核实，PSG音乐不等同配音。,https://generation-msx.nl/software/champion-soft-co-ltd/tawheed/1300
g589,g589-v1,フェアリーズレジデンス スペシャル クラブ編,妖精公寓特别篇：社团篇,フェアリーズレジデンス スペシャル クラブ編,文字冒险,图文选项／调查,角色番外,マリコ,1986,PC-88,ChampionSoft,チャンピオンソフト,PC-88发行记录,,PC-88档案确认1986年版，月份未确认。 角色配音未核实。,https://www.gamepres.org/pc88/library/1986/1986.html#fr_club
g589,g589-v2,フェアリーズレジデンス スペシャル クラブ編,妖精公寓特别篇：社团篇,フェアリーズレジデンス スペシャル クラブ編,文字冒险,图文选项／调查,角色番外,マリコ,1986,FM-7,ChampionSoft,チャンピオンソフト,FM-7发行记录,,Oh!FM-7确认1986年FM-7系列版本；兼容机型不重复列为新版本。 角色配音未核实。,https://fm-7.com/museum/products/bgv0kmgz/
g590,g590-v1,フェアリーズレジデンス スペシャル SF編,妖精公寓特别篇：科幻篇,フェアリーズレジデンス スペシャル SF編,文字冒险,图文选项／调查,科幻／宇宙刑警,ジェニー・サリバン、デーモン・トキ,1986,PC-88,ChampionSoft,チャンピオンソフト,PC-88发行记录,,PC-88档案确认1986年版，月份未确认。 角色配音未核实。,https://www.gamepres.org/pc88/library/1986/1986.html#fr_sf
g590,g590-v2,フェアリーズレジデンス スペシャル SF編,妖精公寓特别篇：科幻篇,フェアリーズレジデンス スペシャル SF編,文字冒险,图文选项／调查,科幻／宇宙刑警,ジェニー・サリバン、デーモン・トキ,1986,FM-7,ChampionSoft,チャンピオンソフト,FM-7发行记录,,Oh!FM-7确认1986年FM-7系列版本；兼容机型不重复列为新版本。 角色配音未核实。,https://fm-7.com/museum/products/1f311glb/
g591,g591-v1,フェアリーズレジデンス スペシャル 学園編,妖精公寓特别篇：学园篇,フェアリーズレジデンス スペシャル 学園編,文字冒险,图文选项／调查,角色番外,遠藤由美,1986,PC-88,ChampionSoft,チャンピオンソフト,PC-88发行记录,,PC-88档案确认1986年版，月份未确认。 角色配音未核实。,https://www.gamepres.org/pc88/library/1986/1986.html#fr_gaku
g591,g591-v2,フェアリーズレジデンス スペシャル 学園編,妖精公寓特别篇：学园篇,フェアリーズレジデンス スペシャル 学園編,文字冒险,图文选项／调查,角色番外,遠藤由美,1986,FM-7,ChampionSoft,チャンピオンソフト,FM-7发行记录,,Oh!FM-7确认1986年FM-7系列版本；兼容机型不重复列为新版本。 角色配音未核实。,https://fm-7.com/museum/products/s2y7bn9r/
g592,g592-v1,カタストロフィ,大灾变,カタストロフィ,文字冒险,图文选项／调查,UFO／研究所／悬疑,寻找UFO线索的调查者（玩家）、接受测谎的三名嫌疑人（姓名未核实）,1984,FM-7,ChampionSoft,チャンピオンソフト,FM版,,馆藏列1984年；作者平岩徳一，磁带版三盘。角色配音未核实；兼容FM系列后续机型不另计发行版本。,https://fm-7.com/museum/products/pmq5rr0c/
g592,g592-v2,カタストロフィ,大灾变,カタストロフィ,文字冒险,图文选项／调查,UFO／研究所／悬疑,寻找UFO线索的调查者（玩家）、接受测谎的三名嫌疑人（姓名未核实）,1984,PC-88,ChampionSoft,チャンピオンソフト,PC版,,1984年2月；PC资料列六个程序阶段，包含搜寻、研究与测谎调查。,https://www.gamepres.org/pc88/library/1984/1984_2.html#cata
g593,g593-v1,シャドーハンター,暗影猎人,シャドーハンター,文字冒险,图文指令,警探／威胁信／推理,警察调查员（玩家）、Yoshizawa（作家，日文写法未核实）、Rika（作家的助手及侄女，日文写法未核实）,1988,MSX2,ChampionSoft,チャンピオンソフト,MSX2版,,Generation MSX列1988年7月、MSX2；不采用其他数据库笼统的MSX平台标签。,https://generation-msx.nl/software/champion-soft/shadow-hunter/1132
g593,g593-v2,シャドーハンター,暗影猎人,シャドーハンター,文字冒险,图文指令,警探／威胁信／推理,警察调查员（玩家）、Yoshizawa（作家，日文写法未核实）、Rika（作家的助手及侄女，日文写法未核实）,1988,PC-88,ChampionSoft,チャンピオンソフト,PC版,,PC目录列1988年、PC-8801mkIISR以后，月份未核实。,https://www.gamepres.org/pc88/library/1988/1988.html#shadow
g594,g594-v1,はじめてのテーブルマナー,初学餐桌礼仪,はじめてのテーブルマナー,文字冒险,图文选项／调查,自助餐／西式餐饮／会席,公司继承人（玩家）、氷室、高橋苑子、伊集院麗子,1988,PC-8801mkIISR,未核实（1988年前身关联；目录署名冲突）,未核实（1988年前身关联；目录署名冲突）,历史平台发行,,1988年10月记录；平台须为mkIISR以后。PC目录把1988年两款教育软件署为アリスソフト，早于本品牌成立；历史作品表将其列在ChampionSoft时期。专题按前身历史关联收录，具体发行署名保留未核实，不擅自改填Alicesoft或ChampionSoft。,https://www.gamepres.org/pc88/library/1988/1988_10.html#table
g595,g595-v1,Hello! 麻衣子,你好！麻衣子,Hello! 麻衣子,文字冒险,图文选项／调查,人物访谈式栏目／短篇,渡瀬麻衣子,1987,FM-7,ChampionSoft,チャンピオンソフト,历史平台发行,,FM馆藏确认此平台；后续兼容机型和磁盘尺寸不另计版本，角色配音未核实。,https://fm-7.com/museum/products/okeodfat/
g595,g595-v2,Hello! 麻衣子,你好！麻衣子,Hello! 麻衣子,文字冒险,图文选项／调查,人物访谈式栏目／短篇,渡瀬麻衣子,1987,PC-8801,ChampionSoft,チャンピオンソフト,历史平台发行,,PC目录确认1987年、PC-8801以后；月份未核实。,https://www.gamepres.org/pc88/library/1987/1987.html#hello
g596,g596-v1,OMEGA Vol.3,OMEGA：第3号,OMEGA Vol.3,文字冒险,图文选项／调查,职业辨认／大阪城交流,接待与对话模块的玩家、大阪城中遇到的人物（姓名未核实）,1987,PC-8801,ChampionSoft,チャンピオンソフト,历史平台发行,,PC目录列1987年、PC-8801以后；月份未核实。,https://www.gamepres.org/pc88/library/1987/1987.html#omega3
g596,g596-v2,OMEGA Vol.3,OMEGA：第3号,OMEGA Vol.3,文字冒险,图文选项／调查,职业辨认／大阪城交流,接待与对话模块的玩家、大阪城中遇到的人物（姓名未核实）,1987,FM-7,ChampionSoft,チャンピオンソフト,历史平台发行,,FM馆藏确认此平台；后续兼容机型和磁盘尺寸不另计版本，角色配音未核实。,https://fm-7.com/museum/products/xy5gcwzj/
g597,g597-v1,Phantom PHANTOM OF INFERNO,幻灵：地狱之影,Phantom PHANTOM OF INFERNO,视觉小说,剧情分支／冒险,黑色犯罪／暗杀者 ADV,ツヴァイ（吾妻玲二）、アイン、クロウディア・マッキェネン、キャル・ディヴェンス,2000,Windows／Mac,Nitroplus,Nitroplus,原版,,官方档案列 2000-02-25；Windows／Mac 共列，不拆两个作品。,https://nitro-origin.com/game/phantom/archives/
g597,g597-v2,Phantom PHANTOM OF INFERNO,幻灵：地狱之影,Phantom PHANTOM OF INFERNO,视觉小说,剧情分支／冒险,黑色犯罪／暗杀者 ADV,ツヴァイ（吾妻玲二）、アイン、クロウディア・マッキェネン、キャル・ディヴェンス,2001,DVD-VIDEO GAME,デジターボ,デジターボ,DVD-PG 移植,,2001-10-26；DVD 播放器运行的文字冒险，不据载体自动分类为互动动画。,https://nitro-origin.com/game/phantom/archives/
g597,g597-v3,Phantom PHANTOM OF INFERNO,幻灵：地狱之影,Phantom PHANTOM OF INFERNO,视觉小说,剧情分支／冒险,黑色犯罪／暗杀者 ADV,ツヴァイ（吾妻玲二）、アイン、クロウディア・マッキェネン、キャル・ディヴェンス,2003,PlayStation 2,プリンセスソフト,プリンセスソフト,主机移植,,2003-05-22；保留实际主机发行署名。,https://nitro-origin.com/game/phantom/archives/
g597,g597-v4,Phantom PHANTOM OF INFERNO,幻灵：地狱之影,Phantom PHANTOM OF INFERNO,视觉小说,剧情分支／冒险,黑色犯罪／暗杀者 ADV,ツヴァイ（吾妻玲二）、アイン、クロウディア・マッキェネン、キャル・ディヴェンス,2004,Windows,Nitroplus,Nitroplus,INTEGRATION 整合版,无角色配音,2004-09-17；原版故事整合扩充；无配音依据沿用相同内容的 Best 版规格。,https://nitro-origin.com/game/phantom/archives/pc-best
g597,g597-v5,Phantom PHANTOM OF INFERNO,幻灵：地狱之影,Phantom PHANTOM OF INFERNO,视觉小说,剧情分支／冒险,黑色犯罪／暗杀者 ADV,ツヴァイ（吾妻玲二）、アイン、クロウディア・マッキェネン、キャル・ディヴェンス,2009,Windows,Nitroplus,Nitroplus,Nitro The Best! 再版,无角色配音,2009-04-24；INTEGRATION 廉价再版，不另计作品。,https://nitro-origin.com/game/phantom/archives/pc-best
g597,g597-v6,Phantom PHANTOM OF INFERNO,幻灵：地狱之影,Phantom PHANTOM OF INFERNO,视觉小说,剧情分支／冒险,黑色犯罪／暗杀者 ADV,ツヴァイ（吾妻玲二）、アイン、クロウディア・マッキェネン、キャル・ディヴェンス,2012,Xbox 360,デジターボ,デジターボ,重制／主机版,,2012-10-25；融入动画版设计、配音及新增情节。,https://nitro-origin.com/game/phantom/archives/
g597,g597-v7,Phantom PHANTOM OF INFERNO,幻灵：地狱之影,Phantom PHANTOM OF INFERNO,视觉小说,剧情分支／冒险,黑色犯罪／暗杀者 ADV,ツヴァイ（吾妻玲二）、アイン、クロウディア・マッキェネン、キャル・ディヴェンス,2013,Windows,Nitroplus,Nitroplus,主机逆移植,,2013-08-30；Xbox 360 版完全逆移植，保留动画版设计和配音。,https://nitro-origin.com/game/phantom/archives/
g597,g597-v8,Phantom PHANTOM OF INFERNO,幻灵：地狱之影,Phantom PHANTOM OF INFERNO,视觉小说,剧情分支／冒险,黑色犯罪／暗杀者 ADV,ツヴァイ（吾妻玲二）、アイン、クロウディア・マッキェネン、キャル・ディヴェンス,2026,Windows（Steam）,NITRO PLUS,Nitroplus,NITRO ARCHIVE 移植,,基于 2013 年逆移植版的相同内容；新增日／英／简体中文文本，角色人声为日语；发行署名为 NITRO PLUS。,https://store.steampowered.com/app/3639590/Phantom_PHANTOM_OF_INFERNO_NITRO_ARCHIVE/?l=japanese
g598,g598-v1,吸血殲鬼ヴェドゴニア,吸血歼鬼维德戈尼亚,吸血殲鬼ヴェドゴニア,视觉小说,剧情分支／冒险,吸血鬼／变身英雄 ADV,ヴェドゴニア、来栖香織、モーラ、リァノーン,2001,Windows,Nitroplus,Nitroplus,原版,无角色配音,2001-01-26 ソフ倫版；官方规格为无角色配音。,https://www.nitroplus.co.jp/pc/lineup/into_02/
g598,g598-v2,吸血殲鬼ヴェドゴニア,吸血歼鬼维德戈尼亚,吸血殲鬼ヴェドゴニア,视觉小说,剧情分支／冒险,吸血鬼／变身英雄 ADV,ヴェドゴニア、来栖香織、モーラ、リァノーン,2002,Windows,Nitroplus,Nitroplus,廉价再版,无角色配音,2002-07-12 廉价版；不另计作品。,https://www.nitroplus.co.jp/pc/lineup/into_02/
g598,g598-v3,吸血殲鬼ヴェドゴニア,吸血歼鬼维德戈尼亚,吸血殲鬼ヴェドゴニア,视觉小说,剧情分支／冒险,吸血鬼／变身英雄 ADV,ヴェドゴニア、来栖香織、モーラ、リァノーン,2003,Windows,Nitroplus,Nitroplus,メディ倫版,无角色配音,2003-08-29；按官方所列伦理审查版本归档，不新建相同故事。,https://www.nitroplus.co.jp/pc/lineup/into_02/
g599,g599-v1,"“Hello, world.”",你好，世界。,"“Hello, world.”",视觉小说,剧情分支／冒险,机器人／科幻学园 ADV,友永和樹、愛原奈都美、笹ヶ瀬薫、久我山深佳,2002,Windows,Nitroplus,Nitroplus,原版,,2002-09-27 ソフ倫版；角色页列有 CV。伦理版本与介质改变仍为同一作品。,https://www.nitroplus.co.jp/game/04-helloworld/sofurin.php
g600,g600-v1,斬魔大聖デモンベイン,斩魔大圣 Demonbane,斬魔大聖デモンベイン,视觉小说,剧情分支／冒险,魔导书／巨大机器人 ADV,大十字九郎、アル・アジフ、覇道瑠璃、ライカ,2003,Windows,Nitroplus,Nitroplus,原版,,2003-04-25 CD-ROM 原版；官方明确为 part voice，不能标为全配音。,https://www.nitroplus.co.jp/game/05-demonbane/cd.php
g600,g600-v2,斬魔大聖デモンベイン,斩魔大圣 Demonbane,斬魔大聖デモンベイン,视觉小说,剧情分支／冒险,魔导书／巨大机器人 ADV,大十字九郎、アル・アジフ、覇道瑠璃、ライカ,2009,Windows,Nitroplus,Nitroplus,Nitro The Best! 再版,,2009-11-27；原作廉价再版，保留原故事。,https://www.nitroplus.co.jp/game/05-demonbane/
g601,g601-v1,天使ノ二挺拳銃 -Angelos Armas-,天使的双枪,天使ノ二挺拳銃 -Angelos Armas-,视觉小说,剧情分支／冒险,末世／天使／枪战 ADV,ヴィム、アンリ、ペーター、渡部小巻、渡部風子,2005,Windows,Nitroplus,Nitroplus,原版,,2005-01-28；产品角色资料列有 CV。,https://www.nitroplus.co.jp/game/07-angelos-armas/
g602,g602-v1,塵骸魔京,尘骸魔京,塵骸魔京,视觉小说,剧情分支／冒险,现代异族／奇幻 ADV,九門克綺、イグニス、風のうしろを歩むもの、花輪黄葉,2005,Windows,Nitroplus,Nitroplus,原版,,2005-06-24 初回版；官方角色页列有配音。,https://www.nitroplus.co.jp/game/08-jingai/first.php
g602,g602-v2,塵骸魔京,尘骸魔京,塵骸魔京,视觉小说,剧情分支／冒险,现代异族／奇幻 ADV,九門克綺、イグニス、風のうしろを歩むもの、花輪黄葉,2017,Windows,Nitroplus,Nitroplus,Windows 10 对应版,,2017-02-16 下载发行；内容与旧版相同，分辨率由 800×600 改为 1280×960，并支持 Windows 10。,https://www.nitroplus.co.jp/pc/lineup/into_08/
g603,g603-v1,刃鳴散らす,刃鸣散,刃鳴散らす,视觉小说,剧情分支／冒险,架空历史／剑术 ADV,武田赤音、伊烏義阿,2005,Windows,Nitroplus,Nitroplus,原版,,2005-09-30；官方旧版规格确认全配音。,https://www.nitroplus.co.jp/pc/lineup/into_09/htmlver/spec.html
g604,g604-v1,竜†恋[Dra+KoI],龙之恋,竜†恋[Dra+KoI],视觉小说,剧情分支／冒险,现代奇幻／恋爱短篇,主人公（官网称“僕”）、与主人公相遇的少女,2006,Windows,Nitroplus,Nitroplus,杂集内独立短篇,无角色配音,2006-02-03《サバト鍋》收录；官方介绍约三小时阅读量、无角色配音。,https://www.nitroplus.co.jp/game/10-sabatonabe/dragon.php
g605,g605-v1,月光のカルネヴァーレ,月光的嘉年华,月光のカルネヴァーレ,视觉小说,剧情分支／冒险,狼人／自动人偶／奇幻 ADV,ロメオ、アンナ、ノエル、レベッカ,2007,Windows,Nitroplus,Nitroplus,原版,,2007-01-26；官方角色资料列有 CV。,https://www.nitroplus.co.jp/game/12-carnevale/
g606,g606-v1,続・殺戮のジャンゴ -地獄の賞金首-,续·杀戮的姜戈：地狱的赏金首,続・殺戮のジャンゴ -地獄の賞金首-,视觉小说,剧情分支／冒险,科幻／意大利式西部 ADV,名前のない女、黒のフランコ、リリィ・サルバターナ,2007,Windows,Nitroplus,Nitroplus,原版,,2007-07-27；官方规格与角色资料列配音。,https://www.nitroplus.co.jp/pc/lineup/into_13/
g607,g607-v1,スマガ,星空魔法少女,スマガ,视觉小说,剧情分支／冒险,人生重试／魔法少女 ADV,失忆的主人公、スピカ、ミラ、ガーネット、日下部雨火,2008,Windows,Nitroplus,Nitroplus,原版,,2008-09-26；角色资料列 CV。,https://www.nitroplus.co.jp/game/16-sumaga/sumaga.php
g607,g607-v2,スマガ,星空魔法少女,スマガ,视觉小说,剧情分支／冒险,人生重试／魔法少女 ADV,失忆的主人公、スピカ、ミラ、ガーネット、日下部雨火,2013,Windows,Nitroplus,Nitroplus,Nitro The Best! 再版,,2013-10-18 Best 版；同一故事廉价再版。,https://www.nitroplus.co.jp/game/16-sumaga/
g607,g607-v3,スマガ,星空魔法少女,スマガ,视觉小说,剧情分支／冒险,人生重试／魔法少女 ADV,失忆的主人公、スピカ、ミラ、ガーネット、日下部雨火,2016,Windows,Nitroplus,Nitroplus,Best 下载版,,2016-08-26 Best 下载版；不另计作品。,https://www.nitroplus.co.jp/game/16-sumaga/
g608,g608-v1,スマガスペシャル,星空魔法少女 特别篇,スマガスペシャル,视觉小说,剧情分支／冒险,循环日／角色后日谈 ADV,失忆的主人公、カペラ、デネブ、日下部雨火,2009,Windows,Nitroplus,Nitroplus,原版,,2009-06-26；官方规格确认全配音；独立 Fan Disc。,https://www.nitroplus.co.jp/game/17-sumaga-special/
g609,g609-v1,装甲悪鬼村正 邪念編,装甲恶鬼村正 邪念篇,装甲悪鬼村正 邪念編,视觉小说,剧情分支／冒险,原作衍生／故事杂集,湊斗景明、三世村正、綾弥一条、大鳥香奈枝,2010,Windows,Nitroplus,Nitroplus,原版,,2010-08-13 C78 首发、08-26 一般销售；同一杂集程序，角色表列 CV。,https://www.nitroplus.co.jp/game/18-muramasa/janenhen.php
g610,g610-v1,アザナエル,阿扎纳艾尔,アザナエル,视觉小说,剧情分支／冒险,群像／愿望与偶然 ADV,沙紅羅、小碓千秋、似鳥戴斗,2010,Windows,Nitroplus,Nitroplus,原版,,2010-12-17；官方规格确认全配音，群像分歧 ADV。,https://www.nitroplus.co.jp/game/20-axanael/
g611,g611-v1,ソニコミ,索尼子交流,ソニコミ,Galgame,恋爱模拟,摄影／交流／恋爱模拟,摄影师（玩家）、すーぱーそに子,2011,Windows,Nitroplus,Nitroplus,原版,,2011-11-25；官网规格仅索尼子有角色配音，不能记成全配音。,https://supersonico.jp/sonicomi/
g611,g611-v2,ソニコミ,索尼子交流,ソニコミ,Galgame,恋爱模拟,摄影／交流／恋爱模拟,摄影师（玩家）、すーぱーそに子,2014,PlayStation 3,角川ゲームス,角川ゲームス,モット！ソニコミ 增强移植,,2014-03-20；角川ゲームス主机增强改编；官方商品页说明 ADV 部分全配音。,https://store.kadokawa.co.jp/shop/g/g4997766201559/
g612,g612-v1,ギルティクラウン ロストクリスマス,罪恶王冠：失落的圣诞,ギルティクラウン ロストクリスマス,视觉小说,剧情分支／冒险,科幻／逃亡／动画前日谈 ADV,スクルージ、キャロル,2012,Windows,Nitroplus,Nitroplus,原版,,2012-07-26 Windows ADV；15 岁以上，官方角色资料列 CV。,https://www.nitroplus.co.jp/game/lost_x/
g613,g613-v1,フェノメノ 美鶴木夜石は怖がらない ビジュアルノベル版,Phenomeno：美鹤木夜石不惧怕,フェノメノ 美鶴木夜石は怖がらない ビジュアルノベル版,视觉小说,单线视觉小说,怪谈／恐怖小说改编,美鶴木夜石、怪谈故事的叙述者,2012,Windows,星海社 / Nitroplus,星海社、Nitroplus,免费小说改编,,2012-06-16；星海社与 Nitroplus 共同企划开发、免费公开的 case:01 视觉小说；联合署名不代表完整小说系列。角色配音规格未确认。,https://www.nitroplus.co.jp/game/phenomeno/
g614,g614-v1,君と彼女と彼女の恋。,你与她与她之恋。,君と彼女と彼女の恋。,Galgame,恋爱剧情冒险,学园恋爱／选择与玩家关系 ADV,須々木心一、曽根美雪、向日アオイ,2013,Windows,Nitroplus,Nitroplus,原版,,2013 年首发；主要角色有配音，主人公不列在官方 CV 表。,https://www.nitroplus.co.jp/game/totono/
g614,g614-v2,君と彼女と彼女の恋。,你与她与她之恋。,君と彼女と彼女の恋。,Galgame,恋爱剧情冒险,学园恋爱／选择与玩家关系 ADV,須々木心一、曽根美雪、向日アオイ,2014,Windows,Nitroplus,Nitroplus,下载版,,2014-06-27 下载版；同一原作。,https://www.nitroplus.co.jp/game/totono/
g614,g614-v3,君と彼女と彼女の恋。,你与她与她之恋。,君と彼女と彼女の恋。,Galgame,恋爱剧情冒险,学园恋爱／选择与玩家关系 ADV,須々木心一、曽根美雪、向日アオイ,2024,Windows,Nitroplus,Nitroplus,普及版,,2024-06-28；Nitro Origin 品牌普及版支持 Windows 10/11；同一故事重新发行，发行法人归档 Nitroplus。,https://nitro-origin.com/game/totono/
g615,g615-v1,装甲悪鬼村正 贖罪編,装甲恶鬼村正 赎罪篇,装甲悪鬼村正 贖罪編,视觉小说,单线视觉小说,获奖二次创作／小说游戏,三世村正、綾弥一条、大鳥香奈枝、牧村楓,2016,Windows,Nitroplus,Nitroplus,免费独立衍生篇,,2016-07-29 配合 Windows 10 版原作公开；加入新 CG 与劔冑“小狐丸”。角色配音规格未确认。,https://www.nitroplus.co.jp/news/2016/7468.php
g616,g616-v1,凍京NECRO＜トウキョウ・ネクロ＞,冻京 NECRO,凍京NECRO＜トウキョウ・ネクロ＞,视觉小说,剧情分支／冒险,赛博朋克／活死者猎人 ADV,臥龍岡早雲、エチカ、イリア、義城蜜魅,2016,Windows,Nitroplus,Nitroplus,原版,,2016-01-29；成人原版，角色资料列 CV，战斗为文本驱动的 3D 演出。,https://www.nitroplus.co.jp/game/tokyonecro/game/
g616,g616-v2,凍京NECRO＜トウキョウ・ネクロ＞,冻京 NECRO,凍京NECRO＜トウキョウ・ネクロ＞,视觉小说,剧情分支／冒险,赛博朋克／活死者猎人 ADV,臥龍岡早雲、エチカ、イリア、義城蜜魅,2016,Windows,Nitroplus,Nitroplus,一般版,,2016-09-30；面向 15 岁以上的全年龄改编，删除成人内容，同一核心故事。,https://www.nitroplus.co.jp/game/tokyonecro/
g616,g616-v3,凍京NECRO＜トウキョウ・ネクロ＞,冻京 NECRO,凍京NECRO＜トウキョウ・ネクロ＞,视觉小说,剧情分支／冒险,赛博朋克／活死者猎人 ADV,臥龍岡早雲、エチカ、イリア、義城蜜魅,2018,Windows,Nitroplus,Nitroplus,普及版,,2018-01-26；提供成人版与一般版的廉价产品，不把两种年龄规格记成两部作品。,https://www.nitroplus.co.jp/game/tokyonecro/
g617,g617-v1,みにくいモジカの子,丑陋的文字化之子,みにくいモジカの子,视觉小说,剧情分支／冒险,读心能力／校园心理恐怖 ADV,種崎捨、双葉みゆ、九鬼綺羅々、許斐鳴子、花椿,2018,Windows,Nitroplus,Nitroplus,原版,,2018-07-27；角色资料列 CV，普通版属于同一故事的再销售。,https://www.nitroplus.co.jp/game/mojika/
g618,g618-v1,CHAOS;HEAD,混沌之脑,CHAOS;HEAD,视觉小说,剧情分支／冒险,妄想／心理悬疑／科学 ADV,西條拓巳、咲畑梨深、蒼井セナ、楠優愛、折原梢、岸本あやせ、西條七海,2008,Windows,Nitroplus,Nitroplus,原版,,2008-04-25 Windows 原版，官方角色 CV 表与原作发行年表。,https://www.kagaku-adv.com/titles/chaoshead/
g618,g618-v2,CHAOS;HEAD,混沌之脑,CHAOS;HEAD,视觉小说,剧情分支／冒险,妄想／心理悬疑／科学 ADV,西條拓巳、咲畑梨深、蒼井セナ、楠優愛、折原梢、岸本あやせ、西條七海,2010,Windows,Nitroplus,Nitroplus,Nitro The Best! 再版,,2010-07-30 廉价再版；不另计作品。,https://www.kagaku-adv.com/titles/chaoshead/
g618,g618-v3,CHAOS;HEAD,混沌之脑,CHAOS;HEAD,视觉小说,剧情分支／冒险,妄想／心理悬疑／科学 ADV,西條拓巳、咲畑梨深、蒼井セナ、楠優愛、折原梢、岸本あやせ、西條七海,2009,Xbox 360,5pb.,5pb.,NOAH 增强版,,2009-02-26；增加角色路线的主机增强版；发行归档为 5pb.。,https://www.kagaku-adv.com/titles/chaoshead_noah/
g619,g619-v1,ROBOTICS;NOTES,机器人笔记,ROBOTICS;NOTES,视觉小说,剧情分支／冒险,机器人社／科学悬疑 ADV,八汐海翔、瀬乃宮あき穂、神代フラウ、日高昴、大徳淳和、愛理,2012,Xbox 360,5pb.,5pb.,原版,,2012-06-28；官方规格为全配音。Nitroplus 参与制作不改变发行署名。,https://roboticsnotes.jp/elite/product/
g619,g619-v2,ROBOTICS;NOTES,机器人笔记,ROBOTICS;NOTES,视觉小说,剧情分支／冒险,机器人社／科学悬疑 ADV,八汐海翔、瀬乃宮あき穂、神代フラウ、日高昴、大徳淳和、愛理,2012,PlayStation 3,5pb.,5pb.,原版,,2012-06-28；官方规格为全配音。Nitroplus 参与制作不改变发行署名。,https://roboticsnotes.jp/elite/product/
g620,g620-v1,STEINS;GATE 線形拘束のフェノグラム,命运石之门：线形拘束的表征图,STEINS;GATE 線形拘束のフェノグラム,视觉小说,剧情分支／冒险,多视点／世界线／故事集 ADV,岡部倫太郎、牧瀬紅莉栖、椎名まゆり、橋田至,2013,Xbox 360,5pb.,5pb.,原版,,2013-04-25 独立故事集；各平台仍引用同一作品。,https://steinsgate.jp/phenogram/product/
g620,g620-v2,STEINS;GATE 線形拘束のフェノグラム,命运石之门：线形拘束的表征图,STEINS;GATE 線形拘束のフェノグラム,视觉小说,剧情分支／冒险,多视点／世界线／故事集 ADV,岡部倫太郎、牧瀬紅莉栖、椎名まゆり、橋田至,2013,PlayStation 3,5pb.,5pb.,原版,,2013-04-25 独立故事集；各平台仍引用同一作品。,https://steinsgate.jp/phenogram/product/
g620,g620-v3,STEINS;GATE 線形拘束のフェノグラム,命运石之门：线形拘束的表征图,STEINS;GATE 線形拘束のフェノグラム,视觉小说,剧情分支／冒险,多视点／世界线／故事集 ADV,岡部倫太郎、牧瀬紅莉栖、椎名まゆり、橋田至,2013,PlayStation Vita,5pb.,5pb.,掌机移植,,2013-11-28；同年掌机版，不另计作品。,https://steinsgate.jp/phenogram/product/
g621,g621-v1,PSYCHO-PASS サイコパス 選択なき幸福,心理测量者：无从选择的幸福,PSYCHO-PASS サイコパス 選択なき幸福,视觉小说,剧情分支／冒险,动画世界衍生／犯罪调查 ADV,誓湯撫子、剱拓真、アルファ,2015,Xbox One,5pb.,5pb.,原版,,2015-05-28 日本 Xbox One 版；5pb. 发行、Nitroplus 脚本制作统筹；官方游戏活动列三位新角色 CV。,https://psycho-pass-game.jp/jp/spec/xboxone.html
g163,g163-v2,沙耶之歌,,沙耶の唄,视觉小说,剧情分支／冒险,心理恐怖／悬疑,匂坂郁纪、沙耶、户尾耕司,2013,Blu-ray 播放设备,あそべる！BD-GAME,あそべる！BD-GAME,Blu-ray 移植,,2013-02-28 Blu-ray 移植；发行方为「あそべる！BD-GAME」，沿用原作故事；角色配音规格未确认。,https://bd-game.product.co.jp/product/product10.html
g163,g163-v3,沙耶之歌,,沙耶の唄,视觉小说,剧情分支／冒险,心理恐怖／悬疑,匂坂郁纪、沙耶、户尾耕司,2014,Android,株式会社エイシス,株式会社エイシス,移动移植,,2014 年 Android 移植，官网列销售为株式会社エイシス；部分演出改变，角色配音规格未确认。,https://www.nitroplus.co.jp/game/saya/
g169,g169-v2,装甲恶鬼村正,,装甲悪鬼村正,视觉小说,剧情分支／冒险,架空历史／暗黑武侠,凑斗景明、村正,2016,Windows,Nitroplus,Nitroplus,Windows 10 对应版,,2016-07-29；适配 Windows 10 的再发行；免费《赎罪篇》为另行公开的独立程序。,https://www.nitroplus.co.jp/game/18-muramasa/windows10.php
g054,g054-v5,命运石之门,,STEINS;GATE,视觉小说,剧情分支／冒险,科学幻想／时间旅行,冈部伦太郎、牧濑红莉栖、椎名真由理、桥田至、阿万音铃羽、漆原琉华、菲莉丝·喵喵、桐生萌郁,2011,PlayStation Portable,角川書店,角川書店,掌机移植,,2011-06-23；日本发行；同一原作，不新增作品。,https://www.kagaku-adv.com/titles/steinsgate/
g054,g054-v6,命运石之门,,STEINS;GATE,视觉小说,剧情分支／冒险,科学幻想／时间旅行,冈部伦太郎、牧濑红莉栖、椎名真由理、桥田至、阿万音铃羽、漆原琉华、菲莉丝·喵喵、桐生萌郁,2011,iOS（iPhone）,5pb.,5pb.,移动移植,,2011-08-25；日本发行；同一原作，不新增作品。,https://www.kagaku-adv.com/titles/steinsgate/
g054,g054-v7,命运石之门,,STEINS;GATE,视觉小说,剧情分支／冒险,科学幻想／时间旅行,冈部伦太郎、牧濑红莉栖、椎名真由理、桥田至、阿万音铃羽、漆原琉华、菲莉丝·喵喵、桐生萌郁,2011,iOS（iPad）,5pb.,5pb.,HD 移动版,,2011-08-25；日本发行；同一原作，不新增作品。,https://www.kagaku-adv.com/titles/steinsgate/
g054,g054-v8,命运石之门,,STEINS;GATE,视觉小说,剧情分支／冒险,科学幻想／时间旅行,冈部伦太郎、牧濑红莉栖、椎名真由理、桥田至、阿万音铃羽、漆原琉华、菲莉丝·喵喵、桐生萌郁,2011,Windows,Nitroplus,Nitroplus,Nitro The Best! 再版,,2011-09-16；日本发行；同一原作，不新增作品。,https://www.kagaku-adv.com/titles/steinsgate/
g054,g054-v9,命运石之门,,STEINS;GATE,视觉小说,剧情分支／冒险,科学幻想／时间旅行,冈部伦太郎、牧濑红莉栖、椎名真由理、桥田至、阿万音铃羽、漆原琉华、菲莉丝·喵喵、桐生萌郁,2012,PlayStation 3,5pb.,5pb.,主机移植,,2012-05-24；日本发行；同一原作，不新增作品。,https://www.kagaku-adv.com/titles/steinsgate/
g054,g054-v10,命运石之门,,STEINS;GATE,视觉小说,剧情分支／冒险,科学幻想／时间旅行,冈部伦太郎、牧濑红莉栖、椎名真由理、桥田至、阿万音铃羽、漆原琉华、菲莉丝·喵喵、桐生萌郁,2012,Xbox 360,5pb.,5pb.,Platinum Collection 再版,,2012-06-16；日本发行；同一原作，不新增作品。,https://www.kagaku-adv.com/titles/steinsgate/
g054,g054-v11,命运石之门,,STEINS;GATE,视觉小说,剧情分支／冒险,科学幻想／时间旅行,冈部伦太郎、牧濑红莉栖、椎名真由理、桥田至、阿万音铃羽、漆原琉华、菲莉丝·喵喵、桐生萌郁,2013,PlayStation Vita,5pb.,5pb.,掌机移植,,2013-03-14；日本发行；同一原作，不新增作品。,https://www.kagaku-adv.com/titles/steinsgate/
g054,g054-v12,命运石之门,,STEINS;GATE,视觉小说,剧情分支／冒险,科学幻想／时间旅行,冈部伦太郎、牧濑红莉栖、椎名真由理、桥田至、阿万音铃羽、漆原琉华、菲莉丝·喵喵、桐生萌郁,2013,Android,5pb.,5pb.,移动移植,,2013-06-26；日本发行；同一原作，不新增作品。,https://www.kagaku-adv.com/titles/steinsgate/
g054,g054-v13,命运石之门,,STEINS;GATE,视觉小说,剧情分支／冒险,科学幻想／时间旅行,冈部伦太郎、牧濑红莉栖、椎名真由理、桥田至、阿万音铃羽、漆原琉华、菲莉丝·喵喵、桐生萌郁,2015,PlayStation 4,5pb.,5pb.,HD 特典版,,2015-12-10；《STEINS;GATE 0》初回特典中的原作 HD 版。,https://www.kagaku-adv.com/titles/steinsgate/
g054,g054-v14,命运石之门,,STEINS;GATE,视觉小说,剧情分支／冒险,科学幻想／时间旅行,冈部伦太郎、牧濑红莉栖、椎名真由理、桥田至、阿万音铃羽、漆原琉华、菲莉丝·喵喵、桐生萌郁,2016,Windows（Steam）,Spike Chunsoft,Spike Chunsoft,Steam 国际版,,Steam 商店显示 2016-09-08；日本系列年表记 09-09，保留时区／显示日期差异。日语配音，含多语言文本。,https://store.steampowered.com/app/412830/STEINSGATE/
g054,g054-v15,命运石之门,,STEINS;GATE,视觉小说,剧情分支／冒险,科学幻想／时间旅行,冈部伦太郎、牧濑红莉栖、椎名真由理、桥田至、阿万音铃羽、漆原琉华、菲莉丝·喵喵、桐生萌郁,2018,PlayStation 4,5pb.,5pb.,ELITE 日本版,,2018-09-20 日本发行；以全动画表现重构原作。,https://www.kagaku-adv.com/titles/steinsgate_elite/
g054,g054-v16,命运石之门,,STEINS;GATE,视觉小说,剧情分支／冒险,科学幻想／时间旅行,冈部伦太郎、牧濑红莉栖、椎名真由理、桥田至、阿万音铃羽、漆原琉华、菲莉丝·喵喵、桐生萌郁,2018,PlayStation Vita,5pb.,5pb.,ELITE 日本版,,2018-09-20 日本发行；以全动画表现重构原作。,https://www.kagaku-adv.com/titles/steinsgate_elite/
g054,g054-v17,命运石之门,,STEINS;GATE,视觉小说,剧情分支／冒险,科学幻想／时间旅行,冈部伦太郎、牧濑红莉栖、椎名真由理、桥田至、阿万音铃羽、漆原琉华、菲莉丝·喵喵、桐生萌郁,2018,Nintendo Switch,5pb.,5pb.,ELITE 日本版,,2018-09-20 日本发行；以全动画表现重构原作。,https://www.kagaku-adv.com/titles/steinsgate_elite/
g054,g054-v18,命运石之门,,STEINS;GATE,视觉小说,剧情分支／冒险,科学幻想／时间旅行,冈部伦太郎、牧濑红莉栖、椎名真由理、桥田至、阿万音铃羽、漆原琉华、菲莉丝·喵喵、桐生萌郁,2019,Windows（Steam）,Spike Chunsoft,Spike Chunsoft,ELITE 国际版,,Steam 商店显示 2019-02-19，日本年表记 02-20；附《线形拘束的表征图》，后者保留独立作品 ID。,https://store.steampowered.com/app/819030/STEINSGATE_ELITE/
g054,g054-v19,命运石之门,,STEINS;GATE,视觉小说,剧情分支／冒险,科学幻想／时间旅行,冈部伦太郎、牧濑红莉栖、椎名真由理、桥田至、阿万音铃羽、漆原琉华、菲莉丝·喵喵、桐生萌郁,2024,Nintendo Switch,MAGES.,MAGES.,ELITE Good Value 再版,,2024-04-11 日本廉价再版；不另计作品。,https://www.kagaku-adv.com/titles/steinsgate_elite/
g054,g054-v20,命运石之门,,STEINS;GATE,视觉小说,剧情分支／冒险,科学幻想／时间旅行,冈部伦太郎、牧濑红莉栖、椎名真由理、桥田至、阿万音铃羽、漆原琉华、菲莉丝·喵喵、桐生萌郁,2026,Nintendo Switch 2,MAGES.,MAGES.,RE:BOOT 日本版,,2026-08-20；重绘画面、重新录制日语配音并追加世界线，沿用原作品 ID。,https://steinsgate.jp/reboot/ja-jp/
g054,g054-v21,命运石之门,,STEINS;GATE,视觉小说,剧情分支／冒险,科学幻想／时间旅行,冈部伦太郎、牧濑红莉栖、椎名真由理、桥田至、阿万音铃羽、漆原琉华、菲莉丝·喵喵、桐生萌郁,2026,Nintendo Switch,MAGES.,MAGES.,RE:BOOT 日本版,,2026-08-20；重绘画面、重新录制日语配音并追加世界线，沿用原作品 ID。,https://steinsgate.jp/reboot/ja-jp/
g054,g054-v22,命运石之门,,STEINS;GATE,视觉小说,剧情分支／冒险,科学幻想／时间旅行,冈部伦太郎、牧濑红莉栖、椎名真由理、桥田至、阿万音铃羽、漆原琉华、菲莉丝·喵喵、桐生萌郁,2026,PlayStation 5,MAGES.,MAGES.,RE:BOOT 日本版,,2026-08-20；重绘画面、重新录制日语配音并追加世界线，沿用原作品 ID。,https://steinsgate.jp/reboot/ja-jp/
g054,g054-v23,命运石之门,,STEINS;GATE,视觉小说,剧情分支／冒险,科学幻想／时间旅行,冈部伦太郎、牧濑红莉栖、椎名真由理、桥田至、阿万音铃羽、漆原琉华、菲莉丝·喵喵、桐生萌郁,2026,PlayStation 4,MAGES.,MAGES.,RE:BOOT 日本版,,2026-08-20；重绘画面、重新录制日语配音并追加世界线，沿用原作品 ID。,https://steinsgate.jp/reboot/ja-jp/
g054,g054-v24,命运石之门,,STEINS;GATE,视觉小说,剧情分支／冒险,科学幻想／时间旅行,冈部伦太郎、牧濑红莉栖、椎名真由理、桥田至、阿万音铃羽、漆原琉华、菲莉丝·喵喵、桐生萌郁,2026,Windows（Steam）,Spike Chunsoft,Spike Chunsoft,RE:BOOT Steam 版,,Steam 商店显示 2026-08-19；日本官网发售日为 08-20。实际商店发行署名为 Spike Chunsoft；文本含简繁中文，日语配音。,https://store.steampowered.com/app/4012810/STEINSGATE_REBOOT/
g600,g600-v3,斬魔大聖デモンベイン,斩魔大圣 Demonbane,斬魔大聖デモンベイン,视觉小说,剧情分支／冒险,魔导书／巨大机器人 ADV,大十字九郎、アル・アジフ、覇道瑠璃、ライカ,2004,PlayStation 2,角川書店,角川書店,機神咆吼 全年龄移植,,2004 年 7 月日本发行；调整年龄规格，新增演出并采用全配音。,https://www.nitroplus.co.jp/game/05-demonbane-houkou/
g600,g600-v4,斬魔大聖デモンベイン,斩魔大圣 Demonbane,斬魔大聖デモンベイン,视觉小说,剧情分支／冒险,魔导书／巨大机器人 ADV,大十字九郎、アル・アジフ、覇道瑠璃、ライカ,2019,Windows,Nitroplus,Nitroplus,機神咆吼 逆移植,,2019-04-26；移植 PS2 全年龄版，保留全配音与主机 CG；不另建作品。,https://www.nitroplus.co.jp/game/05-demonbane-houkou/
g618,g618-v4,CHAOS;HEAD,混沌之脑,CHAOS;HEAD,视觉小说,剧情分支／冒险,妄想／心理悬疑／科学 ADV,西條拓巳、咲畑梨深、蒼井セナ、楠優愛、折原梢、岸本あやせ、西條七海,2010,PlayStation Portable,5pb.,5pb.,NOAH 掌机移植,,2010-06-24；日本移植；沿用原作 ID。,https://www.kagaku-adv.com/titles/chaoshead_noah/
g618,g618-v5,CHAOS;HEAD,混沌之脑,CHAOS;HEAD,视觉小说,剧情分支／冒险,妄想／心理悬疑／科学 ADV,西條拓巳、咲畑梨深、蒼井セナ、楠優愛、折原梢、岸本あやせ、西條七海,2010,iOS（iPhone）,5pb.,5pb.,NOAH 移动移植,,2010-11-18；日本移植；沿用原作 ID。,https://www.kagaku-adv.com/titles/chaoshead_noah/
g618,g618-v6,CHAOS;HEAD,混沌之脑,CHAOS;HEAD,视觉小说,剧情分支／冒险,妄想／心理悬疑／科学 ADV,西條拓巳、咲畑梨深、蒼井セナ、楠優愛、折原梢、岸本あやせ、西條七海,2012,Android,5pb.,5pb.,NOAH 移动移植,,2012-01-24；日本移植；沿用原作 ID。,https://www.kagaku-adv.com/titles/chaoshead_noah/
g618,g618-v7,CHAOS;HEAD,混沌之脑,CHAOS;HEAD,视觉小说,剧情分支／冒险,妄想／心理悬疑／科学 ADV,西條拓巳、咲畑梨深、蒼井セナ、楠優愛、折原梢、岸本あやせ、西條七海,2012,PlayStation 3,5pb.,5pb.,NOAH 主机移植,,2012-11-22；日本移植；沿用原作 ID。,https://www.kagaku-adv.com/titles/chaoshead_noah/
g618,g618-v8,CHAOS;HEAD,混沌之脑,CHAOS;HEAD,视觉小说,剧情分支／冒险,妄想／心理悬疑／科学 ADV,西條拓巳、咲畑梨深、蒼井セナ、楠優愛、折原梢、岸本あやせ、西條七海,2014,PlayStation Vita,5pb.,5pb.,NOAH DUAL 合集版,,2014-08-21；《CHAOS;HEAD DUAL》内收录 NOAH；合集另一游戏不作为本作版本。,https://www.kagaku-adv.com/titles/chaoshead_noah/
g618,g618-v9,CHAOS;HEAD,混沌之脑,CHAOS;HEAD,视觉小说,剧情分支／冒险,妄想／心理悬疑／科学 ADV,西條拓巳、咲畑梨深、蒼井セナ、楠優愛、折原梢、岸本あやせ、西條七海,2022,Nintendo Switch,MAGES.,MAGES.,NOAH 日本版,,2022-02-24；双合集内收录 NOAH，下载版可单独购买。,https://www.kagaku-adv.com/titles/chaoshead_noah/
g618,g618-v10,CHAOS;HEAD,混沌之脑,CHAOS;HEAD,视觉小说,剧情分支／冒险,妄想／心理悬疑／科学 ADV,西條拓巳、咲畑梨深、蒼井セナ、楠優愛、折原梢、岸本あやせ、西條七海,2022,Windows（Steam）,Spike Chunsoft,Spike Chunsoft,NOAH Steam 国际版,,2022-10-07；日语配音、英文和日文文本，发行署名按商店记录。,https://store.steampowered.com/app/1961950/CHAOSHEAD_NOAH/
g619,g619-v3,ROBOTICS;NOTES,机器人笔记,ROBOTICS;NOTES,视觉小说,剧情分支／冒险,机器人社／科学悬疑 ADV,八汐海翔、瀬乃宮あき穂、神代フラウ、日高昴、大徳淳和、愛理,2014,PlayStation Vita,5pb.,5pb.,ELITE 增强版,,2014-06-26；日本增强改编，同一故事；与 DaSH 合集收录不增加本作计数。,https://www.kagaku-adv.com/titles/roboticsnotes_elite/
g619,g619-v4,ROBOTICS;NOTES,机器人笔记,ROBOTICS;NOTES,视觉小说,剧情分支／冒险,机器人社／科学悬疑 ADV,八汐海翔、瀬乃宮あき穂、神代フラウ、日高昴、大徳淳和、愛理,2019,PlayStation 4,5pb.,5pb.,ELITE HD 日本版,,2019-01-31；日本增强改编，同一故事；与 DaSH 合集收录不增加本作计数。,https://www.kagaku-adv.com/titles/roboticsnotes_elite/
g619,g619-v5,ROBOTICS;NOTES,机器人笔记,ROBOTICS;NOTES,视觉小说,剧情分支／冒险,机器人社／科学悬疑 ADV,八汐海翔、瀬乃宮あき穂、神代フラウ、日高昴、大徳淳和、愛理,2019,Nintendo Switch,5pb.,5pb.,ELITE HD 日本版,,2019-01-31；日本增强改编，同一故事；与 DaSH 合集收录不增加本作计数。,https://www.kagaku-adv.com/titles/roboticsnotes_elite/
g619,g619-v6,ROBOTICS;NOTES,机器人笔记,ROBOTICS;NOTES,视觉小说,剧情分支／冒险,机器人社／科学悬疑 ADV,八汐海翔、瀬乃宮あき穂、神代フラウ、日高昴、大徳淳和、愛理,2020,PlayStation 4,Spike Chunsoft,Spike Chunsoft,ELITE 国际版,,北美 2020-10-13、欧洲 10-16；国际双合集内的 ELITE，DaSH 为另一作品。,https://www.spike-chunsoft.com/games/roboticsnotes-double-pack/
g619,g619-v7,ROBOTICS;NOTES,机器人笔记,ROBOTICS;NOTES,视觉小说,剧情分支／冒险,机器人社／科学悬疑 ADV,八汐海翔、瀬乃宮あき穂、神代フラウ、日高昴、大徳淳和、愛理,2020,Nintendo Switch,Spike Chunsoft,Spike Chunsoft,ELITE 国际版,,北美 2020-10-13、欧洲 10-16；国际双合集内的 ELITE，DaSH 为另一作品。,https://www.spike-chunsoft.com/games/roboticsnotes-double-pack/
g619,g619-v8,ROBOTICS;NOTES,机器人笔记,ROBOTICS;NOTES,视觉小说,剧情分支／冒险,机器人社／科学悬疑 ADV,八汐海翔、瀬乃宮あき穂、神代フラウ、日高昴、大徳淳和、愛理,2020,Windows（Steam）,Spike Chunsoft,Spike Chunsoft,ELITE Steam 国际版,,Steam 商店显示 2020-10-13，日本年表记 10-14；日语配音，英文和日文文本。,https://store.steampowered.com/app/1111380/ROBOTICSNOTES_ELITE/
g620,g620-v4,STEINS;GATE 線形拘束のフェノグラム,命运石之门：线形拘束的表征图,STEINS;GATE 線形拘束のフェノグラム,视觉小说,剧情分支／冒险,多视点／世界线／故事集 ADV,岡部倫太郎、牧瀬紅莉栖、椎名まゆり、橋田至,2014,iOS（iPhone／iPad）,5pb.,5pb.,移动移植,,2014-09-25 日本移动版；同一独立故事集。,https://www.kagaku-adv.com/titles/steinsgate_phenogram/
g620,g620-v5,STEINS;GATE 線形拘束のフェノグラム,命运石之门：线形拘束的表征图,STEINS;GATE 線形拘束のフェノグラム,视觉小说,剧情分支／冒险,多视点／世界线／故事集 ADV,岡部倫太郎、牧瀬紅莉栖、椎名まゆり、橋田至,2018,PlayStation 4,5pb.,5pb.,HD 日本特典版,,2018-09-20；PS4／PS Vita《ELITE》初回特典内的 PS4 HD 版，未因此新增 Vita 版本。,https://www.kagaku-adv.com/titles/steinsgate_phenogram/
g620,g620-v6,STEINS;GATE 線形拘束のフェノグラム,命运石之门：线形拘束的表征图,STEINS;GATE 線形拘束のフェノグラム,视觉小说,剧情分支／冒险,多视点／世界线／故事集 ADV,岡部倫太郎、牧瀬紅莉栖、椎名まゆり、橋田至,2019,Nintendo Switch,5pb.,5pb.,Divergencies Assort 合集版,,2019-03-20 日本合集收录；本作沿用 g620，另两作不并入本作版本。,https://www.kagaku-adv.com/titles/steinsgate_phenogram/
g620,g620-v7,STEINS;GATE 線形拘束のフェノグラム,命运石之门：线形拘束的表征图,STEINS;GATE 線形拘束のフェノグラム,视觉小说,剧情分支／冒险,多视点／世界线／故事集 ADV,岡部倫太郎、牧瀬紅莉栖、椎名まゆり、橋田至,2019,PlayStation 4,Spike Chunsoft,Spike Chunsoft,HD 国际特典版,,2019-02-19 国际《ELITE》所附 HD 故事集；沿用独立外传 ID。,https://www.spike-chunsoft.com/games/steinsgate-elite/
g620,g620-v8,STEINS;GATE 線形拘束のフェノグラム,命运石之门：线形拘束的表征图,STEINS;GATE 線形拘束のフェノグラム,视觉小说,剧情分支／冒险,多视点／世界线／故事集 ADV,岡部倫太郎、牧瀬紅莉栖、椎名まゆり、橋田至,2019,Windows（Steam）,Spike Chunsoft,Spike Chunsoft,Steam 国际版,,Steam 商店显示 2019-02-19，日本年表记 02-20；随《ELITE》提供，独立外传 ID 不变。,https://store.steampowered.com/app/930910/
g621,g621-v2,PSYCHO-PASS サイコパス 選択なき幸福,心理测量者：无从选择的幸福,PSYCHO-PASS サイコパス 選択なき幸福,视觉小说,剧情分支／冒险,动画世界衍生／犯罪调查 ADV,誓湯撫子、剱拓真、アルファ,2016,PlayStation 4,5pb.,5pb.,日本主机移植,,2016-03-24 日本版；沿用 Xbox One 首发作品。,https://psycho-pass-game.jp/jp/
g621,g621-v3,PSYCHO-PASS サイコパス 選択なき幸福,心理测量者：无从选择的幸福,PSYCHO-PASS サイコパス 選択なき幸福,视觉小说,剧情分支／冒险,动画世界衍生／犯罪调查 ADV,誓湯撫子、剱拓真、アルファ,2016,PlayStation Vita,5pb.,5pb.,日本主机移植,,2016-03-24 日本版；沿用 Xbox One 首发作品。,https://psycho-pass-game.jp/jp/
g621,g621-v4,PSYCHO-PASS サイコパス 選択なき幸福,心理测量者：无从选择的幸福,PSYCHO-PASS サイコパス 選択なき幸福,视觉小说,剧情分支／冒险,动画世界衍生／犯罪调查 ADV,誓湯撫子、剱拓真、アルファ,2017,Windows（Steam）,"NIS America, Inc.","NIS America, Inc.",Steam 国际版,,2017-04-24；发行 NIS America，日语配音，国际文本版本。,https://store.steampowered.com/app/522880/PSYCHOPASS_Mandatory_Happiness/
g163,g163-v4,沙耶之歌,,沙耶の唄,视觉小说,剧情分支／冒险,心理恐怖／悬疑,匂坂郁纪、沙耶、户尾耕司,2019,Windows（Steam）,JAST,JAST,Steam 国际重制版,,2019-08-12 商店显示日期；新引擎与画面整理，Steam 版调整部分内容，日语配音。,https://store.steampowered.com/app/702050/the_song_of_saya/
g169,g169-v3,装甲恶鬼村正,,装甲悪鬼村正,视觉小说,剧情分支／冒险,架空历史／暗黑武侠,凑斗景明、村正,2021,Windows,JAST USA,JAST USA,英文国际版,,2021-08-25 据发行商资料；英文文本、日语配音，沿用本篇 ID。,https://jast.games/collection/full-metal-daemon-muramasa
g611,g611-v3,ソニコミ,索尼子交流,ソニコミ,Galgame,恋爱模拟,摄影／交流／恋爱模拟,摄影师（玩家）、すーぱーそに子,2016,Windows（Steam）,JAST,JAST,Steam 国际版,,2016-07-01 商店显示日期；英语文本与日语配音，摄影交流原作国际发行。,https://store.steampowered.com/app/444140/Sonicomi/
g614,g614-v4,君と彼女と彼女の恋。,你与她与她之恋。,君と彼女と彼女の恋。,Galgame,恋爱剧情冒险,学园恋爱／选择与玩家关系 ADV,須々木心一、曽根美雪、向日アオイ,2020,Windows（Steam）,JAST,JAST,Steam 国际版,,2020-05-25；英文等多语言文本与原日语配音，沿用原作 ID。,https://store.steampowered.com/app/1293820/
g616,g616-v4,凍京NECRO＜トウキョウ・ネクロ＞,冻京 NECRO,凍京NECRO＜トウキョウ・ネクロ＞,视觉小说,剧情分支／冒险,赛博朋克／活死者猎人 ADV,臥龍岡早雲、エチカ、イリア、義城蜜魅,2023,Windows（Steam）,JAST,JAST,Steam 国际版,,2023-03-13；日语配音，英文与简体中文文本，Nitro Origin 制作、JAST 发行。,https://store.steampowered.com/app/2183070/Tokyo_Necro/
g622,g622-v1,咎狗の血,咎狗之血,咎狗の血,视觉小说,剧情分支／冒险,BL／反乌托邦／分支冒险,アキラ、シキ、ケイスケ、リン、源泉,2005,Windows,Nitro+CHiRAL,Nitroplus,原版,,2005-02-25；Chiral 品牌首作。,https://www.nitrochiral.com/game/togainu.php
g622,g622-v2,咎狗の血,咎狗之血,咎狗の血,视觉小说,剧情分支／冒险,BL／反乌托邦／分支冒险,アキラ、シキ、ケイスケ、リン、源泉,2007,Windows,Nitro+CHiRAL,Nitroplus,Vista 对应版,,2007-04-25；兼容系统更新。,https://www.nitrochiral.com/game/togainu.php
g622,g622-v3,咎狗の血,咎狗之血,咎狗の血,视觉小说,剧情分支／冒险,BL／反乌托邦／分支冒险,アキラ、シキ、ケイスケ、リン、源泉,2012,Windows,Nitro+CHiRAL,Nitroplus,Vista／7 对应版,,2012-01-20；原作兼容再版。,https://www.nitrochiral.com/game/togainu.php
g622,g622-v4,咎狗の血,咎狗之血,咎狗の血,视觉小说,剧情分支／冒险,BL／反乌托邦／分支冒险,アキラ、シキ、ケイスケ、リン、源泉,2016,Windows,Nitro+CHiRAL,Nitroplus,Windows 10 对应版,,2016-09-30；画面扩大为 1280×960，故事沿用原作。,https://www.nitrochiral.com/game/togainu_win10.php
g622,g622-v5,咎狗の血,咎狗之血,咎狗の血,视觉小说,剧情分支／冒险,BL／反乌托邦／分支冒险,アキラ、シキ、ケイスケ、リン、源泉,2008,PlayStation 2,角川書店,角川書店,True Blood,,2008-05-29；全年龄改编与新增内容。,https://www.nitrochiral.com/game/togainu_tb.php
g622,g622-v6,咎狗の血,咎狗之血,咎狗の血,视觉小说,剧情分支／冒险,BL／反乌托邦／分支冒险,アキラ、シキ、ケイスケ、リン、源泉,2010,PSP,角川書店,角川書店,True Blood Portable,,2010-12-23；PS2 改编的移植，另附咎狗扑克。,https://www.nitrochiral.com/game/togainu_tb_psp.php
g622,g622-v7,咎狗の血,咎狗之血,咎狗の血,视觉小说,剧情分支／冒险,BL／反乌托邦／分支冒险,アキラ、シキ、ケイスケ、リン、源泉,2025,Windows（Steam）,NITRO PLUS,Nitroplus,True Blood NITRO ARCHIVE,,日本官网发行日 2025-07-24；Steam 部分地区显示 7-23。True Blood 全高清 PC 移植，发行署名 NITRO PLUS。,https://store.steampowered.com/app/3639520/
g623,g623-v1,Lamento -BEYOND THE VOID-,咏叹调：虚空彼岸,Lamento -BEYOND THE VOID-,视觉小说,剧情分支／冒险,BL／幻想／旅途,コノエ、ライ、アサト、バルド,2006,Windows,Nitro+CHiRAL,Nitroplus,原版,,2006-10-27；初回版。,https://www.nitrochiral.com/game/lamento.php
g623,g623-v2,Lamento -BEYOND THE VOID-,咏叹调：虚空彼岸,Lamento -BEYOND THE VOID-,视觉小说,剧情分支／冒险,BL／幻想／旅途,コノエ、ライ、アサト、バルド,2007,Windows,Nitro+CHiRAL,Nitroplus,通常版,,2007-04-27；通常发行。,https://www.nitrochiral.com/game/lamento.php
g623,g623-v3,Lamento -BEYOND THE VOID-,咏叹调：虚空彼岸,Lamento -BEYOND THE VOID-,视觉小说,剧情分支／冒险,BL／幻想／旅途,コノエ、ライ、アサト、バルド,2016,Windows,Nitro+CHiRAL,Nitroplus,Windows 10 对应版,,2016-09-30；兼容更新，故事沿用原作。,https://www.nitrochiral.com/game/lamento_win10.php
g624,g624-v1,sweet pool,甜蜜泳池,sweet pool,视觉小说,剧情分支／冒险,BL／校园／身体恐怖,崎山蓉司、城沼哲雄、三田睦、翁長善弥,2008,Windows,Nitro+CHiRAL,Nitroplus,原版,,2008-12-19；原版。,https://www.nitrochiral.com/game/sweet_pool.php
g624,g624-v2,sweet pool,甜蜜泳池,sweet pool,视觉小说,剧情分支／冒险,BL／校园／身体恐怖,崎山蓉司、城沼哲雄、三田睦、翁長善弥,2016,Windows,Nitro+CHiRAL,Nitroplus,Windows 10 对应版,,2016-09-30；兼容版。,https://www.nitrochiral.com/game/sweet_pool_win10.php
g624,g624-v3,sweet pool,甜蜜泳池,sweet pool,视觉小说,剧情分支／冒险,BL／校园／身体恐怖,崎山蓉司、城沼哲雄、三田睦、翁長善弥,2018,Windows,Nitro+CHiRAL,Nitroplus,Remaster,,2018-05-25；画面扩大至 1280×960，影片高清化；7-27 推出下载版。,https://www.nitrochiral.com/game/sweet_pool_remaster.php
g624,g624-v4,sweet pool,甜蜜泳池,sweet pool,视觉小说,剧情分支／冒险,BL／校园／身体恐怖,崎山蓉司、城沼哲雄、三田睦、翁長善弥,2018,PlayStation Vita,dramatic create,dramatic create,主机移植,,2018-05-31；主机改编，发行品牌 dramatic create／HuneX。,https://www.nitrochiral.com/game/sweet_pool_vita.php
g625,g625-v1,DRAMAtical Murder,戏剧性谋杀,DRAMAtical Murder,视觉小说,剧情分支／冒险,BL／赛博世界／分支冒险,蒼葉、紅雀、ノイズ、ミンク、クリア,2012,Windows,Nitro+CHiRAL,Nitroplus,原版,,2012-03-23；原版。,https://www.nitrochiral.com/game/dramatical_murder.php
g625,g625-v2,DRAMAtical Murder,戏剧性谋杀,DRAMAtical Murder,视觉小说,剧情分支／冒险,BL／赛博世界／分支冒险,蒼葉、紅雀、ノイズ、ミンク、クリア,2014,PlayStation Vita,デジターボ,デジターボ,re:code,,2014-10-30；全年龄改编，追加水纪相关剧情。,https://www.nitrochiral.com/game/dramatical_murder_recode.php
g625,g625-v3,DRAMAtical Murder,戏剧性谋杀,DRAMAtical Murder,视觉小说,剧情分支／冒险,BL／赛博世界／分支冒险,蒼葉、紅雀、ノイズ、ミンク、クリア,2019,Windows,Nitro+CHiRAL,Nitroplus,普及版,,2019-07-26；原作再发行。,https://www.nitrochiral.com/game/dramatical_murder_popular.php
g625,g625-v4,DRAMAtical Murder,戏剧性谋杀,DRAMAtical Murder,视觉小说,剧情分支／冒险,BL／赛博世界／分支冒险,蒼葉、紅雀、ノイズ、ミンク、クリア,2025,Nintendo Switch,Nitro CHiRAL,Nitroplus,re:code 移植,,2025-12-25；沿用 re:code 的故事。,https://www.nitrochiral.com/game/dramatical_murder_recode_switch.php
g626,g626-v1,DRAMAtical Murder re:connect,戏剧性谋杀：重连,DRAMAtical Murder re:connect,视觉小说,剧情分支／冒险,BL／后日谈／Fan Disc,蒼葉、紅雀、ノイズ、ミンク、クリア,2013,Windows,Nitro+CHiRAL,Nitroplus,原版,,2013-04-26；独立 Fan Disc，内含后日谈、配对小游戏及纪念短篇。,https://www.nitrochiral.com/game/dramatical_murder_reconnect.php
g626,g626-v2,DRAMAtical Murder re:connect,戏剧性谋杀：重连,DRAMAtical Murder re:connect,视觉小说,剧情分支／冒险,BL／后日谈／Fan Disc,蒼葉、紅雀、ノイズ、ミンク、クリア,2021,Windows,Nitro CHiRAL,Nitroplus,普及版,,2021-09-24；普及再版，故事内容沿用原发行。,https://www.nitrochiral.com/game/dramatical_murder_reconnect_popular.php
g627,g627-v1,スロウ・ダメージ,缓慢损伤,スロウ・ダメージ,视觉小说,剧情分支／冒险,BL／都市悬疑／心理对话,トワ、タク、レイ、斑目、藤枝,2021,Windows,Nitro CHiRAL,Nitroplus,原版,,2021-02-25；探索与心理对话部分有配音，不能笼统标作全程配音。,https://www.nitrochiral.com/game/slow-damage.php
g627,g627-v2,スロウ・ダメージ,缓慢损伤,スロウ・ダメージ,视觉小说,剧情分支／冒险,BL／都市悬疑／心理对话,トワ、タク、レイ、斑目、藤枝,2023,Windows,Nitro CHiRAL,Nitroplus,普及版,,2023-04-28；Windows 10／11 对应再发行。,https://www.nitrochiral.com/game/slow-damage_popular.php
g628,g628-v1,スロウ・ダメージ Clean dishes,缓慢损伤：清扫者,スロウ・ダメージ Clean dishes,视觉小说,剧情分支／冒险,BL／外传／都市冒险,バク、シロ、キミカ、ルウ,2021,浏览器,Nitro CHiRAL,Nitroplus,原版,,2021-04-27；浏览器外传，后续六篇 epilogue 归入同一作品。,https://www.nitrochiral.com/news/2021/2896.php
g629,g629-v1,戒厳聖都,戒严圣都,戒厳聖都,视觉小说,剧情分支／冒险,幻想／RPG 风格小说,石馬戒厳,2006,Windows,Nitroplus,Nitroplus,サバト鍋 收录,无角色配音,2006-02-03；官方定为 RPG 风格小说，约六小时内容。,https://www.nitroplus.co.jp/game/10-sabatonabe/kaigen.php
g630,g630-v1,ちみキャラさいこぱす,迷你角色心理测量者,ちみキャラさいこぱす,视觉小说,剧情分支／冒险,动画衍生／迷你角色 ADV,常守朱、狡噛慎也、公安局刑事課,2012,Windows,東宝,東宝,Blu-ray 附赠 ADV,,2012-12-21；动画卷一开始附送游戏，后续分卷章节沿用此作品。,https://www.toho-a-park.com/dvd/item/html/TBR/TBR22421D.html
g631,g631-v1,STEINS;GATE 変移空間のオクテット,命运石之门：变移空间的八重奏,STEINS;GATE 変移空間のオクテット,文字冒险,图文指令,科幻／复古指令冒险,岡部倫太郎、牧瀬紅莉栖、西條拓巳,2011,Windows,GigasDrop.,GigasDrop.,原版,无角色配音,2011-10-28；MAGES. 的 PC 品牌 GigasDrop. 发行，键盘输入指令推进。,https://www.nitroplus.co.jp/news/2011/2613.php
g632,g632-v1,CHAOS;HEAD らぶChu☆Chu!,混沌之脑：恋爱亲亲！,CHAOS;HEAD らぶChu☆Chu!,视觉小说,剧情分支／冒险,科学 ADV／分支剧情,西條拓巳、咲畑梨深、星来オルジェル,2010,Xbox 360,5pb.,5pb.,原版,,2010-03-25；官方科学 ADV 产品表所列平台发行。,https://www.kagaku-adv.com/titles/chaoshead_lovechuchu/
g632,g632-v2,CHAOS;HEAD らぶChu☆Chu!,混沌之脑：恋爱亲亲！,CHAOS;HEAD らぶChu☆Chu!,视觉小说,剧情分支／冒险,科学 ADV／分支剧情,西條拓巳、咲畑梨深、星来オルジェル,2011,PSP,5pb.,5pb.,移植／再发行,,2011-01-27；官方科学 ADV 产品表所列平台发行。,https://www.kagaku-adv.com/titles/chaoshead_lovechuchu/
g632,g632-v3,CHAOS;HEAD らぶChu☆Chu!,混沌之脑：恋爱亲亲！,CHAOS;HEAD らぶChu☆Chu!,视觉小说,剧情分支／冒险,科学 ADV／分支剧情,西條拓巳、咲畑梨深、星来オルジェル,2012,PlayStation 3,5pb.,5pb.,移植／再发行,,2012-11-22；官方科学 ADV 产品表所列平台发行。,https://www.kagaku-adv.com/titles/chaoshead_lovechuchu/
g632,g632-v4,CHAOS;HEAD らぶChu☆Chu!,混沌之脑：恋爱亲亲！,CHAOS;HEAD らぶChu☆Chu!,视觉小说,剧情分支／冒险,科学 ADV／分支剧情,西條拓巳、咲畑梨深、星来オルジェル,2014,PlayStation Vita,5pb.,5pb.,移植／再发行,,2014-08-21；DUAL 合集；官方科学 ADV 产品表所列平台发行。,https://www.kagaku-adv.com/titles/chaoshead_lovechuchu/
g632,g632-v5,CHAOS;HEAD らぶChu☆Chu!,混沌之脑：恋爱亲亲！,CHAOS;HEAD らぶChu☆Chu!,视觉小说,剧情分支／冒险,科学 ADV／分支剧情,西條拓巳、咲畑梨深、星来オルジェル,2025,Nintendo Switch,MAGES.,MAGES.,移植／再发行,,2025-11-27；DOUBLE PACK；官方科学 ADV 产品表所列平台发行。,https://www.kagaku-adv.com/titles/chaoshead_lovechuchu/
g633,g633-v1,STEINS;GATE 比翼恋理のだーりん,命运石之门：比翼恋理的爱人,STEINS;GATE 比翼恋理のだーりん,视觉小说,剧情分支／冒险,科学 ADV／分支剧情,岡部倫太郎、牧瀬紅莉栖、椎名まゆり、阿万音鈴羽,2011,Xbox 360,5pb.,5pb.,原版,,2011-06-16；官方科学 ADV 产品表所列平台发行。,https://www.kagaku-adv.com/titles/steinsgate_darling/
g633,g633-v2,STEINS;GATE 比翼恋理のだーりん,命运石之门：比翼恋理的爱人,STEINS;GATE 比翼恋理のだーりん,视觉小说,剧情分支／冒险,科学 ADV／分支剧情,岡部倫太郎、牧瀬紅莉栖、椎名まゆり、阿万音鈴羽,2012,PSP,5pb.,5pb.,移植／再发行,,2012-04-26；官方科学 ADV 产品表所列平台发行。,https://www.kagaku-adv.com/titles/steinsgate_darling/
g633,g633-v3,STEINS;GATE 比翼恋理のだーりん,命运石之门：比翼恋理的爱人,STEINS;GATE 比翼恋理のだーりん,视觉小说,剧情分支／冒险,科学 ADV／分支剧情,岡部倫太郎、牧瀬紅莉栖、椎名まゆり、阿万音鈴羽,2012,PlayStation 3,5pb.,5pb.,移植／再发行,,2012-05-24；官方科学 ADV 产品表所列平台发行。,https://www.kagaku-adv.com/titles/steinsgate_darling/
g633,g633-v4,STEINS;GATE 比翼恋理のだーりん,命运石之门：比翼恋理的爱人,STEINS;GATE 比翼恋理のだーりん,视觉小说,剧情分支／冒险,科学 ADV／分支剧情,岡部倫太郎、牧瀬紅莉栖、椎名まゆり、阿万音鈴羽,2013,PlayStation Vita,5pb.,5pb.,移植／再发行,,2013-03-14；官方科学 ADV 产品表所列平台发行。,https://www.kagaku-adv.com/titles/steinsgate_darling/
g633,g633-v5,STEINS;GATE 比翼恋理のだーりん,命运石之门：比翼恋理的爱人,STEINS;GATE 比翼恋理のだーりん,视觉小说,剧情分支／冒险,科学 ADV／分支剧情,岡部倫太郎、牧瀬紅莉栖、椎名まゆり、阿万音鈴羽,2013,iOS,5pb.,5pb.,移植／再发行,,2013-10-03；官方科学 ADV 产品表所列平台发行。,https://www.kagaku-adv.com/titles/steinsgate_darling/
g633,g633-v6,STEINS;GATE 比翼恋理のだーりん,命运石之门：比翼恋理的爱人,STEINS;GATE 比翼恋理のだーりん,视觉小说,剧情分支／冒险,科学 ADV／分支剧情,岡部倫太郎、牧瀬紅莉栖、椎名まゆり、阿万音鈴羽,2019,Nintendo Switch,5pb.,5pb.,移植／再发行,,2019-03-20；Divergencies Assort；官方科学 ADV 产品表所列平台发行。,https://www.kagaku-adv.com/titles/steinsgate_darling/
g634,g634-v1,STEINS;GATE 0,命运石之门 0,STEINS;GATE 0,视觉小说,剧情分支／冒险,科学 ADV／分支剧情,岡部倫太郎、比屋定真帆、椎名かがり、牧瀬紅莉栖,2015,PlayStation 4,5pb.,5pb.,原版,,2015-12-10；官方科学 ADV 产品表所列平台发行。,https://www.kagaku-adv.com/titles/steinsgate_zero/
g634,g634-v2,STEINS;GATE 0,命运石之门 0,STEINS;GATE 0,视觉小说,剧情分支／冒险,科学 ADV／分支剧情,岡部倫太郎、比屋定真帆、椎名かがり、牧瀬紅莉栖,2015,PlayStation 3,5pb.,5pb.,原版,,2015-12-10；官方科学 ADV 产品表所列平台发行。,https://www.kagaku-adv.com/titles/steinsgate_zero/
g634,g634-v3,STEINS;GATE 0,命运石之门 0,STEINS;GATE 0,视觉小说,剧情分支／冒险,科学 ADV／分支剧情,岡部倫太郎、比屋定真帆、椎名かがり、牧瀬紅莉栖,2015,PlayStation Vita,5pb.,5pb.,原版,,2015-12-10；官方科学 ADV 产品表所列平台发行。,https://www.kagaku-adv.com/titles/steinsgate_zero/
g634,g634-v4,STEINS;GATE 0,命运石之门 0,STEINS;GATE 0,视觉小说,剧情分支／冒险,科学 ADV／分支剧情,岡部倫太郎、比屋定真帆、椎名かがり、牧瀬紅莉栖,2016,Windows,5pb.,5pb.,移植／再发行,,2016-08-26；官方科学 ADV 产品表所列平台发行。,https://www.kagaku-adv.com/titles/steinsgate_zero/
g634,g634-v5,STEINS;GATE 0,命运石之门 0,STEINS;GATE 0,视觉小说,剧情分支／冒险,科学 ADV／分支剧情,岡部倫太郎、比屋定真帆、椎名かがり、牧瀬紅莉栖,2017,Xbox One,5pb.,5pb.,移植／再发行,,2017-02-22；官方科学 ADV 产品表所列平台发行。,https://www.kagaku-adv.com/titles/steinsgate_zero/
g634,g634-v6,STEINS;GATE 0,命运石之门 0,STEINS;GATE 0,视觉小说,剧情分支／冒险,科学 ADV／分支剧情,岡部倫太郎、比屋定真帆、椎名かがり、牧瀬紅莉栖,2018,Windows（Steam）,Spike Chunsoft,Spike Chunsoft,移植／再发行,,2018-05-09；官方科学 ADV 产品表所列平台发行。,https://www.kagaku-adv.com/titles/steinsgate_zero/
g634,g634-v7,STEINS;GATE 0,命运石之门 0,STEINS;GATE 0,视觉小说,剧情分支／冒险,科学 ADV／分支剧情,岡部倫太郎、比屋定真帆、椎名かがり、牧瀬紅莉栖,2019,Nintendo Switch,5pb.,5pb.,移植／再发行,,2019-03-20；官方科学 ADV 产品表所列平台发行。,https://www.kagaku-adv.com/titles/steinsgate_zero/
g635,g635-v1,ROBOTICS;NOTES DaSH,机器人笔记 DaSH,ROBOTICS;NOTES DaSH,视觉小说,剧情分支／冒险,科学 ADV／分支剧情,八汐海翔、瀬乃宮あき穂、橋田至,2019,PlayStation 4,5pb.,5pb.,原版,,2019-01-31；官方科学 ADV 产品表所列平台发行。,https://www.kagaku-adv.com/titles/roboticsnotes_dash/
g635,g635-v2,ROBOTICS;NOTES DaSH,机器人笔记 DaSH,ROBOTICS;NOTES DaSH,视觉小说,剧情分支／冒险,科学 ADV／分支剧情,八汐海翔、瀬乃宮あき穂、橋田至,2019,Nintendo Switch,5pb.,5pb.,原版,,2019-01-31；官方科学 ADV 产品表所列平台发行。,https://www.kagaku-adv.com/titles/roboticsnotes_dash/
g635,g635-v3,ROBOTICS;NOTES DaSH,机器人笔记 DaSH,ROBOTICS;NOTES DaSH,视觉小说,剧情分支／冒险,科学 ADV／分支剧情,八汐海翔、瀬乃宮あき穂、橋田至,2020,Windows（Steam）,Spike Chunsoft,Spike Chunsoft,移植／再发行,,2020-10-14；官方科学 ADV 产品表所列平台发行。,https://www.kagaku-adv.com/titles/roboticsnotes_dash/
g636,g636-v1,CHAOS;CHILD,混沌之子,CHAOS;CHILD,视觉小说,剧情分支／冒险,科学 ADV／分支剧情,宮代拓留、尾上世莉架、来栖乃々、有村雛絵,2014,Xbox One,5pb.,5pb.,原版,,2014-12-18；官方科学 ADV 产品表所列平台发行。,https://www.kagaku-adv.com/titles/chaoschild/
g636,g636-v2,CHAOS;CHILD,混沌之子,CHAOS;CHILD,视觉小说,剧情分支／冒险,科学 ADV／分支剧情,宮代拓留、尾上世莉架、来栖乃々、有村雛絵,2015,PlayStation 4,5pb.,5pb.,移植／再发行,,2015-06-25；官方科学 ADV 产品表所列平台发行。,https://www.kagaku-adv.com/titles/chaoschild/
g636,g636-v3,CHAOS;CHILD,混沌之子,CHAOS;CHILD,视觉小说,剧情分支／冒险,科学 ADV／分支剧情,宮代拓留、尾上世莉架、来栖乃々、有村雛絵,2015,PlayStation 3,5pb.,5pb.,移植／再发行,,2015-06-25；官方科学 ADV 产品表所列平台发行。,https://www.kagaku-adv.com/titles/chaoschild/
g636,g636-v4,CHAOS;CHILD,混沌之子,CHAOS;CHILD,视觉小说,剧情分支／冒险,科学 ADV／分支剧情,宮代拓留、尾上世莉架、来栖乃々、有村雛絵,2015,PlayStation Vita,5pb.,5pb.,移植／再发行,,2015-06-25；官方科学 ADV 产品表所列平台发行。,https://www.kagaku-adv.com/titles/chaoschild/
g636,g636-v5,CHAOS;CHILD,混沌之子,CHAOS;CHILD,视觉小说,剧情分支／冒险,科学 ADV／分支剧情,宮代拓留、尾上世莉架、来栖乃々、有村雛絵,2016,Windows,5pb.,5pb.,移植／再发行,,2016-04-28；官方科学 ADV 产品表所列平台发行。,https://www.kagaku-adv.com/titles/chaoschild/
g636,g636-v6,CHAOS;CHILD,混沌之子,CHAOS;CHILD,视觉小说,剧情分支／冒险,科学 ADV／分支剧情,宮代拓留、尾上世莉架、来栖乃々、有村雛絵,2017,iOS,5pb.,5pb.,移植／再发行,,2017-02-01；官方科学 ADV 产品表所列平台发行。,https://www.kagaku-adv.com/titles/chaoschild/
g636,g636-v7,CHAOS;CHILD,混沌之子,CHAOS;CHILD,视觉小说,剧情分支／冒险,科学 ADV／分支剧情,宮代拓留、尾上世莉架、来栖乃々、有村雛絵,2017,Android,5pb.,5pb.,移植／再发行,,2017-05-28；官方科学 ADV 产品表所列平台发行。,https://www.kagaku-adv.com/titles/chaoschild/
g636,g636-v8,CHAOS;CHILD,混沌之子,CHAOS;CHILD,视觉小说,剧情分支／冒险,科学 ADV／分支剧情,宮代拓留、尾上世莉架、来栖乃々、有村雛絵,2019,Windows（Steam）,Spike Chunsoft,Spike Chunsoft,移植／再发行,,2019-01-23；官方科学 ADV 产品表所列平台发行。,https://www.kagaku-adv.com/titles/chaoschild/
g636,g636-v9,CHAOS;CHILD,混沌之子,CHAOS;CHILD,视觉小说,剧情分支／冒险,科学 ADV／分支剧情,宮代拓留、尾上世莉架、来栖乃々、有村雛絵,2022,Nintendo Switch,MAGES.,MAGES.,移植／再发行,,2022-02-24；DOUBLE PACK；官方科学 ADV 产品表所列平台发行。,https://www.kagaku-adv.com/titles/chaoschild/
g637,g637-v1,CHAOS;CHILD らぶchu☆chu!!,混沌之子：恋爱亲亲！！,CHAOS;CHILD らぶchu☆chu!!,视觉小说,剧情分支／冒险,科学 ADV／分支剧情,宮代拓留、尾上世莉架、来栖乃々、有村雛絵,2017,PlayStation 4,5pb.,5pb.,原版,,2017-03-30；官方科学 ADV 产品表所列平台发行。,https://www.kagaku-adv.com/titles/chaoschild_lovechuchu/
g637,g637-v2,CHAOS;CHILD らぶchu☆chu!!,混沌之子：恋爱亲亲！！,CHAOS;CHILD らぶchu☆chu!!,视觉小说,剧情分支／冒险,科学 ADV／分支剧情,宮代拓留、尾上世莉架、来栖乃々、有村雛絵,2017,PlayStation Vita,5pb.,5pb.,原版,,2017-03-30；官方科学 ADV 产品表所列平台发行。,https://www.kagaku-adv.com/titles/chaoschild_lovechuchu/
g622,g622-v8,咎狗の血,咎狗之血,咎狗の血,视觉小说,剧情分支／冒险,BL／反乌托邦／分支冒险,アキラ、シキ、ケイスケ、リン、源泉,2020,Windows（Steam）,JAST,JAST,国际版,,2020-02-25；JAST 发行；日语角色配音，国际语言版本，沿用原作身份。,https://store.steampowered.com/app/1174400/
g624,g624-v5,sweet pool,甜蜜泳池,sweet pool,视觉小说,剧情分支／冒险,BL／校园／身体恐怖,崎山蓉司、城沼哲雄、三田睦、翁長善弥,2018,Windows（Steam）,JAST,JAST,国际版,,2018-12-19；JAST 发行；日语角色配音，国际语言版本，沿用原作身份。,https://store.steampowered.com/app/852910/
g625,g625-v5,DRAMAtical Murder,戏剧性谋杀,DRAMAtical Murder,视觉小说,剧情分支／冒险,BL／赛博世界／分支冒险,蒼葉、紅雀、ノイズ、ミンク、クリア,2021,Windows（Steam）,JAST,JAST,国际版,,2021-04-06；JAST 发行；日语角色配音，国际语言版本，沿用原作身份。,https://store.steampowered.com/app/1481080/
g638,g638-v1,ちびママ,小小妈妈,ちびママ,Galgame,恋爱剧情冒险,家庭喜剧／恋爱冒险,榊原ユキエ、奈波奈々、溝呂木雅人,2004,Windows,CoreMoreco,CoreMoreco,原版,,2004-12-10；日本原版，发行日及配音演员据历史职员表资料。,https://w.atwiki.jp/ercr/pages/4789.html
g639,g639-v1,シャマナシャマナ ～月とこころと太陽の魔法～,莎玛娜莎玛娜：月与心与太阳的魔法,シャマナシャマナ ～月とこころと太陽の魔法～,Galgame,恋爱剧情冒险,幻想／恋爱冒险,ミルディン・グリフィズ、リース・グリフィズ、エーファ、ラビ・ロス,2004,Windows,キャラメルBOX,キャラメルBOX,原版,,2004-05-28；日本原版，发行日及配音演员据历史职员表资料。,https://w.atwiki.jp/ercr/pages/1257.html
g640,g640-v1,処女はお姉さまに恋してる,少女爱上姐姐,処女はお姉さまに恋してる,Galgame,恋爱剧情冒险,校园／身份隐瞒／恋爱冒险,宮小路瑞穂、十条紫苑、御門まりや、厳島貴子,2005,Windows,キャラメルBOX,キャラメルBOX,原版,,2005-01-28；日本原版，发行日及配音演员据历史职员表资料。,https://w.atwiki.jp/ercr/pages/1258.html
g641,g641-v1,エーデルワイス,雪绒花,エーデルワイス,Galgame,恋爱剧情冒险,叙事／青春／冒险,Kazushi Haruma、Haruka Aozora、Mizuki Hinata、Ran Kamoike,2006,Windows,OVERDRIVE,OVERDRIVE,原版,,2006-12-15 日本 PC 原版；日期据历史职员记录。,https://w.atwiki.jp/ercr/pages/3496.html
g641,g641-v2,エーデルワイス,雪绒花,エーデルワイス,Galgame,恋爱剧情冒险,叙事／青春／冒险,Kazushi Haruma、Haruka Aozora、Mizuki Hinata、Ran Kamoike,2008,Windows,MangaGamer,MangaGamer,英文版,,2008-09-20；英文文本，产品页注明完整配音。,https://www.mangagamer.com/detail.php?product_code=38
g642,g642-v1,キラ☆キラ,煌煌舞台,キラ☆キラ,Galgame,恋爱剧情冒险,叙事／恋爱／音乐,Shikanosuke Maejima、Kirari Shiino、Sarina Kashiwara、Chie Isurugi,2007,Windows,OVERDRIVE,OVERDRIVE,原版,,2007-11-22 日本原版；日期据历史作品目录。,https://bangumi.tv/person/7386/works/game?sort=date
g642,g642-v2,キラ☆キラ,煌煌舞台,キラ☆キラ,Galgame,恋爱剧情冒险,叙事／恋爱／音乐,Shikanosuke Maejima、Kirari Shiino、Sarina Kashiwara、Chie Isurugi,2009,Windows,MangaGamer,MangaGamer,英文版,,2009-06-25 英文 Windows 版；完整配音。,https://www.mangagamer.com/detail.php?product_code=21
g642,g642-v3,キラ☆キラ,煌煌舞台,キラ☆キラ,Galgame,恋爱剧情冒险,叙事／恋爱／音乐,Shikanosuke Maejima、Kirari Shiino、Sarina Kashiwara、Chie Isurugi,2009,PlayStation 2,プリンセスソフト,プリンセスソフト,Rock’n’Roll Show 主机移植,,2009-02-26；主机移植独立记录，不另计作品。,https://dengekionline.com/elem/000/000/139/139428/
g642,g642-v4,キラ☆キラ,煌煌舞台,キラ☆キラ,Galgame,恋爱剧情冒险,叙事／恋爱／音乐,Shikanosuke Maejima、Kirari Shiino、Sarina Kashiwara、Chie Isurugi,2010,Windows,MangaGamer,MangaGamer,英文全年龄版,,2010-01-31；全年龄内容调整，保留配音。,https://www.mangagamer.com/detail.php?product_code=37
g643,g643-v1,キラ☆キラ カーテンコール,煌煌舞台：谢幕,キラ☆キラ カーテンコール,Galgame,恋爱剧情冒险,叙事／恋爱／音乐,Souta Honda、Miru Furukawa、Aki、Murakami,2008,Windows,OVERDRIVE,OVERDRIVE,原版 Fan Disc,,2008-08-14 先行发行记录；同年通常流通不重复计版本，日期据历史目录。,https://bangumi.tv/person/7386/works/game?sort=date
g643,g643-v2,キラ☆キラ カーテンコール,煌煌舞台：谢幕,キラ☆キラ カーテンコール,Galgame,恋爱剧情冒险,叙事／恋爱／音乐,Souta Honda、Miru Furukawa、Aki、Murakami,2010,Windows,MangaGamer,MangaGamer,英文版,,2010-04-30；独立英文 Fan Disc，完整配音。,https://www.mangagamer.com/detail.php?product_code=28
g644,g644-v1,エーデルワイス 詠伝ファンタジア,雪绒花：咏传幻想曲,エーデルワイス 詠伝ファンタジア,Galgame,恋爱剧情冒险,叙事／青春／冒险,Rin Fujisaki、Sakura Takase,2008,Windows,OVERDRIVE,OVERDRIVE,原版 Fan Disc,,日本通常版 2008-08-29；历史职员记录。,https://w.atwiki.jp/ercr/pages/3490.html
g644,g644-v2,エーデルワイス 詠伝ファンタジア,雪绒花：咏传幻想曲,エーデルワイス 詠伝ファンタジア,Galgame,恋爱剧情冒险,叙事／青春／冒险,Rin Fujisaki、Sakura Takase,2010,Windows,MangaGamer,MangaGamer,英文版,,2010-03-20；英文独立发行，完整配音。,https://www.mangagamer.com/detail.php?product_code=9
g645,g645-v1,DEARDROPS,梦幻旋律,DEARDROPS,Galgame,恋爱剧情冒险,叙事／恋爱／音乐,Suganuma Shoichi、Kaguya Riho、Ohba Yayoi、Tamano Rimu、Gonda Eiji,2010,Windows,OVERDRIVE,OVERDRIVE,原版,,2010-06-18；官方十周年纪念页确认周年日期。,https://over-drive.jp/DEARDROPS_10th
g645,g645-v2,DEARDROPS,梦幻旋律,DEARDROPS,Galgame,恋爱剧情冒险,叙事／恋爱／音乐,Suganuma Shoichi、Kaguya Riho、Ohba Yayoi、Tamano Rimu、Gonda Eiji,2011,PSP,CyberFront,CyberFront,DISTORTION 主机移植,,2011-03-10；延期后的 PSP 发售日。,https://www.4gamer.net/games/122/G012228/20110106057/
g645,g645-v3,DEARDROPS,梦幻旋律,DEARDROPS,Galgame,恋爱剧情冒险,叙事／恋爱／音乐,Suganuma Shoichi、Kaguya Riho、Ohba Yayoi、Tamano Rimu、Gonda Eiji,2012,Windows,MangaGamer,MangaGamer,英文版,,2012 年 3 月；官方英文上市公告发表于 3 月 1 日，部分产品记录记 3 月 2 日，不合并为两个版本。,https://mangagamer.wordpress.com/2012/03/01/deardrops/
g646,g646-v1,電激ストライカー,电激冲锋卫士,電激ストライカー,Galgame,恋爱剧情冒险,叙事／青春／冒险,Yuuki Yamato、Haruna、Memory Collector、Lieutenant Colonel Clie,2011,Windows,OVERDRIVE,OVERDRIVE,原版,,2011-06-24 日本原版；历史目录日期。,https://bangumi.tv/person/7386/works/game?sort=date
g646,g646-v2,電激ストライカー,电激冲锋卫士,電激ストライカー,Galgame,恋爱剧情冒险,叙事／青春／冒险,Yuuki Yamato、Haruna、Memory Collector、Lieutenant Colonel Clie,2012,Windows,OVERDRIVE,OVERDRIVE,超電激ストライカー 增强版,,2012-07-27；增加篇章与演出，原作及增强版共用作品记录。,https://bangumi.tv/person/7386/works/game?sort=date
g646,g646-v3,電激ストライカー,电激冲锋卫士,電激ストライカー,Galgame,恋爱剧情冒险,叙事／青春／冒险,Yuuki Yamato、Haruna、Memory Collector、Lieutenant Colonel Clie,2014,Windows,MangaGamer,MangaGamer,Cho 英文增强版,,2014-03-28；英文文本、完整配音，包含三个追加篇章。,https://www.mangagamer.com/detail.php?product_code=111
g646,g646-v4,電激ストライカー,电激冲锋卫士,電激ストライカー,Galgame,恋爱剧情冒险,叙事／青春／冒险,Yuuki Yamato、Haruna、Memory Collector、Lieutenant Colonel Clie,2014,Windows,MangaGamer,MangaGamer,Cho Steam 全年龄版,,2014-09-19；全年龄 Steam 发行。,https://store.steampowered.com/app/321190/
g647,g647-v1,Go! Go! Nippon! ~My First Trip to Japan~,走！走！去日本！～我的首次日本之旅～,Go! Go! Nippon! ~My First Trip to Japan~,视觉小说,剧情分支／冒险,叙事／青春／冒险,Misaki Akira、Misaki Makoto、来日旅行的主人公,2011,Windows,MangaGamer,MangaGamer,原版,,2011-09-30 原作发行；本记录不将该日期误作 Steam 上架日。,https://store.steampowered.com/app/251870/
g647,g647-v2,Go! Go! Nippon! ~My First Trip to Japan~,走！走！去日本！～我的首次日本之旅～,Go! Go! Nippon! ~My First Trip to Japan~,视觉小说,剧情分支／冒险,叙事／青春／冒险,Misaki Akira、Misaki Makoto、来日旅行的主人公,2015,Windows,MangaGamer,MangaGamer,2015 扩充 DLC,,2015-10-16；扩充旅行内容，加入宽屏及 E-mote 演出。,https://store.steampowered.com/app/397030/
g647,g647-v3,Go! Go! Nippon! ~My First Trip to Japan~,走！走！去日本！～我的首次日本之旅～,Go! Go! Nippon! ~My First Trip to Japan~,视觉小说,剧情分支／冒险,叙事／青春／冒险,Misaki Akira、Misaki Makoto、来日旅行的主人公,2016,Windows,MangaGamer,MangaGamer,2016 扩充／独立整合版,无角色配音,2016-11-11；新增景点与恋爱剧情。Steam 为依赖本体的 DLC，MangaGamer 另售可独立运行的整合包；后者明确无角色配音。,https://www.mangagamer.com/detail.php?goods_type=1&product_code=197
g648,g648-v1,d2b VS DEARDROPS -Cross the Future-,第二文艺部 VS 梦幻旋律：跨越未来,d2b VS DEARDROPS -Cross the Future-,视觉小说,剧情分支／冒险,叙事／恋爱／音乐,Kirari Shiino、Riho Kaguya、Shoichi Suganuma、Shikanosuke Maejima,2011,Windows,OVERDRIVE,OVERDRIVE,原版 Fan Disc,,2011-09-30 下载先行；10 月 8 日活动实体先行，11 月 25 日通常版。,https://dengekionline.com/elem/000/000/412/412964/
g648,g648-v2,d2b VS DEARDROPS -Cross the Future-,第二文艺部 VS 梦幻旋律：跨越未来,d2b VS DEARDROPS -Cross the Future-,视觉小说,剧情分支／冒险,叙事／恋爱／音乐,Kirari Shiino、Riho Kaguya、Shoichi Suganuma、Shikanosuke Maejima,2014,Windows,MangaGamer,MangaGamer,英文版,,2014-09-26；全年龄、完整配音。,https://www.mangagamer.com/detail.php?product_code=87I
g649,g649-v1,僕が天使になった理由 LOVE SONG OF THE ANGELS.,我成为天使的理由,僕が天使になった理由 LOVE SONG OF THE ANGELS.,Galgame,恋爱剧情冒险,叙事／青春／冒险,Tomoe Kirinokojima、Aine、Naruko Nakizaki、Yuri Hisaka、Minamo Wakamatsu,2013,Windows,OVERDRIVE,OVERDRIVE,原版,,2013-02-28；日本原版及配音演员据历史职员表。,https://w.atwiki.jp/ercr/pages/3482.html
g649,g649-v2,僕が天使になった理由 LOVE SONG OF THE ANGELS.,我成为天使的理由,僕が天使になった理由 LOVE SONG OF THE ANGELS.,Galgame,恋爱剧情冒险,叙事／青春／冒险,Tomoe Kirinokojima、Aine、Naruko Nakizaki、Yuri Hisaka、Minamo Wakamatsu,2019,Windows,MangaGamer / Sunflower Ocean,MangaGamer、Sunflower Ocean,Steam 国际版,,2019-12-19；按商店联合发行署名归档。,https://store.steampowered.com/app/668360/
g649,g649-v3,僕が天使になった理由 LOVE SONG OF THE ANGELS.,我成为天使的理由,僕が天使になった理由 LOVE SONG OF THE ANGELS.,Galgame,恋爱剧情冒险,叙事／青春／冒险,Tomoe Kirinokojima、Aine、Naruko Nakizaki、Yuri Hisaka、Minamo Wakamatsu,2021,Windows,MangaGamer,MangaGamer,英文限定实体版,,2021-11-19；产品页注明除主人公外有角色配音。,https://www.mangagamer.com/detail.php?product_code=300
g650,g650-v1,グリーングリーン,钟之音学园,グリーングリーン,Galgame,恋爱剧情冒险,叙事／青春／冒险,千歳みどり、朽木双葉、朽木若葉、飯野千種,2001,Windows,GROOVER,GROOVER,原版,,2001-10-05；原作品牌与首发年份采用历史作品记录。,https://bangumi.tv/person/7386/works/game?sort=date
g650,g650-v2,グリーングリーン,钟之音学园,グリーングリーン,Galgame,恋爱剧情冒险,叙事／青春／冒险,千歳みどり、朽木双葉、朽木若葉、飯野千種,2013,Windows,OVERDRIVE,OVERDRIVE,OVERDRIVE EDITION 重制版,,2013-10-25；历史职员表列原作 GROOVER、发行 OVERDRIVE，保留作品沿革。,https://w.atwiki.jp/ercr/pages/3483.html
g651,g651-v1,MUSICUS!,音乐人！,MUSICUS!,Galgame,恋爱剧情冒险,叙事／恋爱／音乐,対馬馨、花井三日月、香坂めぐる、尾崎弥子、花井是清,2019,Windows,OVERDRIVE,OVERDRIVE,日本原版,,2019-12-20；首发日期据历史目录，现存官网确认最终作品项目。,https://bangumi.tv/person/7386/works/game?sort=date
g651,g651-v2,MUSICUS!,音乐人！,MUSICUS!,Galgame,恋爱剧情冒险,叙事／恋爱／音乐,対馬馨、花井三日月、香坂めぐる、尾崎弥子、花井是清,2021,Windows,MangaGamer,MangaGamer,英文版,,2021-04-08；除主人公外有角色配音。,https://www.mangagamer.com/detail.php?product_code=1221
g651,g651-v3,MUSICUS!,音乐人！,MUSICUS!,Galgame,恋爱剧情冒险,叙事／恋爱／音乐,対馬馨、花井三日月、香坂めぐる、尾崎弥子、花井是清,2022,PlayStation 4,Entergram,Entergram,主机移植,,2022-03-24；新增场景和演出，发行日按主机产品页。,https://www.entergram.co.jp/musicus/product.html
g651,g651-v4,MUSICUS!,音乐人！,MUSICUS!,Galgame,恋爱剧情冒险,叙事／恋爱／音乐,対馬馨、花井三日月、香坂めぐる、尾崎弥子、花井是清,2022,Nintendo Switch,Entergram,Entergram,主机移植,,2022-03-24；新增场景和演出，发行日按主机产品页。,https://www.entergram.co.jp/musicus/product.html
g015,g015-v2,天使们的午后,天使们的午后,天使たちの午後,Galgame,成人向冒险,成人向／学园冒险,白石由美子,1986,FM-7,JAST（日本）,JAST（日本）,移植,,移植版本；未核实的画面、脚本和配音差异不作推断。,https://fm-7.com/museum/products/nkobte9s/
g015,g015-v3,天使们的午后,天使们的午后,天使たちの午後,Galgame,成人向冒险,成人向／学园冒险,白石由美子,1986,PC-8801,JAST（日本）,JAST（日本）,语音外设对应升级版,,1986 年版本升级；部分台词需另购 JAST SOUND 外设播放，无外设时不等于有内置配音。,https://www.8-bits.info/gamelist/PC88/info/info_Sq8qNhbKYAYESbBs.php
g015,g015-v4,天使们的午后,天使们的午后,天使たちの午後,Galgame,成人向冒险,成人向／学园冒险,白石由美子,1987,MSX,JAST（日本）,JAST（日本）,移植,,移植版本；未核实的画面、脚本和配音差异不作推断。,https://generation-msx.nl/software/jast/afternoon-angels/977
g652,g652-v1,天使们的午后II 番外篇,天使们的午后II 番外篇,天使たちの午後II 番外編,Galgame,成人向冒险,成人向／剧情冒险,ひろし、梢,1988,PC-8801,JAST（日本）,JAST（日本）,首发,,PC-8801 原版，菜单选择指令；部分台词需另购 JAST SOUND 外设播放。,https://www.8-bits.info/gamelist/PC88/info/info_rSeFpk2p5PNMNpEV.php
g653,g653-v1,天使们的午后III：缎带,天使们的午后III：缎带,天使たちの午後III ～リボン～,Galgame,成人向冒险,成人向／剧情冒险,教师（玩家）、岡本遙,1989,PC-8801,JAST（日本）,JAST（日本）,首发,,PC-8801 原版，菜单选择指令；部分台词需另购 JAST SOUND 外设播放。,https://www.8-bits.info/gamelist/PC88/info/info_VBZIm10RFJEhPUr7.php
g654,g654-v1,天使们的午后III 番外篇,天使们的午后III 番外篇,天使たちの午後III 番外編,Galgame,成人向冒险,成人向／剧情冒险,主人公（玩家）、高円寺瑠璃,1990,PC-8801,JAST（日本）,JAST（日本）,首发,,菜单选择指令；部分台词需另购 JAST SOUND 外设播放。年份暂依 8BITS，其他数据库存在异文。,https://www.8-bits.info/gamelist/PC88/info/info_BaGs7J78s9ZH2MfD.php
g654,g654-v2,天使们的午后III 番外篇,天使们的午后III 番外篇,天使たちの午後III 番外編,Galgame,成人向冒险,成人向／剧情冒险,主人公（玩家）、高円寺瑠璃,1990,X68000,JAST（日本）,JAST（日本）,移植,,移植版本；未核实的画面、脚本和配音差异不作推断。,https://www.8-bits.info/gamelist/PC88/info/info_BaGs7J78s9ZH2MfD.php
g654,g654-v3,天使们的午后III 番外篇,天使们的午后III 番外篇,天使たちの午後III 番外編,Galgame,成人向冒险,成人向／剧情冒险,主人公（玩家）、高円寺瑠璃,1993,PC-9801,JAST（日本）,JAST（日本）,反省版,,以图像修正后再发行的“反省版”归并；不作为独立续篇。,https://ja.wikipedia.org/wiki/天使たちの午後
g655,g655-v1,天使们的午后IV：裕子,天使们的午后IV：裕子,天使たちの午後IV ～ゆう子～,Galgame,成人向冒险,成人向／剧情冒险,代课教师（玩家）、裕子,1991,PC-9801,JAST（日本）,JAST（日本）,首发,,该平台初版。配音资料尚未核实。,https://shionlib.com/en/game/25513
g656,g656-v1,抱歉，天使：横滨物语,抱歉，天使：横滨物语,ごめんねエンジェル ～横浜物語～,Galgame,成人向冒险,成人向／剧情冒险,捜し屋（玩家）、早苗,1992,PC-9801,JAST（日本）,JAST（日本）,首发,,该平台初版。配音资料尚未核实。,https://shionlib.com/en/game/25477
g657,g657-v1,天使们的午后V：被盯上的天使,天使们的午后V：被盯上的天使,天使たちの午後V ～狙われた天使～,Galgame,成人向冒险,成人向／演艺圈悬疑,舞台导演（玩家）、美紀,1992,PC-9801,JAST（日本）,JAST（日本）,首发,,该平台初版。配音资料尚未核实。,https://ja.wikipedia.org/wiki/天使たちの午後
g658,g658-v1,天使们的午后VI：My Fair Teacher,天使们的午后VI：My Fair Teacher,天使たちの午後VI ～My Fair Teacher～,Galgame,成人向冒险,成人向／剧情冒险,Tatsuya Shindou,1993,PC-9801,JAST（日本）,JAST（日本）,首发,,该平台初版。配音资料尚未核实。,https://shionlib.com/en/game/25393
g659,g659-v1,赛博格玛丽琳DX,赛博格玛丽琳DX,SUPER・ULTRA・むっちんぷりぷりサイボーグ マリリンDX,Galgame,成人向冒险,成人向／科幻冒险,Kenji、Marilyn,1994,PC-9801,JAST（日本）,JAST（日本）,首发,,该平台初版。配音资料尚未核实。,https://www.ymgal.games/ga21596
g659,g659-v2,赛博格玛丽琳DX,赛博格玛丽琳DX,SUPER・ULTRA・むっちんぷりぷりサイボーグ マリリンDX,Galgame,成人向冒险,成人向／科幻冒险,Kenji、Marilyn,1994,FM TOWNS,JAST（日本）,JAST（日本）,移植,,移植版本；未核实的画面、脚本和配音差异不作推断。,https://www.ymgal.games/ga21596
g659,g659-v3,赛博格玛丽琳DX,赛博格玛丽琳DX,SUPER・ULTRA・むっちんぷりぷりサイボーグ マリリンDX,Galgame,成人向冒险,成人向／科幻冒险,Kenji、Marilyn,1994,X68000,JAST（日本）,JAST（日本）,移植,,移植版本；未核实的画面、脚本和配音差异不作推断。,https://www.8-bits.info/gamelist/X68K/info/info_LemhUKEQyL0ZaPZx.php
g660,g660-v1,DEEP,DEEP,DEEP,Galgame,成人向冒险,成人向／多视角科幻,Jesus、可选择的其他视角主人公,1994,PC-9801,JAST（日本）,JAST（日本）,首发,,该平台初版。配音资料尚未核实。,https://www.mobygames.com/game/43164/deep/
g660,g660-v2,DEEP,DEEP,DEEP,Galgame,成人向冒险,成人向／多视角科幻,Jesus、可选择的其他视角主人公,1995,FM TOWNS,JAST（日本）,JAST（日本）,移植,,移植版本；未核实的画面、脚本和配音差异不作推断。,https://www.mobygames.com/game/43164/deep/
g661,g661-v1,雪猫,雪猫,雪猫 ～YUKI NEKO～,Galgame,成人向冒险,成人向／剧情冒险,毕业旅行的学生（玩家）,1995,PC-9801,JAST（日本）,JAST（日本）,首发,,PC-98 初版年份据发行目录；具体日存在 3 月／4 月异文，仅记年份。配音资料尚未核实。,https://www.ymgal.games/ga21612
g662,g662-v1,天使们的午后：转校生,天使们的午后：转校生,天使たちの午後 ～転校生～,Galgame,成人向冒险,成人向／剧情冒险,Hayato、Motoka,1995,PC-9801,JAST（日本）,JAST（日本）,首发,,该平台初版。配音资料尚未核实。,https://www.ymgal.games/ga23955
g662,g662-v2,天使们的午后：转校生,天使们的午后：转校生,天使たちの午後 ～転校生～,Galgame,成人向冒险,成人向／剧情冒险,Hayato、Motoka,1995,FM TOWNS,JAST（日本）,JAST（日本）,移植,,移植版本；未核实的画面、脚本和配音差异不作推断。,https://www.ymgal.games/ga23955
g662,g662-v3,天使们的午后：转校生,天使们的午后：转校生,天使たちの午後 ～転校生～,Galgame,成人向冒险,成人向／剧情冒险,Hayato、Motoka,1998,MS-DOS,JAST USA,JAST USA,英语版,,JAST USA 英语发行；现代国际发行方和日本旧公司分别归档。,https://jaststore.com/page/classic-jast-games/
g662,g662-v4,天使们的午后：转校生,天使们的午后：转校生,天使たちの午後 ～転校生～,Galgame,成人向冒险,成人向／剧情冒险,Hayato、Motoka,1998,Windows,JAST（日本）,JAST（日本）,重制：もんもん学園 ten.ko.sei,,原作《转校生》的 Windows 重制；新产品名作为版本名和检索别名。,https://ja.wikipedia.org/wiki/天使たちの午後
g661,g661-v2,雪猫,雪猫,雪猫 ～YUKI NEKO～,Galgame,成人向冒险,成人向／剧情冒险,毕业旅行的学生（玩家）,1997,Windows,JAST（日本）,JAST（日本）,合集：エロでん,,在《エロでん》合集中的 Windows 发行，沿用原作身份。发售日有异文，仅记 1997 年；不把合集创建为重复的新故事。,https://www.ymgal.games/ga21612
g662,g662-v5,天使们的午后：转校生,天使们的午后：转校生,天使たちの午後 ～転校生～,Galgame,成人向冒险,成人向／剧情冒险,Hayato、Motoka,1997,Windows,JAST（日本）,JAST（日本）,合集：エロでん,,在《エロでん》合集中的 Windows 发行，沿用原作身份。发售日有异文，仅记 1997 年；不把合集创建为重复的新故事。,https://www.ymgal.games/ga23955
g663,g663-v1,三姐妹,三姐妹,三姉妹,Galgame,成人向冒险,成人向／家族复仇,Koichi、Eiichi、Shoji Okamura,1996,PC-9801,JAST（日本）,JAST（日本）,首发,,该平台初版。配音资料尚未核实。,https://www.mobygames.com/game/4054/three-sisters-story/
g664,g664-v1,伊甸的香气,伊甸的香气,エデンの香り,Galgame,成人向冒险,成人向／侦探悬疑,ジョー,1996,PC-9801,JAST（日本）,JAST（日本）,首发,,该平台初版。配音资料尚未核实。,https://advgamer.com/eden-no-kaori/
g665,g665-v1,周刊FROM H,周刊FROM H,週刊フロムH,Galgame,成人向冒险,成人向／都市生活冒险,Atsushi,1997,Windows,JAST（日本）,JAST（日本）,首发,,该平台初版。配音资料尚未核实。,https://shionlib.com/en/game/24937
g666,g666-v1,Pompom Pretty Parfait,Pompom Pretty Parfait,ポムポムプリてぃパフぇ（お子様用）,Galgame,成人向冒险,成人向／咖啡店剧情冒险,受托管理咖啡店的大学生（玩家）,1998,Windows,JAST（日本）,JAST（日本）,首发,,该平台初版。配音资料尚未核实。,https://shionlib.com/en/game/24818
g667,g667-v1,迷走都市,迷走都市,迷走都市,Galgame,成人向冒险,成人向／都市异能冒险,Hiroaki,1995,PC-9801,Tiare,JAST（日本）,首发,,该平台初版。配音资料尚未核实。,https://www.ymgal.games/ga11110
g667,g667-v2,迷走都市,迷走都市,迷走都市,Galgame,成人向冒险,成人向／都市异能冒险,Hiroaki,1996,FM TOWNS,Tiare,JAST（日本）,移植,,移植版本；未核实的画面、脚本和配音差异不作推断。,https://www.ymgal.games/ga11110
g667,g667-v3,迷走都市,迷走都市,迷走都市,Galgame,成人向冒险,成人向／都市异能冒险,Hiroaki,1998,MS-DOS,JAST USA,JAST USA,英语版,,由 JAST USA 发行的英语版；1998 年不作为日本原作首发年。,https://jaststore.com/page/classic-jast-games/
g667,g667-v4,迷走都市,迷走都市,迷走都市,Galgame,成人向冒险,成人向／都市异能冒险,Hiroaki,2003,Windows,JAST USA,JAST USA,Memorial Collection 英语版,,JAST USA Memorial Collection 中的 Windows 英语版本；合集不另计独立作品。,https://www.ymgal.games/ga11110
g668,g668-v1,樱花的季节,樱花的季节,さくらの季節,Galgame,成人向冒险,成人向／校园恋爱冒险,Yamagami Shuuji、Hinagiku Aki、Nakano Meimi,1996,PC-9801,Tiare,JAST（日本）,首发,,该平台初版。配音资料尚未核实。,https://kaguya.io/vn/season-of-the-sakura
g669,g669-v1,魔女少女乐园,魔女少女乐园,まじょっ子ぱらだいす,Galgame,成人向冒险,成人向／魔法校园冒险,Rei Kidachi,1996,Windows,Tiare,JAST（日本）,首发,,该平台初版。配音资料尚未核实。,https://shionlib.com/en/game/25050
g670,g670-v1,黄昏的边界,黄昏的边界,黄昏の境界,Galgame,成人向冒险,成人向／恐怖调查冒险,寻宝的学生（玩家）,1997,Windows,Tiare,JAST（日本）,首发,,该平台初版。配音资料尚未核实。,https://vnclub.org/vn/v9108/
g670,g670-v2,黄昏的边界,黄昏的边界,黄昏の境界,Galgame,成人向冒险,成人向／恐怖调查冒险,寻宝的学生（玩家）,1997,PC-9801,Tiare,JAST（日本）,移植,,移植版本；未核实的画面、脚本和配音差异不作推断。,https://tokumei-wa-kazutaro.hatenablog.jp/entry/2022/02/20/000850
g671,g671-v1,Muchimuchi Sexy Parfait,Muchimuchi Sexy Parfait,ムチムチセクシぃパフぇ（お姉様用）,Galgame,成人向冒险,成人向／咖啡店剧情冒险,受托管理店铺的大学生（玩家）,1998,Windows,Tiare,JAST（日本）,首发,,该平台初版。配音资料尚未核实。,https://shionlib.com/en/game/24779
g672,g672-v1,You & I,You & I,You ＆ I,Galgame,成人向冒险,成人向／校园剧情冒险,事故后返校的学生（玩家）,1999,Windows,Tiare,JAST（日本）,首发,,该平台初版。配音资料尚未核实。,https://shionlib.com/en/game/10237
g673,g673-v1,霞的游戏,霞的游戏,かすみ遊戯,Galgame,成人向冒险,成人向／近未来仿生人冒险,早瀬浩、かすみ,1999,Windows,Purple（JAST期）,JAST（日本）,首发,,该平台初版。配音资料尚未核实。,https://vndb.org/p5364
g673,g673-v2,霞的游戏,霞的游戏,かすみ遊戯,Galgame,成人向冒险,成人向／近未来仿生人冒险,早瀬浩、かすみ,2002,DVD 播放器（DVDPG）,BLACKRAINBOW,BLACKRAINBOW,DVDPG 改编,,2002-10-31 DVDPG 改编；含 Windows 原作光盘镜像，官方说明新增主人公台词配音。不得把附带镜像当成另一部新作。,https://www.blackrainbow.jp/dvdpg/006/index.html
g674,g674-v1,Lien：不会结束的你的歌,Lien：不会结束的你的歌,Lien ～終わらない君の唄～,Galgame,成人向冒险,成人向／校园与生死主题,事故后重新醒来的主人公（玩家）,2000,Windows,Purple（JAST期）,JAST（日本）,首发,,该平台初版。角色配音状态据所引资料标注。,https://kiisu.egono.com/main.php?key=lien
g675,g675-v1,追忆,追忆,追憶,Galgame,成人向冒险,成人向／神社与前世记忆,Tenma Takeshi、Itsuki Hikari、Tenma Koume、Tenma Mari、Tenma Yukino,2000,Windows,Purple（JAST期）,JAST（日本）,首发,无角色配音,该平台初版。角色配音状态据所引资料标注。,https://vnclub.org/vn/v5140/
g676,g676-v1,Grief：想传达难眠的思念,Grief：想传达难眠的思念,Grief ～眠れぬ想い伝えたくて～,Galgame,成人向冒险,成人向／校园恋爱冒险,北川浩樹、小泉奈々、太田茜、高橋京子、白川静香,2000,Windows,Angel Hearts,JAST（日本）,首发,,该平台初版。配音资料尚未核实。,https://vndbreview.blogspot.com/2017/12/vn-of-month-march-2000.html
g677,g677-v1,YASHA：隐藏的疯狂,YASHA：隐藏的疯狂,YASHA ～隠された狂気～,Galgame,成人向冒险,成人向／家庭冲突悬疑,继家庭中的主人公（玩家）、主人公的妹妹,2000,Windows,Angel Hearts,JAST（日本）,首发,,该平台初版。配音资料尚未核实。,https://vndbreview.blogspot.com/2019/01/vn-of-month-november-2000.html
g678,g678-v1,天使们的午后 SEASON2001,天使们的午后 SEASON2001,天使達の午後 SEASON2001,Galgame,成人向冒险,成人向／校园与天使幻想,被恶魔附身的主人公（玩家）、校园中的天使,2001,Windows,Purple software,Purple software,首发,,该平台初版。配音资料尚未核实。,https://www.purplesoftware.jp/products/
g015,g015-v5,天使们的午后,天使们的午后,天使たちの午後,Galgame,成人向冒险,成人向／学园冒险,白石由美子,1995,PC-9801,JAST（日本）,JAST（日本）,合集：Collection,,Collection 收录 I、II、III；本条只表示对应原作内容。II 指令原作未新建主库条目。,https://ja.wikipedia.org/wiki/天使たちの午後
g653,g653-v2,天使们的午后III：缎带,天使们的午后III：缎带,天使たちの午後III ～リボン～,Galgame,成人向冒险,成人向／剧情冒险,教师（玩家）、岡本遙,1995,PC-9801,JAST（日本）,JAST（日本）,合集：Collection,,Collection 收录 I、II、III；本条只表示对应原作内容。II 指令原作未新建主库条目。,https://ja.wikipedia.org/wiki/天使たちの午後
g652,g652-v2,天使们的午后II 番外篇,天使们的午后II 番外篇,天使たちの午後II 番外編,Galgame,成人向冒险,成人向／剧情冒险,ひろし、梢,1995,PC-9801,JAST（日本）,JAST（日本）,合集：Collection2,,Collection2 收录 II 番外、III 番外反省版、IV；部分画面与文本有修订。按原作归并。,https://ja.wikipedia.org/wiki/天使たちの午後
g654,g654-v4,天使们的午后III 番外篇,天使们的午后III 番外篇,天使たちの午後III 番外編,Galgame,成人向冒险,成人向／剧情冒险,主人公（玩家）、高円寺瑠璃,1995,PC-9801,JAST（日本）,JAST（日本）,合集：Collection2,,Collection2 收录 II 番外、III 番外反省版、IV；部分画面与文本有修订。按原作归并。,https://ja.wikipedia.org/wiki/天使たちの午後
g655,g655-v2,天使们的午后IV：裕子,天使们的午后IV：裕子,天使たちの午後IV ～ゆう子～,Galgame,成人向冒险,成人向／剧情冒险,代课教师（玩家）、裕子,1995,PC-9801,JAST（日本）,JAST（日本）,合集：Collection2,,Collection2 收录 II 番外、III 番外反省版、IV；部分画面与文本有修订。按原作归并。,https://ja.wikipedia.org/wiki/天使たちの午後
g679,g679-v1,梦日记：遥远的天空之下,梦日记：遥远的天空之下,yume nikki ～遠い空の下で～,Galgame,成人向冒险,成人向／家庭纠纷与胁迫剧情,友野慎一、高倉深雪、高倉恵子、天野照美、天野優香,2000,Windows,pride,JAST（日本）,首发,,发行年暂依 2000-12-15 制作名单，角色配音据该页列出的角色／声优表；其他图像、脚本差异未确认。,https://w.atwiki.jp/ercr/pages/2655.html
g680,g680-v1,DERRINGER：德林杰,DERRINGER：德林杰,デリンジャー,文字冒险,图文选项／调查,成人向／事件调查冒险,中藤美希、知世、吉岡、海原、新井,1988,PC-9801,クレスト（JAST）,JAST（日本）,初版,,PC-98 5 英寸版；年份据零售页 1988-10-31。JAST SOUND 対应标记与实际能否播放语音存在争议，配音保持未核实。,https://www.suruga-ya.jp/product/detail/125000947
g680,g680-v2,DERRINGER：德林杰,DERRINGER：德林杰,デリンジャー,文字冒险,图文选项／调查,成人向／事件调查冒险,中藤美希、知世、吉岡、海原、新井,1988,MSX2,クレスト（JAST）,JAST（日本）,同年平台版,,MSX2 年份据机种目录。该目录指出 JAST SOUND 标记与实际支持情况有争议，不据标记推定角色配音。,https://generation-msx.nl/software/jast-clest/derringer/1316
g680,g680-v3,DERRINGER：德林杰,DERRINGER：德林杰,デリンジャー,文字冒险,图文选项／调查,成人向／事件调查冒险,中藤美希、知世、吉岡、海原、新井,1989,PC-8801/SR,クレスト（JAST）,JAST（日本）,平台版,,图文菜单指令版；8BITS 记 1989 年 4 月，攻略记 1988 年 11 月，暂依机种馆录并保留异文；语音未核实。,https://www.8-bits.info/gamelist/PC88/info/info_sEYav8D601zXtfnZ.php
g681,g681-v1,Cosmos Club：宇宙俱乐部,Cosmos Club：宇宙俱乐部,コスモスクラブ,文字冒险,图文选项／调查,成人向／宿舍生活与调查冒险,麻奈、圭子、由紀、友彦、美沙,1989,PC-8801/SR,JAST（日本）,JAST（日本）,初版,,PC-88 版；8BITS 记 1989 年 2 月，与同期杂志的已发行状态相符；其他资料记 1988 年，保留异文。配音未核实。,https://www.8-bits.info/gamelist/PC88/info/info_HjIJDVNGMW5ExELY.php
g681,g681-v2,Cosmos Club：宇宙俱乐部,Cosmos Club：宇宙俱乐部,コスモスクラブ,文字冒险,图文选项／调查,成人向／宿舍生活与调查冒险,麻奈、圭子、由紀、友彦、美沙,1989,MSX2,JAST（日本）,JAST（日本）,平台版,,MSX2 版发行年份据机种目录；同期杂志也列此平台。未确认脚本、图像与配音差异。,https://generation-msx.nl/software/jast/cosmos-club/1315
g682,g682-v1,夜之天使们：私铁沿线杀人事件,夜之天使们：私铁沿线杀人事件,夜の天使たち -私鉄沿線殺人事件-,文字冒险,图文选项／调查,成人向／私家侦探调查冒险,私家侦探（玩家）、中藤美希、久美、淳子、愛子、友子,1989,PC-8801/SR,JAST（日本）,JAST（日本）,初版,,1989 年 9 月 PC-88 菜单指令版，JAST 发行／Crest 开发据 8BITS；部分馆录记 Crest 发行。配音未核实。,https://www.8-bits.info/gamelist/PC88/info/info_UNmBFtRIwmibPszs.php
g682,g682-v2,夜之天使们：私铁沿线杀人事件,夜之天使们：私铁沿线杀人事件,夜の天使たち -私鉄沿線殺人事件-,文字冒险,图文选项／调查,成人向／私家侦探调查冒险,私家侦探（玩家）、中藤美希、久美、淳子、愛子、友子,1989,PC-9801,JAST（日本）,JAST（日本）,平台版,,PC-98 版年份据发行清单所记 1989 年 12 月，版本存在与剧情另有实玩记录交叉支持；不据故事日期反推发售日。配音未核实。,https://kopenguin.com/post-14678/
g683,g683-v1,私立学校：PRIVATE SCHOOL,私立学校：PRIVATE SCHOOL,PRIVATE SCHOOL,文字冒险,图文选项／调查,成人向／校园调查冒险,竜二（亦记竜次）、菊奈,1989,PC-8801,ELF,ELF,原版,,图文菜单选择式调查冒险。保存协会目录记 1989 年 4 月，评论记 3 月 13 日；本条仅记录共同年份。角色配音未核实。,https://www.gamepres.org/pc88/library/1989/1989_4.htm
g683,g683-v2,私立学校：PRIVATE SCHOOL,私立学校：PRIVATE SCHOOL,PRIVATE SCHOOL,文字冒险,图文选项／调查,成人向／校园调查冒险,竜二（亦记竜次）、菊奈,1989,PC-9801,ELF,ELF,平台版,,PC-98 1989 年发行身份据历史印刷资料索引；原报刊广告与评论链接保留在来源页，具体日期与配音尚未核实。,https://ogrerun.com/the-elf-reader/
g683,g683-v3,私立学校：PRIVATE SCHOOL,私立学校：PRIVATE SCHOOL,PRIVATE SCHOOL,文字冒险,图文选项／调查,成人向／校园调查冒险,竜二（亦记竜次）、菊奈,1989,MSX2,ELF,ELF,平台版,,MSX2 版机种目录记 1989 年 4 月；支持键盘并不表示需要键入词句指令。配音未核实。,https://generation-msx.nl/software/elf-co/private-school/1793
g684,g684-v1,PINKY・PONKY 1：美丽之梦,PINKY・PONKY 1：美丽之梦,PINKY・PONKY第1集 ～びゅうてぃふる・どりぃむ～,文字冒险,图文选项／调查,成人向／分场景菜单冒险,做梦的青年（玩家）,1989,PC-8801,ELF,ELF,原版,,PC-88 目录记 1989 年 8 月。以方向键位选择菜单指令、Return 确认；配音未核实。,https://www.8-bits.info/gamelist/PC88/info/info_VFWfznsFMEjgZm7Z.php
g684,g684-v2,PINKY・PONKY 1：美丽之梦,PINKY・PONKY 1：美丽之梦,PINKY・PONKY第1集 ～びゅうてぃふる・どりぃむ～,文字冒险,图文选项／调查,成人向／分场景菜单冒险,做梦的青年（玩家）,1989,PC-9801,ELF,ELF,平台版,,PC-98 版发行年份据 MobyGames 机种发行目录；不把其他平台日期套用于本版。配音未核实。,https://www.mobygames.com/game/58836/pinky-ponky-dai-1-shu-beautiful-dream/
g684,g684-v3,PINKY・PONKY 1：美丽之梦,PINKY・PONKY 1：美丽之梦,PINKY・PONKY第1集 ～びゅうてぃふる・どりぃむ～,文字冒险,图文选项／调查,成人向／分场景菜单冒险,做梦的青年（玩家）,1989,MSX2,ELF,ELF,平台版,,MSX2 版存在、年份与 ELF 署名据 Generation MSX；与其泛称 MSX 的综合目录交叉核对。配音未核实。,https://generation-msx.nl/software/elf-co/pinky-ponky-1-beautiful-dream/1758
g684,g684-v4,PINKY・PONKY 1：美丽之梦,PINKY・PONKY 1：美丽之梦,PINKY・PONKY第1集 ～びゅうてぃふる・どりぃむ～,文字冒险,图文选项／调查,成人向／分场景菜单冒险,做梦的青年（玩家）,1990,X68000,ELF,ELF,移植版,,8BITS 记 X68000 移植为 1990 年 8 月 30 日；仍为同一集作品，未据音源类型推定角色语音。,https://www.8-bits.info/gamelist/PC88/info/info_VFWfznsFMEjgZm7Z.php
g685,g685-v1,PINKY・PONKY 2：暮光游戏,PINKY・PONKY 2：暮光游戏,PINKY・PONKY第2集 ～とわいらいと・げーむす～,文字冒险,图文选项／调查,成人向／分场景菜单冒险,Akira,1989,PC-8801,ELF,ELF,原版,,PC-88 目录记 1989 年 8 月。以方向键位选择菜单指令、Return 确认；配音未核实。,https://www.8-bits.info/gamelist/PC88/info/info_JVwx7iHRHsR1GVjG.php
g685,g685-v2,PINKY・PONKY 2：暮光游戏,PINKY・PONKY 2：暮光游戏,PINKY・PONKY第2集 ～とわいらいと・げーむす～,文字冒险,图文选项／调查,成人向／分场景菜单冒险,Akira,1989,PC-9801,ELF,ELF,平台版,,PC-98 版发行年份据 MobyGames 机种发行目录；不把其他平台日期套用于本版。配音未核实。,https://www.mobygames.com/game/58839/pinky-ponky-dai-2-shu-twilight-games/
g685,g685-v3,PINKY・PONKY 2：暮光游戏,PINKY・PONKY 2：暮光游戏,PINKY・PONKY第2集 ～とわいらいと・げーむす～,文字冒险,图文选项／调查,成人向／分场景菜单冒险,Akira,1989,MSX2,ELF,ELF,平台版,,MSX2 版存在、年份与 ELF 署名据 Generation MSX；与其泛称 MSX 的综合目录交叉核对。配音未核实。,https://generation-msx.nl/software/elf-co/pinky-ponky-2-twilight-games/1757
g685,g685-v4,PINKY・PONKY 2：暮光游戏,PINKY・PONKY 2：暮光游戏,PINKY・PONKY第2集 ～とわいらいと・げーむす～,文字冒险,图文选项／调查,成人向／分场景菜单冒险,Akira,1990,X68000,ELF,ELF,移植版,,8BITS 记 X68000 移植为 1990 年 8 月 30 日；仍为同一集作品，未据音源类型推定角色语音。,https://www.8-bits.info/gamelist/PC88/info/info_JVwx7iHRHsR1GVjG.php
g686,g686-v1,PINKY・PONKY 3：战斗恋人,PINKY・PONKY 3：战斗恋人,PINKY・PONKY第3集 ～ばとる・らばぁす～,文字冒险,图文选项／调查,成人向／分场景菜单冒险,Akira,1989,PC-8801,ELF,ELF,原版,,PC-88 目录记 1989 年 8 月。以方向键位选择菜单指令、Return 确认；配音未核实。,https://www.8-bits.info/gamelist/PC88/info/info_hK56BDznUpIMbY2X.php
g686,g686-v2,PINKY・PONKY 3：战斗恋人,PINKY・PONKY 3：战斗恋人,PINKY・PONKY第3集 ～ばとる・らばぁす～,文字冒险,图文选项／调查,成人向／分场景菜单冒险,Akira,1989,PC-9801,ELF,ELF,平台版,,PC-98 版发行年份据 MobyGames 机种发行目录；不把其他平台日期套用于本版。配音未核实。,https://www.mobygames.com/game/58838/pinky-ponky-dai-3-shu-battle-lovers/
g686,g686-v3,PINKY・PONKY 3：战斗恋人,PINKY・PONKY 3：战斗恋人,PINKY・PONKY第3集 ～ばとる・らばぁす～,文字冒险,图文选项／调查,成人向／分场景菜单冒险,Akira,1989,MSX2,ELF,ELF,平台版,,MSX2 版存在、年份与 ELF 署名据 Generation MSX；与其泛称 MSX 的综合目录交叉核对。配音未核实。,https://generation-msx.nl/software/elf-co/pinky-ponky-3-battle-lovers/1751
g686,g686-v4,PINKY・PONKY 3：战斗恋人,PINKY・PONKY 3：战斗恋人,PINKY・PONKY第3集 ～ばとる・らばぁす～,文字冒险,图文选项／调查,成人向／分场景菜单冒险,Akira,1990,X68000,ELF,ELF,移植版,,8BITS 记 X68000 移植为 1990 年 8 月 30 日；仍为同一集作品，未据音源类型推定角色语音。,https://www.8-bits.info/gamelist/PC88/info/info_hK56BDznUpIMbY2X.php
g687,g687-v1,DE・JA：考古奇谭,DE・JA：考古奇谭,DE・JA,文字冒险,图文选项／调查,成人向／考古悬疑调查冒险,はつしば りゅうすけ、がちゃ子、斉藤,1990,PC-9801,ELF,ELF,原版,,实玩报告记 PC-98 原版 1990 年 6 月 15 日；菜单选择调查并整理线索。角色配音未核实。,https://erogereport.blog.jp/archives/1301946.html
g687,g687-v2,DE・JA：考古奇谭,DE・JA：考古奇谭,DE・JA,文字冒险,图文选项／调查,成人向／考古悬疑调查冒险,はつしば りゅうすけ、がちゃ子、斉藤,1990,PC-8801,ELF,ELF,平台版,,PC-88 馆录记 1990 年 7 月；菜单选择指令的键位有直接说明。角色配音未核实。,https://www.8-bits.info/gamelist/PC88/info/info_d4KWTdFEYtAQs1Uf.php
g687,g687-v3,DE・JA：考古奇谭,DE・JA：考古奇谭,DE・JA,文字冒险,图文选项／调查,成人向／考古悬疑调查冒险,はつしば りゅうすけ、がちゃ子、斉藤,1990,MSX2,ELF,ELF,平台版,,MSX2 机种目录记 1990 年 8 月，ELF 发行、六张双面磁盘。配音未核实。,https://generation-msx.nl/software/elf-co/deja/release/1440
g687,g687-v4,DE・JA：考古奇谭,DE・JA：考古奇谭,DE・JA,文字冒险,图文选项／调查,成人向／考古悬疑调查冒险,はつしば りゅうすけ、がちゃ子、斉藤,1990,X68000,ELF,ELF,移植版,,8BITS 记 X68000 移植为 1990 年 10 月 5 日，ELF 发行；角色配音未核实。,https://www.8-bits.info/gamelist/PC88/info/info_d4KWTdFEYtAQs1Uf.php
g687,g687-v5,DE・JA：考古奇谭,DE・JA：考古奇谭,DE・JA,文字冒险,图文选项／调查,成人向／考古悬疑调查冒险,はつしば りゅうすけ、がちゃ子、斉藤,1996,PC Engine Super CD-ROM²,NECインターチャネル,NECインターチャネル,改编移植版,,PC Engine 版 1996 年 7 月 12 日发行，发行署名为 NECインターチャネル（NIPR-1002），不是 ELF 自行发行。画面重新绘制、操作简化为图标选择；配音未核实。资料交叉：https://www.gavas.jp/products/detail.php?product_id=6267,https://mediaworld.co.jp/products/10016646001
g687,g687-v6,DE・JA：考古奇谭,DE・JA：考古奇谭,DE・JA,文字冒险,图文选项／调查,成人向／考古悬疑调查冒险,はつしば りゅうすけ、がちゃ子、斉藤,2004,Windows,ELF,ELF,重制／合集收录,,2004 年 5 月 28 日《DE・JA マルチパック》内的第一作 Windows 重制版；同套装也含第二作，分别关联原作品，不新增合集游戏。配音未核实。,https://www.suruga-ya.jp/product/detail/145011225
g688,g688-v1,DE・JA 2：水晶骷髅之谜,DE・JA 2：水晶骷髅之谜,DE・JA2,文字冒险,图文选项／调查,成人向／考古悬疑调查冒险,はつしば りゅうすけ、がちゃ子、神宮寺博士、ひみこ,1992,PC-9801,ELF,ELF,原版,,PC-98 原版 1992 年 6 月 25 日；菜单调查和点击图标结合，配音未核实。,https://erogereport.blog.jp/archives/1301995.html
g688,g688-v2,DE・JA 2：水晶骷髅之谜,DE・JA 2：水晶骷髅之谜,DE・JA2,文字冒险,图文选项／调查,成人向／考古悬疑调查冒险,はつしば りゅうすけ、がちゃ子、神宮寺博士、ひみこ,2004,Windows,ELF,ELF,重制／合集收录,,2004 年 5 月 28 日《DE・JA マルチパック》内的第二作 Windows 重制版；与第一作共售，但仍保留本作身份。配音未核实。,https://www.suruga-ya.jp/product/detail/145011225
g689,g689-v1,ELLE：艾尔,ELLE：艾尔,ELLE,文字冒险,图文选项／调查,成人向／科幻悬疑点击调查冒险,新任スナイパー成员（玩家）、El Miles,1991,PC-9801,ELF,ELF,原版,,PC-98 原作 1991 年发行，采用画面指针／图标点击调查；未依据其他平台功能推断角色配音。,https://advgamer.com/elle/
g689,g689-v2,ELLE：艾尔,ELLE：艾尔,ELLE,文字冒险,图文选项／调查,成人向／科幻悬疑点击调查冒险,新任スナイパー成员（玩家）、El Miles,1991,X68000,ELF,ELF,移植版,,X68000 版年份为 1991；8BITS 记 7 月 17 日，零售实物资料记 7 月 11 日，保留日期异文而不创建两个版本。配音未核实。,https://www.8-bits.info/gamelist/X68K/character/character_9BTRjsZs4DG71UmN.php?%40PS%40=none&c=1
g689,g689-v3,ELLE：艾尔,ELLE：艾尔,ELLE,文字冒险,图文选项／调查,成人向／科幻悬疑点击调查冒险,新任スナイパー成员（玩家）、El Miles,1992,MSX2,ELF,ELF,移植版,,Generation MSX 明确记录 MSX2 版为 1992 年 2 月；不用原作的 1991 年反推本机种发行年。支持键盘移动指针，并非词句指令输入。配音未核实。,https://generation-msx.nl/software/elf-co/elle/1549
g689,g689-v4,ELLE：艾尔,ELLE：艾尔,ELLE,文字冒险,图文选项／调查,成人向／科幻悬疑点击调查冒险,新任スナイパー成员（玩家）、El Miles,2000,Windows,ELF,ELF,重制版〔él〕,,2000 年 9 月 29 日重制版改题〔él〕，画面重绘、时代设定调整并加入角色语音；与 ELLE 原作共用作品 ID。语音及版本沿革据所引条目，未从光盘介质推定有声。,https://en.wikipedia.org/wiki/%C3%89l_(video_game)
g690,g690-v1,Can Can Bunny,Can Can Bunny,きゃんきゃんバニー,Galgame,恋爱模拟,菜单选择／恋爱冒险,亜理子、中原唯、白鳥香、渡辺麻美,1989,PC-98,カクテル・ソフト,Cocktail Soft,首发,,1989年该平台原版。角色配音资料未确认；背景音乐不作为语音依据。,https://fandc.co.jp/catalog/pc/417
g691,g691-v1,晴天之后大骚动！,晴天之后大骚动！,晴れのちおおさわぎ！,文字冒险,图文选项／调查,菜单指令／校园调查,生徒会长（主人公）、三上葉子、藤崎三枝子,1989,PC-98,カクテル・ソフト,Cocktail Soft,首发,,1989年该平台原版。角色配音资料未确认；背景音乐不作为语音依据。,https://fandc.co.jp/catalog/pc/430
g692,g692-v1,Can Can Bunny Superior,Can Can Bunny Superior,きゃんきゃんバニー スペリオール,Galgame,恋爱模拟,菜单选择／恋爱冒险,亜理子,1990,PC-98,カクテル・ソフト,Cocktail Soft,首发,,1990年该平台原版。角色配音资料未确认；背景音乐不作为语音依据。,https://fandc.co.jp/catalog/pc/12
g693,g693-v1,世界上最喜欢你！,世界上最喜欢你！,世界でいちばん君がすき！,文字冒险,图文选项／调查,菜单指令／娱乐圈调查,大室（主人公，可改名）、諸江かすみ,1990,PC-98,カクテル・ソフト,Cocktail Soft,首发,,1990年该平台原版。角色配音资料未确认；背景音乐不作为语音依据。,https://fandc.co.jp/catalog/pc/26
g694,g694-v1,NIKE：奈基,NIKE：奈基,ナイキ,文字冒险,图文选项／调查,多窗口菜单／科幻冒险,ナイキ、美歩鈴、アテナ、SDC,1991,PC-98,カクテル・ソフト,Cocktail Soft,首发,,1991年该平台原版。角色配音资料未确认；背景音乐不作为语音依据。,https://fandc.co.jp/catalog/pc/84
g695,g695-v1,Can Can Bunny Spirits,Can Can Bunny Spirits,きゃんきゃんバニー スピリッツ,Galgame,恋爱模拟,图标选择／恋爱冒险,亜理子、秋沢琴美、夢野恵理香、姫川雪乃,1991,PC-98,カクテル・ソフト,Cocktail Soft,首发,,1991年该平台原版。角色配音资料未确认；背景音乐不作为语音依据。,https://fandc.co.jp/catalog/pc/35
g696,g696-v1,Cosmic Psycho：宇宙心灵,Cosmic Psycho：宇宙心灵,COSMIC PSYCHO,文字冒险,图文选项／调查,菜单指令／科幻冒险,Kazuki、レイディ,1991,PC-98,カクテル・ソフト,Cocktail Soft,首发,,1991年该平台原版。角色配音资料未确认；背景音乐不作为语音依据。,https://fandc.co.jp/catalog/pc/61
g697,g697-v1,美少女通信：CHAT的推荐,美少女通信：CHAT的推荐,美少女通信 CHATのススメ,文字冒险,图文选项／调查,图标组合／聊天模拟,美歩鈴、アテナ、フィリス,1992,PC-98,カクテル・ソフト,Cocktail Soft,首发,,1992年该平台原版。角色配音资料未确认；背景音乐不作为语音依据。,https://fandc.co.jp/catalog/pc/76
g698,g698-v1,Can Can Bunny Premiere,Can Can Bunny Premiere,きゃんきゃんバニープルミエール,文字冒险,图文选项／调查,菜单选择／恋爱模拟,スワティ,1992,PC-98,カクテル・ソフト,Cocktail Soft,首发,,1992年该平台原版。角色配音资料未确认；背景音乐不作为语音依据。,https://fandc.co.jp/catalog/pc/72
g699,g699-v1,电击护士,电击护士,電撃ナース,文字冒险,图文选项／调查,菜单指令／喜剧冒险＋战斗,電波たんち、稲妻きらら,1992,PC-98,カクテル・ソフト,Cocktail Soft,首发,,1992年该平台原版。角色配音资料未确认；背景音乐不作为语音依据。,https://fandc.co.jp/catalog/pc/246
g700,g700-v1,Mayumi：真由美,Mayumi：真由美,Mayumi -まゆみ-,文字冒险,图文选项／调查,菜单指令／校园探索,真由美、優子、達也,1992,PC-98,カクテル・ソフト,Cocktail Soft,首发,,1992年该平台原版。角色配音资料未确认；背景音乐不作为语音依据。,https://fandc.co.jp/catalog/pc/89
g701,g701-v1,笑嘻嘻星,笑嘻嘻星,けらけら星,视觉小说,剧情分支／冒险,选择式／校园小说,玉置、久美子,1992,PC-98,カクテル・ソフト,Cocktail Soft,首发,,1992年该平台原版。角色配音资料未确认；背景音乐不作为语音依据。,https://fandc.co.jp/catalog/pc/60
g702,g702-v1,威尔的留言,威尔的留言,ウィルの伝言,文字冒险,图文选项／调查,点击调查／科幻奇幻冒险,ルシア、ルイ、リサ,1992,PC-98,カクテル・ソフト,Cocktail Soft,首发,,1992年该平台原版。角色配音资料未确认；背景音乐不作为语音依据。,https://fandc.co.jp/catalog/pc/245
g703,g703-v1,JYB：秘密咒语,JYB：秘密咒语,JYB　～メハメ・ハルーガは秘密の呪文～,文字冒险,图文选项／调查,选择式／奇幻喜剧,乙女川、桃子、チュルル,1993,PC-98,カクテル・ソフト,Cocktail Soft,首发,,1993年该平台原版。角色配音资料未确认；背景音乐不作为语音依据。,https://fandc.co.jp/catalog/pc/431
g704,g704-v1,电话铃响起……,电话铃响起……,電話のベルが…,视觉小说,剧情分支／冒险,多分支／喜剧小说,サユリ、接电话的主人公（玩家）,1993,PC-98,カクテル・ソフト,Cocktail Soft,首发,,1993年该平台原版。角色配音资料未确认；背景音乐不作为语音依据。,https://fandc.co.jp/catalog/pc/17
g705,g705-v1,ANGEL,ANGEL,ANGEL,Galgame,恋爱剧情冒险,漫画改编／冒险杂集,康介、静香,1993,PC-98,カクテル・ソフト,Cocktail Soft,首发,,1993年该平台原版。角色配音资料未确认；背景音乐不作为语音依据。,https://fandc.co.jp/catalog/pc/437
g706,g706-v1,Demon City：恶魔之城,Demon City：恶魔之城,DEMON CITY,Galgame,恋爱剧情冒险,第一人称／奇幻冒险,主人公（玩家）,1993,PC-98,カクテル・ソフト,Cocktail Soft,首发,,1993年该平台原版。角色配音资料未确认；背景音乐不作为语音依据。,https://fandc.co.jp/catalog/pc/21
g707,g707-v1,Custom Mate：定制伙伴,Custom Mate：定制伙伴,カスタムメイト,Galgame,恋爱模拟,角色创建／互动模拟,キュア、可自定义的伙伴,1993,PC-98,カクテル・ソフト,Cocktail Soft,首发,,1993年该平台原版。角色配音资料未确认；背景音乐不作为语音依据。,https://fandc.co.jp/catalog/pc/7
g708,g708-v1,电击护士2：More Sexy,电击护士2：More Sexy,電撃ナース2 モアセクシー,Galgame,恋爱剧情冒险,喜剧冒险／战斗,稲妻きらら,1994,PC-98,カクテル・ソフト,Cocktail Soft,首发,,1994年该平台原版。角色配音资料未确认；背景音乐不作为语音依据。,https://fandc.co.jp/catalog/pc/163
g709,g709-v1,Custom Mate 2：定制伙伴2,Custom Mate 2：定制伙伴2,カスタムメイト2,Galgame,恋爱模拟,角色创建／互动模拟,可自定义的伙伴,1994,PC-98,カクテル・ソフト,Cocktail Soft,首发,,1994年该平台原版。角色配音资料未确认；背景音乐不作为语音依据。,https://fandc.co.jp/catalog/pc/49
g710,g710-v1,Can Can Bunny Limited 5½,Can Can Bunny Limited 5½,きゃんきゃんバニー リミテッド5 1/2,Galgame,恋爱模拟,选择式／恋爱模拟,サワディ,1994,PC-98,カクテル・ソフト,Cocktail Soft,首发,,1994年该平台原版。角色配音资料未确认；背景音乐不作为语音依据。,https://fandc.co.jp/catalog/pc/322
g711,g711-v1,True Heart,True Heart,True Heart,视觉小说,剧情分支／冒险,选择式／超现实小说,等待继位的王子（主人公）,1994,PC-98,カクテル・ソフト,Cocktail Soft,首发,,1994年该平台原版。角色配音资料未确认；背景音乐不作为语音依据。,https://fandc.co.jp/catalog/pc/220
g712,g712-v1,浓缩ANGEL 120%,浓缩ANGEL 120%,濃縮ANGEL・120%,Galgame,恋爱剧情冒险,漫画改编／选择式小说,康介、静香,1995,PC-98,カクテル・ソフト,Cocktail Soft,首发,,1995年该平台原版。角色配音资料未确认；背景音乐不作为语音依据。,https://fandc.co.jp/catalog/pc/237
g713,g713-v1,某时某地。,某时某地。,いつかどこかで。,视觉小说,剧情分支／冒险,多分支／喜剧小说,由利子、君江、メグミ,1995,PC-98,カクテル・ソフト,Cocktail Soft,首发,,1995年该平台原版。角色配音资料未确认；背景音乐不作为语音依据。,https://fandc.co.jp/catalog/pc/214
g714,g714-v1,心跳假期：闪耀的季节,心跳假期：闪耀的季节,DOKIDOKIバケーション ～きらめく季節の中で～,Galgame,恋爱剧情冒险,行动安排／恋爱冒险,睦、徹,1995,PC-98,カクテル・ソフト,Cocktail Soft,首发,,1995年该平台原版。角色配音资料未确认；背景音乐不作为语音依据。,https://fandc.co.jp/catalog/pc/451
g715,g715-v1,晴天之后心忐忑,晴天之后心忐忑,晴れのち胸さわぎ,Galgame,恋爱剧情冒险,校园调查／恋爱冒险,かずひこ、千尋、月美,1995,PC-98,カクテル・ソフト,Cocktail Soft,首发,,1995年该平台原版。角色配音资料未确认；背景音乐不作为语音依据。,https://fandc.co.jp/catalog/pc/193
g716,g716-v1,Custom Mate 3：定制伙伴3,Custom Mate 3：定制伙伴3,カスタムメイト3,Galgame,恋爱模拟,角色创建／互动模拟,可自定义的伴侣、葉月、由紀子、美枝子,1995,PC-98,カクテル・ソフト,Cocktail Soft,首发,,1995年该平台原版。角色配音资料未确认；背景音乐不作为语音依据。,https://fandc.co.jp/catalog/pc/472
g717,g717-v1,旅行交汇点,旅行交汇点,トラベル☆ジャンクション,Galgame,恋爱剧情冒险,旅行／恋爱冒险,旅行领队（主人公）、旅行团成员,1996,PC-98,カクテル・ソフト,Cocktail Soft,首发,,1996年该平台原版。角色配音资料未确认；背景音乐不作为语音依据。,https://fandc.co.jp/catalog/pc/309
g718,g718-v1,欢迎来到Pia Carrot!!,欢迎来到Pia Carrot!!,Pia♥キャロットへようこそ!!　～We've been Waiting for you～,Galgame,恋爱模拟,餐厅打工／恋爱模拟,Pia Carrot店员（主人公）,1996,PC-98,カクテル・ソフト,Cocktail Soft,首发,,1996年该平台原版。角色配音资料未确认；背景音乐不作为语音依据。,https://fandc.co.jp/catalog/pc/408
g719,g719-v1,Can Can Bunny Premiere 2,Can Can Bunny Premiere 2,きゃんきゃんバニープルミエール2,Galgame,恋爱模拟,城市行动／恋爱模拟,スワティ、七福神,1996,Windows,カクテル・ソフト,Cocktail Soft,首发,,1996年该平台原版。角色配音资料未确认；背景音乐不作为语音依据。,https://fandc.co.jp/catalog/pc/383
g720,g720-v1,晴天之后偶尔心忐忑,晴天之后偶尔心忐忑,晴れのちときどき胸さわぎ,Galgame,恋爱剧情冒险,校园调查／恋爱冒险,生徒会长（主人公）,1997,Windows,カクテル・ソフト,Cocktail Soft,首发,,1997年该平台原版。角色配音资料未确认；背景音乐不作为语音依据。,https://fandc.co.jp/catalog/pc/458
g721,g721-v1,欢迎来到Pia Carrot!!2,欢迎来到Pia Carrot!!2,Pia♥キャロットへようこそ!!2　DELUXE PACK,Galgame,恋爱模拟,餐厅打工／恋爱模拟,前田耕治、日野森あずさ、愛沢ともみ,1997,Windows,カクテル・ソフト,Cocktail Soft,首发,,1997年该平台原版。角色配音见官网CAST或规格。,https://fandc.co.jp/catalog/pc/184
g722,g722-v1,With You：想要凝视你,With You：想要凝视你,With You ～みつめていたい～,Galgame,恋爱剧情冒险,校园／恋爱冒险,鳴瀬真奈美、氷川菜織、信楽美亜子、伊藤乃絵美、天都みちる,1998,Windows,カクテル・ソフト,Cocktail Soft,首发,,1998年该平台原版。角色配音见官网CAST或规格。,https://fandc.co.jp/catalog/pc/498
g723,g723-v1,Pia Carrot TOYBOX,Pia Carrot TOYBOX,ぴあきゃろ TOYBOX,Galgame,恋爱剧情冒险,独立短篇ADV／Fan Disc,Pia Carrot系列角色,1998,Windows,カクテル・ソフト,Cocktail Soft,首发,,1998年该平台原版。角色配音资料未确认；背景音乐不作为语音依据。,https://fandc.co.jp/catalog/pc/331
g724,g724-v1,With You TOYBOX,With You TOYBOX,うぃずゆーTOYBOX,Galgame,恋爱剧情冒险,平行短篇ADV／Fan Disc,ミャーコ、冴子、乃絵美、みよか,1999,Windows,カクテル・ソフト,Cocktail Soft,首发,,1999年该平台原版。角色配音资料未确认；背景音乐不作为语音依据。,https://fandc.co.jp/catalog/pc/600
g725,g725-v1,恋恋导航：恋爱的驾照课程,恋恋导航：恋爱的驾照课程,らぶ2・ナビゲーション ～恋の免許講習～,Galgame,恋爱剧情冒险,驾校集训／恋爱冒险,驾照集训学员（主人公）,2000,Windows,カクテル・ソフト,Cocktail Soft,首发,,2000年该平台原版。角色配音资料未确认；背景音乐不作为语音依据。,https://fandc.co.jp/catalog/pc/916
g726,g726-v1,Can Can Bunny 6：i-mail,Can Can Bunny 6：i-mail,きゃんきゃんバニー６ i･mail,Galgame,恋爱剧情冒险,移动通信题材／恋爱冒险,モナコ、新山留依、相沢奈々枝、春日恵、内海葉月,2000,Windows,カクテル・ソフト,Cocktail Soft,首发,,2000年该平台原版。角色配音见官网CAST或规格。,https://fandc.co.jp/catalog/pc/638
g727,g727-v1,Canvas：夕阳色的画布,Canvas：夕阳色的画布,Canvas ～セピア色のモチーフ～,Galgame,恋爱剧情冒险,校园／恋爱冒险,鷺ノ宮藍、桜塚恋、君影百合奈、御薗瑠璃子、篠宮悠、橘天音,2000,Windows,カクテル・ソフト,Cocktail Soft,首发,,2000年该平台原版。角色配音见官网CAST或规格。,https://fandc.co.jp/catalog/pc/742
g728,g728-v1,univ：恋爱开始了,univ：恋爱开始了,univ ～恋・はじまるよっ～,Galgame,恋爱模拟,大学生活／恋爱模拟,斉藤倫子、ティナ・ハミルトン、三好育、氷室微,2001,Windows,カクテル・ソフト,Cocktail Soft,首发,,2001年该平台原版。角色配音见官网CAST或规格。,https://fandc.co.jp/catalog/pc/755
g729,g729-v1,univ：爱，让你久等了,univ：爱，让你久等了,univ ～愛・おまたせっ～,Galgame,恋爱剧情冒险,大学生活／恋爱冒险,斉藤倫子、ティナ・ハミルトン、三好育、氷室微,2002,Windows,カクテル・ソフト,Cocktail Soft,首发,,2002年该平台原版。角色配音见官网CAST或规格。,https://fandc.co.jp/catalog/pc/739
g730,g730-v1,Cocktail Box：萤火之刻,Cocktail Box：萤火之刻,カク箱 ～カクテル・ソフトスペシャルBOX～,Galgame,恋爱剧情冒险,原创迷你ADV／Fan Disc,浩太、瑠夏、眞冬,2005,PC-98,カクテル・ソフト,Cocktail Soft,首发,,2005年该平台原版。角色配音资料未确认；背景音乐不作为语音依据。,https://fandc.co.jp/catalog/pc/944
g731,g731-v1,欢迎来到Pia Carrot!!G.O.,欢迎来到Pia Carrot!!G.O.,Pia♥キャロットへようこそ!!G.O. ～グランドオープン～ 【ドラマCD付きブランチパック】,Galgame,恋爱模拟,餐厅打工／恋爱模拟,秋山純一、椚あやの、久我原美森、西明寺美湖、木ノ下留美、衣坂小春,2006,Windows,カクテル・ソフト,Cocktail Soft,首发,,2006年该平台原版。角色配音见官网CAST或规格。,https://fandc.co.jp/catalog/pc/24
g732,g732-v1,Pia Carrot G.O. TOYBOX：夏日庆典,Pia Carrot G.O. TOYBOX：夏日庆典,ぴあきゃろG.O. TOYBOX ～サマーフェア～,Galgame,恋爱剧情冒险,后日谈／Fan Disc,椚あやの、木ノ下留美、衣坂小春,2006,Windows,カクテル・ソフト,Cocktail Soft,首发,,2006年该平台原版。角色配音见官网CAST或规格。,https://fandc.co.jp/catalog/pc/685
g733,g733-v1,Pia Carrot G.O. TOYBOX2：春日庆典,Pia Carrot G.O. TOYBOX2：春日庆典,ぴあきゃろG.O. TOYBOX2 ～スプリングフェア～,Galgame,恋爱剧情冒险,外传ADV／Fan Disc,陸文華、堀内さな、白鍬澄光、山名トキ子,2007,Windows,カクテル・ソフト,Cocktail Soft,首发,,2007年该平台原版。角色配音见官网CAST或规格。,https://fandc.co.jp/catalog/pc/283
g734,g734-v1,蒂尔亚大骚动,蒂尔亚大骚动,ティルアぱにっく,Galgame,恋爱剧情冒险,期限行动／奇幻恋爱冒险,三沢柚希、ティルア、愛川雛衣、柊ゆきの,2007,Windows,カクテル・ソフト,Cocktail Soft,首发,,2007年该平台原版。角色配音资料未确认；背景音乐不作为语音依据。,https://fandc.co.jp/catalog/pc/177
g735,g735-v1,欢迎来到Pia Carrot!!G.P.,欢迎来到Pia Carrot!!G.P.,Pia♥キャロットへようこそ!!G.P.,Galgame,恋爱剧情冒险,学园餐厅／恋爱冒险,紗東陽菜、汐月さくら、諸見里葵、黒須美羽、黒須美咲,2008,Windows,カクテル・ソフト,Cocktail Soft,首发,,2008年该平台原版。角色配音见官网CAST或规格。,https://fandc.co.jp/catalog/pc/422
g736,g736-v1,欢迎来到Pia Carrot!!4,欢迎来到Pia Carrot!!4,Pia♥キャロットへようこそ!!4,Galgame,恋爱剧情冒险,餐厅打工／恋爱冒险,滝川ゆな、羽瀬川朱美、真柴さゆり、北川蒼空、神峰彩花,2009,Windows,カクテル・ソフト,Cocktail Soft,首发,,2009年该平台原版。角色配音见官网CAST或规格。,https://fandc.co.jp/catalog/pc/552
g737,g737-v1,Pia Carrot 4 Fan Disc,Pia Carrot 4 Fan Disc,ぴあきゃろ４ＦＤ　Pia♥キャロットへようこそ!!4ファンディスク,Galgame,恋爱剧情冒险,后日谈／Fan Disc,羽瀬川朱美、北川蒼空、星野はるな,2010,Windows,カクテル・ソフト,Cocktail Soft,首发,,2010年该平台原版。角色配音见官网CAST或规格。,https://fandc.co.jp/catalog/pc/640
g738,g738-v1,Can Can Bunny Premiere 3,Can Can Bunny Premiere 3,きゃんきゃんバニープルミエール３,Galgame,恋爱模拟,选择式／恋爱模拟,スワティ、サワディ、須崎花子女、土方萌、佐藤飴梨,2018,Windows,カクテル・ソフト,Cocktail Soft,首发,,2018年该平台原版。角色配音见官网CAST或规格。,https://fandc.co.jp/catalog/pc/964
g739,g739-v1,Can Can Bunny Extra,Can Can Bunny Extra,きゃんきゃんバニー エクストラ,Galgame,恋爱剧情冒险,城市行动／恋爱模拟,スワティ,1993,PC-98,カクテル・ソフト,Cocktail Soft,首发,,1993年该平台原版。角色配音资料未确认；背景音乐不作为语音依据。,https://fandc.co.jp/catalog/pc/292
g690,g690-v2,Can Can Bunny,Can Can Bunny,きゃんきゃんバニー,Galgame,恋爱模拟,菜单选择／恋爱冒险,亜理子、中原唯、白鳥香、渡辺麻美,1989,PC-88,カクテル・ソフト,Cocktail Soft,移植,,菜单以方向键选项、RETURN确认；PC-88资料记1989年7月，官网基础日期记8月，保留年级精度。,https://www.8-bits.info/gamelist/PC88/info/info_EDrGFkqf1hN2qeIj.php
g690,g690-v3,Can Can Bunny,Can Can Bunny,きゃんきゃんバニー,Galgame,恋爱模拟,菜单选择／恋爱冒险,亜理子、中原唯、白鳥香、渡辺麻美,1990,X68000,フェアリーテール,フェアリーテール,移植,,机种资料记1990-06-29；发行署名按FairyTale保留。,https://www.8-bits.info/gamelist/PC88/info/info_EDrGFkqf1hN2qeIj.php
g690,g690-v4,Can Can Bunny,Can Can Bunny,きゃんきゃんバニー,Galgame,恋爱模拟,菜单选择／恋爱冒险,亜理子、中原唯、白鳥香、渡辺麻美,1997,Windows,カクテル・ソフト,Cocktail Soft,重制,,1・Primo是1989年初作的重制，1997-12-12发行；不新增作品ID。,https://fandc.co.jp/catalog/pc/452
g698,g698-v2,Can Can Bunny Premiere,Can Can Bunny Premiere,きゃんきゃんバニープルミエール,文字冒险,图文选项／调查,菜单选择／恋爱模拟,スワティ,1996,FM TOWNS,カクテル・ソフト,Cocktail Soft,合集移植,,1996-01-26与Spirits一同发行的双作合集；仅归入同一原作。,https://fandc.co.jp/catalog/pc/50
g695,g695-v2,Can Can Bunny Spirits,Can Can Bunny Spirits,きゃんきゃんバニー スピリッツ,Galgame,恋爱模拟,图标选择／恋爱冒险,亜理子、秋沢琴美、夢野恵理香、姫川雪乃,1996,FM TOWNS,カクテル・ソフト,Cocktail Soft,合集移植,,1996-01-26与Premiere一同发行的双作合集。,https://fandc.co.jp/catalog/pc/50
g710,g710-v2,Can Can Bunny Limited 5½,Can Can Bunny Limited 5½,きゃんきゃんバニー リミテッド5 1/2,Galgame,恋爱模拟,选择式／恋爱模拟,サワディ,1997,Windows,カクテル・ソフト,Cocktail Soft,移植,,1997-01-30的Windows发行；原作首发仍为1994年。,https://fandc.co.jp/catalog/pc/252
g716,g716-v2,Custom Mate 3：定制伙伴3,Custom Mate 3：定制伙伴3,カスタムメイト3,Galgame,恋爱模拟,角色创建／互动模拟,可自定义的伴侣、葉月、由紀子、美枝子,1996,Windows,カクテル・ソフト,Cocktail Soft,移植,,1996-12-12的Windows版；1995年多机种商品页日期不能直接当作Windows首发。,https://fandc.co.jp/catalog/pc/409
g707,g707-v2,Custom Mate：定制伙伴,Custom Mate：定制伙伴,カスタムメイト,Galgame,恋爱模拟,角色创建／互动模拟,キュア、可自定义的伙伴,1994,FM TOWNS,カクテル・ソフト,Cocktail Soft,合集移植,,1994-12-16与电话铃响起同盘发行。,https://fandc.co.jp/catalog/pc/186
g704,g704-v2,电话铃响起……,电话铃响起……,電話のベルが…,视觉小说,剧情分支／冒险,多分支／喜剧小说,サユリ、接电话的主人公（玩家）,1994,FM TOWNS,カクテル・ソフト,Cocktail Soft,合集移植,,1994-12-16与Custom Mate同盘发行。,https://fandc.co.jp/catalog/pc/186
g709,g709-v2,Custom Mate 2：定制伙伴2,Custom Mate 2：定制伙伴2,カスタムメイト2,Galgame,恋爱模拟,角色创建／互动模拟,可自定义的伙伴,1995,FM TOWNS,カクテル・ソフト,Cocktail Soft,合集移植,,1995-08-25与某时某地同盘发行。,https://fandc.co.jp/catalog/pc/288
g713,g713-v2,某时某地。,某时某地。,いつかどこかで。,视觉小说,剧情分支／冒险,多分支／喜剧小说,由利子、君江、メグミ,1995,FM TOWNS,カクテル・ソフト,Cocktail Soft,合集移植,,1995-08-25与Custom Mate 2同盘发行。,https://fandc.co.jp/catalog/pc/288
g700,g700-v2,Mayumi：真由美,Mayumi：真由美,Mayumi -まゆみ-,文字冒险,图文选项／调查,菜单指令／校园探索,真由美、優子、達也,1993,FM TOWNS,カクテル・ソフト,Cocktail Soft,合集移植,,1993-03-26的Lemon Cocktail Collection收录Mayumi、笑嘻嘻星及威尔的留言。,https://fandc.co.jp/catalog/pc/112
g701,g701-v2,笑嘻嘻星,笑嘻嘻星,けらけら星,视觉小说,剧情分支／冒险,选择式／校园小说,玉置、久美子,1993,FM TOWNS,カクテル・ソフト,Cocktail Soft,合集移植,,1993-03-26的Lemon Cocktail Collection收录Mayumi、笑嘻嘻星及威尔的留言。,https://fandc.co.jp/catalog/pc/112
g702,g702-v2,威尔的留言,威尔的留言,ウィルの伝言,文字冒险,图文选项／调查,点击调查／科幻奇幻冒险,ルシア、ルイ、リサ,1993,FM TOWNS,カクテル・ソフト,Cocktail Soft,合集移植,,1993-03-26的Lemon Cocktail Collection收录Mayumi、笑嘻嘻星及威尔的留言。,https://fandc.co.jp/catalog/pc/112
g714,g714-v2,心跳假期：闪耀的季节,心跳假期：闪耀的季节,DOKIDOKIバケーション ～きらめく季節の中で～,Galgame,恋爱剧情冒险,行动安排／恋爱冒险,睦、徹,1996,Windows,カクテル・ソフト,Cocktail Soft,移植,,Windows发行据品牌年表；具体日期存在资料差异，只记1996年。,https://zh.wikipedia.org/wiki/Cocktail_Soft
g714,g714-v3,心跳假期：闪耀的季节,心跳假期：闪耀的季节,DOKIDOKIバケーション ～きらめく季節の中で～,Galgame,恋爱剧情冒险,行动安排／恋爱冒险,睦、徹,2009,Windows,カクテル・ソフト,Cocktail Soft,重制,,2009年Full Set Remaster，重绘并全语音化；C76先行销售、9月18日通常销售。,https://fandc.co.jp/catalog/pc/613
g714,g714-v4,心跳假期：闪耀的季节,心跳假期：闪耀的季节,DOKIDOKIバケーション ～きらめく季節の中で～,Galgame,恋爱剧情冒险,行动安排／恋爱冒险,睦、徹,2009,Windows,カクテル・ソフト,Cocktail Soft,下载版,,2009-10-23数字发行同一Full Set Remaster。,https://fandc.co.jp/catalog/pc/839
g718,g718-v2,欢迎来到Pia Carrot!!,欢迎来到Pia Carrot!!,Pia♥キャロットへようこそ!!　～We've been Waiting for you～,Galgame,恋爱模拟,餐厅打工／恋爱模拟,Pia Carrot店员（主人公）,2007,Windows,カクテル・ソフト,Cocktail Soft,兼容更新,,2007-07-27非卖品Vista对应版，归到初作。,https://fandc.co.jp/catalog/pc/954
g718,g718-v3,欢迎来到Pia Carrot!!,欢迎来到Pia Carrot!!,Pia♥キャロットへようこそ!!　～We've been Waiting for you～,Galgame,恋爱模拟,餐厅打工／恋爱模拟,Pia Carrot店员（主人公）,2009,Windows,カクテル・ソフト,Cocktail Soft,下载版,,2009-02-20同一Vista对应版数字发行。,https://fandc.co.jp/catalog/pc/955
g719,g719-v2,Can Can Bunny Premiere 2,Can Can Bunny Premiere 2,きゃんきゃんバニープルミエール2,Galgame,恋爱模拟,城市行动／恋爱模拟,スワティ、七福神,2016,Windows,カクテル・ソフト,Cocktail Soft,增强版,,2016-02-05 REFRESH下载专卖版，原作身份不变。,https://fandc.co.jp/catalog/pc/779
g726,g726-v2,Can Can Bunny 6：i-mail,Can Can Bunny 6：i-mail,きゃんきゃんバニー６ i･mail,Galgame,恋爱剧情冒险,移动通信题材／恋爱冒险,モナコ、新山留依、相沢奈々枝、春日恵、内海葉月,2011,Windows,カクテル・ソフト,Cocktail Soft,下载版,,2011-04-02下载版，原作仍为2000年。,https://fandc.co.jp/catalog/pc/915
g722,g722-v2,With You：想要凝视你,With You：想要凝视你,With You ～みつめていたい～,Galgame,恋爱剧情冒险,校园／恋爱冒险,鳴瀬真奈美、氷川菜織、信楽美亜子、伊藤乃絵美、天都みちる,2000,Windows,カクテル・ソフト,Cocktail Soft,合集,,2000-03-24 With You＋TOYBOX NEW AGE PACK同时收录本篇与独立支线。,https://fandc.co.jp/catalog/pc/526
g724,g724-v2,With You TOYBOX,With You TOYBOX,うぃずゆーTOYBOX,Galgame,恋爱剧情冒险,平行短篇ADV／Fan Disc,ミャーコ、冴子、乃絵美、みよか,2000,Windows,カクテル・ソフト,Cocktail Soft,合集,,2000-03-24 With You＋TOYBOX NEW AGE PACK收录该Fan Disc。,https://fandc.co.jp/catalog/pc/526
g718,g718-v4,欢迎来到Pia Carrot!!,欢迎来到Pia Carrot!!,Pia♥キャロットへようこそ!!　～We've been Waiting for you～,Galgame,恋爱模拟,餐厅打工／恋爱模拟,Pia Carrot店员（主人公）,1999,Windows,カクテル・ソフト,Cocktail Soft,合集,,1999-08-12的1・2・TB套装中收录初代；三款作品不新增ID。,https://fandc.co.jp/catalog/pc/605
g721,g721-v2,欢迎来到Pia Carrot!!2,欢迎来到Pia Carrot!!2,Pia♥キャロットへようこそ!!2　DELUXE PACK,Galgame,恋爱模拟,餐厅打工／恋爱模拟,前田耕治、日野森あずさ、愛沢ともみ,1999,Windows,カクテル・ソフト,Cocktail Soft,合集,,1999-08-12的1・2・TB套装收录第二作。,https://fandc.co.jp/catalog/pc/605
g723,g723-v2,Pia Carrot TOYBOX,Pia Carrot TOYBOX,ぴあきゃろ TOYBOX,Galgame,恋爱剧情冒险,独立短篇ADV／Fan Disc,Pia Carrot系列角色,1999,Windows,カクテル・ソフト,Cocktail Soft,合集,,1999-08-12的1・2・TB套装收录TOYBOX。,https://fandc.co.jp/catalog/pc/605
g731,g731-v2,欢迎来到Pia Carrot!!G.O.,欢迎来到Pia Carrot!!G.O.,Pia♥キャロットへようこそ!!G.O. ～グランドオープン～ 【ドラマCD付きブランチパック】,Galgame,恋爱模拟,餐厅打工／恋爱模拟,秋山純一、椚あやの、久我原美森、西明寺美湖、木ノ下留美、衣坂小春,2008,Windows,カクテル・ソフト,Cocktail Soft,增强版,,2008-04-25 G.O.SE增强版；原本篇、追加内容与附赠小游戏合归本作。,https://fandc.co.jp/catalog/pc/557
g731,g731-v3,欢迎来到Pia Carrot!!G.O.,欢迎来到Pia Carrot!!G.O.,Pia♥キャロットへようこそ!!G.O. ～グランドオープン～ 【ドラマCD付きブランチパック】,Galgame,恋爱模拟,餐厅打工／恋爱模拟,秋山純一、椚あやの、久我原美森、西明寺美湖、木ノ下留美、衣坂小春,2010,Windows,カクテル・ソフト,Cocktail Soft,下载版,,2010-04-30 G.O.SE数字版。,https://fandc.co.jp/catalog/pc/841
g735,g735-v2,欢迎来到Pia Carrot!!G.P.,欢迎来到Pia Carrot!!G.P.,Pia♥キャロットへようこそ!!G.P.,Galgame,恋爱剧情冒险,学园餐厅／恋爱冒险,紗東陽菜、汐月さくら、諸見里葵、黒須美羽、黒須美咲,2010,Windows,カクテル・ソフト,Cocktail Soft,下载版,,2010-05-28原版下载发行。,https://fandc.co.jp/catalog/pc/842
g735,g735-v3,欢迎来到Pia Carrot!!G.P.,欢迎来到Pia Carrot!!G.P.,Pia♥キャロットへようこそ!!G.P.,Galgame,恋爱剧情冒险,学园餐厅／恋爱冒险,紗東陽菜、汐月さくら、諸見里葵、黒須美羽、黒須美咲,2016,Windows,カクテル・ソフト,Cocktail Soft,增强版,,2016-07-26 REFRESH数字发行，归到G.P.本篇。,https://fandc.co.jp/catalog/pc/783
g732,g732-v2,Pia Carrot G.O. TOYBOX：夏日庆典,Pia Carrot G.O. TOYBOX：夏日庆典,ぴあきゃろG.O. TOYBOX ～サマーフェア～,Galgame,恋爱剧情冒险,后日谈／Fan Disc,椚あやの、木ノ下留美、衣坂小春,2011,Windows,カクテル・ソフト,Cocktail Soft,下载版,,官网确认的数字发行，独立作品身份与原零售版一致。,https://fandc.co.jp/catalog/pc/852
g733,g733-v2,Pia Carrot G.O. TOYBOX2：春日庆典,Pia Carrot G.O. TOYBOX2：春日庆典,ぴあきゃろG.O. TOYBOX2 ～スプリングフェア～,Galgame,恋爱剧情冒险,外传ADV／Fan Disc,陸文華、堀内さな、白鍬澄光、山名トキ子,2011,Windows,カクテル・ソフト,Cocktail Soft,下载版,,官网确认的数字发行，独立作品身份与原零售版一致。,https://fandc.co.jp/catalog/pc/846
g734,g734-v2,蒂尔亚大骚动,蒂尔亚大骚动,ティルアぱにっく,Galgame,恋爱剧情冒险,期限行动／奇幻恋爱冒险,三沢柚希、ティルア、愛川雛衣、柊ゆきの,2009,Windows,カクテル・ソフト,Cocktail Soft,下载版,,官网确认的数字发行，独立作品身份与原零售版一致。,https://fandc.co.jp/catalog/pc/843
g736,g736-v2,欢迎来到Pia Carrot!!4,欢迎来到Pia Carrot!!4,Pia♥キャロットへようこそ!!4,Galgame,恋爱剧情冒险,餐厅打工／恋爱冒险,滝川ゆな、羽瀬川朱美、真柴さゆり、北川蒼空、神峰彩花,2011,Windows,カクテル・ソフト,Cocktail Soft,下载版,,官网确认的数字发行，独立作品身份与原零售版一致。,https://fandc.co.jp/catalog/pc/838
g737,g737-v2,Pia Carrot 4 Fan Disc,Pia Carrot 4 Fan Disc,ぴあきゃろ４ＦＤ　Pia♥キャロットへようこそ!!4ファンディスク,Galgame,恋爱剧情冒险,后日谈／Fan Disc,羽瀬川朱美、北川蒼空、星野はるな,2011,Windows,カクテル・ソフト,Cocktail Soft,下载版,,官网确认的数字发行，独立作品身份与原零售版一致。,https://fandc.co.jp/catalog/pc/836
g731,g731-v4,欢迎来到Pia Carrot!!G.O.,欢迎来到Pia Carrot!!G.O.,Pia♥キャロットへようこそ!!G.O. ～グランドオープン～ 【ドラマCD付きブランチパック】,Galgame,恋爱模拟,餐厅打工／恋爱模拟,秋山純一、椚あやの、久我原美森、西明寺美湖、木ノ下留美、衣坂小春,2011,Windows,カクテル・ソフト,Cocktail Soft,合集,,2011-12-29先行的G.O. Special Pack；2012-01-27通常销售。包含G.O.SE与两款TOYBOX，套装不新建游戏。,https://fandc.co.jp/catalog/pc/932
g732,g732-v3,Pia Carrot G.O. TOYBOX：夏日庆典,Pia Carrot G.O. TOYBOX：夏日庆典,ぴあきゃろG.O. TOYBOX ～サマーフェア～,Galgame,恋爱剧情冒险,后日谈／Fan Disc,椚あやの、木ノ下留美、衣坂小春,2011,Windows,カクテル・ソフト,Cocktail Soft,合集,,2011-12-29先行的G.O. Special Pack；2012-01-27通常销售。包含G.O.SE与两款TOYBOX，套装不新建游戏。,https://fandc.co.jp/catalog/pc/932
g733,g733-v3,Pia Carrot G.O. TOYBOX2：春日庆典,Pia Carrot G.O. TOYBOX2：春日庆典,ぴあきゃろG.O. TOYBOX2 ～スプリングフェア～,Galgame,恋爱剧情冒险,外传ADV／Fan Disc,陸文華、堀内さな、白鍬澄光、山名トキ子,2011,Windows,カクテル・ソフト,Cocktail Soft,合集,,2011-12-29先行的G.O. Special Pack；2012-01-27通常销售。包含G.O.SE与两款TOYBOX，套装不新建游戏。,https://fandc.co.jp/catalog/pc/932
g740,g740-v1,Pia Carrot PetitBox,Pia Carrot PetitBox,ぴあきゃろPetitBox,Galgame,恋爱剧情冒险,职场／恋爱短篇,浅葱大樹、北川楓乃,2017,Windows,カクテル・ソフト,Cocktail Soft,首发,,2017年该平台原版。角色配音见官网CAST或规格。,https://fandc.co.jp/catalog/pc/795
g741,g741-v1,Pia Carrot G.P. Fan Disc,Pia Carrot G.P. Fan Disc,ぴあきゃろG.P.FD,Galgame,恋爱剧情冒险,独立短篇／Fan Disc,紗東陽菜、諸見里葵、黒須美羽,2008,Windows,カクテル・ソフト,Cocktail Soft,首发,,2008年该平台原版。角色配音资料未确认；背景音乐不作为语音依据。,https://fandc.co.jp/piagpfd/
g742,g742-v1,毕业照片／美姬,毕业照片／美姬,卒業写真／美姫,Galgame,恋爱剧情冒险,菜单指令／恋爱与时空冒险,香村宏美、羽田由那子、藤沢真治、橘あゆみ,1992,PC-98,カクテル・ソフト,Cocktail Soft,首发,,1992年该平台原版。角色配音资料未确认；背景音乐不作为语音依据。,https://www.ymgal.games/ga14367
g743,g743-v1,Cocktail Soft增刊号,Cocktail Soft增刊号,カクテルソフト増刊号,Galgame,恋爱剧情冒险,四选一／生成式多分支小说,亜理子,1991,MSX2,TAKERU,TAKERU,首发,,1991年该平台原版。角色配音资料未确认；背景音乐不作为语音依据。机种档案将TAKERU记为发行方，品牌制作与发行署名分开保留。,https://generation-msx.nl/software/cocktail-soft/cocktail-soft-special-edition/1626
g744,g744-v1,欢迎来到Pia Carrot!!2.2,欢迎来到Pia Carrot!!2.2,Pia♥キャロットへようこそ!!2.2,Galgame,恋爱剧情冒险,原创后续故事／恋爱冒险,前田耕治、日野森あずさ、愛沢ともみ,2000,Game Boy Color,NECインターチャネル,NECインターチャネル,授权新作,,2000-12-02的Game Boy Color新作。原作署名COCKTAIL SOFT，实际发行NEC Interchannel；配音资料未核实。,https://fandc.co.jp/catalog/consumer/303
g745,g745-v1,娘娘台风,娘娘台风,娘々台風,Galgame,恋爱剧情冒险,成人向冒险／历史资料缺项,娘々台風（原作身份）,1996,Windows,カクテル・ソフト,Cocktail Soft,首发,,1996年该平台原版。角色配音资料未确认；背景音乐不作为语音依据。,https://zh.wikipedia.org/wiki/Cocktail_Soft
g743,g743-v2,Cocktail Soft增刊号,Cocktail Soft增刊号,カクテルソフト増刊号,Galgame,恋爱剧情冒险,四选一／生成式多分支小说,亜理子,1991,PC-98,カクテル・ソフト,Cocktail Soft,原版,,PC-98发行年采用历史评述1991年；另有资料记1992年，保留异文。,https://advgamer.com/cocktail-soft-zoukangou/
g727,g727-v2,Canvas：夕阳色的画布,Canvas：夕阳色的画布,Canvas ～セピア色のモチーフ～,Galgame,恋爱剧情冒险,校园／恋爱冒险,鷺ノ宮藍、桜塚恋、君影百合奈、御薗瑠璃子、篠宮悠、橘天音,2001,Dreamcast,NECインターチャネル,NECインターチャネル,授权移植,,2001-04-05发行；平台及发行署名依官方家庭用商品页。,https://fandc.co.jp/catalog/consumer/404
g727,g727-v3,Canvas：夕阳色的画布,Canvas：夕阳色的画布,Canvas ～セピア色のモチーフ～,Galgame,恋爱剧情冒险,校园／恋爱冒险,鷺ノ宮藍、桜塚恋、君影百合奈、御薗瑠璃子、篠宮悠、橘天音,2003,PS2,NECインターチャネル,NECインターチャネル,授权廉价版,,2003-04-10发行；平台及发行署名依官方家庭用商品页。,https://fandc.co.jp/catalog/consumer/242
g727,g727-v4,Canvas：夕阳色的画布,Canvas：夕阳色的画布,Canvas ～セピア色のモチーフ～,Galgame,恋爱剧情冒险,校园／恋爱冒险,鷺ノ宮藍、桜塚恋、君影百合奈、御薗瑠璃子、篠宮悠、橘天音,2005,PS2,インターチャネル,インターチャネル,授权廉价版,,2005-03-03发行；平台及发行署名依官方家庭用商品页。,https://fandc.co.jp/catalog/consumer/209
g718,g718-v5,欢迎来到Pia Carrot!!,欢迎来到Pia Carrot!!,Pia♥キャロットへようこそ!!　～We've been Waiting for you～,Galgame,恋爱模拟,餐厅打工／恋爱模拟,Pia Carrot店员（主人公）,1997,PC-FX,カクテルソフト,Cocktail Soft,移植,,1997-05-23发行；平台及发行署名依官方家庭用商品页。,https://fandc.co.jp/catalog/consumer/357
g718,g718-v6,欢迎来到Pia Carrot!!,欢迎来到Pia Carrot!!,Pia♥キャロットへようこそ!!　～We've been Waiting for you～,Galgame,恋爱模拟,餐厅打工／恋爱模拟,Pia Carrot店员（主人公）,1998,Sega Saturn,KID,KID,授权移植,,1998-03-12发行；平台及发行署名依官方家庭用商品页。,https://fandc.co.jp/catalog/consumer/345
g721,g721-v3,欢迎来到Pia Carrot!!2,欢迎来到Pia Carrot!!2,Pia♥キャロットへようこそ!!2　DELUXE PACK,Galgame,恋爱模拟,餐厅打工／恋爱模拟,前田耕治、日野森あずさ、愛沢ともみ,1998,Sega Saturn,NECインターチャネル,NECインターチャネル,授权移植,,1998-10-08发行；平台及发行署名依官方家庭用商品页。,https://fandc.co.jp/catalog/consumer/317
g721,g721-v4,欢迎来到Pia Carrot!!2,欢迎来到Pia Carrot!!2,Pia♥キャロットへようこそ!!2　DELUXE PACK,Galgame,恋爱模拟,餐厅打工／恋爱模拟,前田耕治、日野森あずさ、愛沢ともみ,2003,Dreamcast,NECインターチャネル,NECインターチャネル,授权移植,,2003-02-06发行；平台及发行署名依官方家庭用商品页。,https://fandc.co.jp/catalog/consumer/160
g735,g735-v4,欢迎来到Pia Carrot!!G.P.,欢迎来到Pia Carrot!!G.P.,Pia♥キャロットへようこそ!!G.P.,Galgame,恋爱剧情冒险,学园餐厅／恋爱冒险,紗東陽菜、汐月さくら、諸見里葵、黒須美羽、黒須美咲,2009,PS2,グッドナビゲイト,グッドナビゲイト,授权移植,,2009-01-22发行；平台及发行署名依官方家庭用商品页。,https://fandc.co.jp/catalog/consumer/800
g735,g735-v5,欢迎来到Pia Carrot!!G.P.,欢迎来到Pia Carrot!!G.P.,Pia♥キャロットへようこそ!!G.P.,Galgame,恋爱剧情冒险,学园餐厅／恋爱冒险,紗東陽菜、汐月さくら、諸見里葵、黒須美羽、黒須美咲,2009,PSP,PIACCI,PIACCI,授权移植,,2009-06-25发行；平台及发行署名依官方家庭用商品页。,https://fandc.co.jp/catalog/consumer/804
g735,g735-v6,欢迎来到Pia Carrot!!G.P.,欢迎来到Pia Carrot!!G.P.,Pia♥キャロットへようこそ!!G.P.,Galgame,恋爱剧情冒险,学园餐厅／恋爱冒险,紗東陽菜、汐月さくら、諸見里葵、黒須美羽、黒須美咲,2012,PSP,PIACCI,PIACCI,授权廉价版,,2012-04-26发行；平台及发行署名依官方家庭用商品页。,https://fandc.co.jp/catalog/consumer/929
g736,g736-v3,欢迎来到Pia Carrot!!4,欢迎来到Pia Carrot!!4,Pia♥キャロットへようこそ!!4,Galgame,恋爱剧情冒险,餐厅打工／恋爱冒险,滝川ゆな、羽瀬川朱美、真柴さゆり、北川蒼空、神峰彩花,2011,Xbox 360,PIACCI,PIACCI,授权移植,,2011-02-24发行；平台及发行署名依官方家庭用商品页。,https://fandc.co.jp/catalog/consumer/695
g736,g736-v4,欢迎来到Pia Carrot!!4,欢迎来到Pia Carrot!!4,Pia♥キャロットへようこそ!!4,Galgame,恋爱剧情冒险,餐厅打工／恋爱冒险,滝川ゆな、羽瀬川朱美、真柴さゆり、北川蒼空、神峰彩花,2012,PSP,PIACCI,PIACCI,授权移植,,2012-10-25发行；平台及发行署名依官方家庭用商品页。,https://fandc.co.jp/catalog/consumer/806
g736,g736-v5,欢迎来到Pia Carrot!!4,欢迎来到Pia Carrot!!4,Pia♥キャロットへようこそ!!4,Galgame,恋爱剧情冒险,餐厅打工／恋爱冒险,滝川ゆな、羽瀬川朱美、真柴さゆり、北川蒼空、神峰彩花,2013,PSP,PIACCI,PIACCI,授权下载版,,2013-04-25发行；平台及发行署名依官方家庭用商品页。,https://fandc.co.jp/catalog/consumer/927
g731,g731-v5,欢迎来到Pia Carrot!!G.O.,欢迎来到Pia Carrot!!G.O.,Pia♥キャロットへようこそ!!G.O. ～グランドオープン～ 【ドラマCD付きブランチパック】,Galgame,恋爱模拟,餐厅打工／恋爱模拟,秋山純一、椚あやの、久我原美森、西明寺美湖、木ノ下留美、衣坂小春,2007,PS2,PIACCI,PIACCI,授权移植,,2007-12-20发行；平台及发行署名依官方家庭用商品页。,https://fandc.co.jp/catalog/consumer/723
g731,g731-v6,欢迎来到Pia Carrot!!G.O.,欢迎来到Pia Carrot!!G.O.,Pia♥キャロットへようこそ!!G.O. ～グランドオープン～ 【ドラマCD付きブランチパック】,Galgame,恋爱模拟,餐厅打工／恋爱模拟,秋山純一、椚あやの、久我原美森、西明寺美湖、木ノ下留美、衣坂小春,2009,PS2,PIACCI,PIACCI,授权廉价版,,2009-01-22发行；平台及发行署名依官方家庭用商品页。,https://fandc.co.jp/catalog/consumer/930
g739,g739-v2,Can Can Bunny Extra,Can Can Bunny Extra,きゃんきゃんバニー エクストラ,Galgame,恋爱剧情冒险,城市行动／恋爱模拟,スワティ,1996,PC-FX,カクテルソフト,Cocktail Soft,移植,,1996-09-27发行；平台及发行署名依官方家庭用商品页。,https://fandc.co.jp/catalog/consumer/391
g739,g739-v3,Can Can Bunny Extra,Can Can Bunny Extra,きゃんきゃんバニー エクストラ,Galgame,恋爱剧情冒险,城市行动／恋爱模拟,スワティ,1997,Sega Saturn,KID,KID,授权移植,,1997-10-02发行；平台及发行署名依官方家庭用商品页。,https://fandc.co.jp/catalog/consumer/363
g698,g698-v3,Can Can Bunny Premiere,Can Can Bunny Premiere,きゃんきゃんバニープルミエール,文字冒险,图文选项／调查,菜单选择／恋爱模拟,スワティ,1996,Sega Saturn,KID,KID,授权移植,,1996-04-05发行；平台及发行署名依官方家庭用商品页。,https://fandc.co.jp/catalog/consumer/416
g719,g719-v3,Can Can Bunny Premiere 2,Can Can Bunny Premiere 2,きゃんきゃんバニープルミエール2,Galgame,恋爱模拟,城市行动／恋爱模拟,スワティ、七福神,1996,Sega Saturn,KID,KID,授权移植,,1996-12-20发行；平台及发行署名依官方家庭用商品页。,https://fandc.co.jp/catalog/consumer/388
g722,g722-v3,With You：想要凝视你,With You：想要凝视你,With You ～みつめていたい～,Galgame,恋爱剧情冒险,校园／恋爱冒险,鳴瀬真奈美、氷川菜織、信楽美亜子、伊藤乃絵美、天都みちる,2000,PlayStation,NECインターチャネル,NECインターチャネル,授权移植,,2000-04-06发行；平台及发行署名依官方家庭用商品页。改名为絆という名のペンダント with TOYBOX，包含原作及TOYBOX内容。,https://fandc.co.jp/catalog/consumer/295
g722,g722-v4,With You：想要凝视你,With You：想要凝视你,With You ～みつめていたい～,Galgame,恋爱剧情冒险,校园／恋爱冒险,鳴瀬真奈美、氷川菜織、信楽美亜子、伊藤乃絵美、天都みちる,2004,PlayStation,NECインターチャネル,NECインターチャネル,授权廉价版,,2004-02-05发行；平台及发行署名依官方家庭用商品页。改名为絆という名のペンダント with TOYBOX，包含原作及TOYBOX内容。,https://fandc.co.jp/catalog/consumer/137
g718,g718-v7,欢迎来到Pia Carrot!!,欢迎来到Pia Carrot!!,Pia♥キャロットへようこそ!!　～We've been Waiting for you～,Galgame,恋爱模拟,餐厅打工／恋爱模拟,Pia Carrot店员（主人公）,1997,PC-FX,カクテルソフト,Cocktail Soft,合集,,1997-11-28的Cocktail Pack收录Pia Carrot与Can Can Bunny Extra DX。,https://fandc.co.jp/catalog/consumer/371
g739,g739-v4,Can Can Bunny Extra,Can Can Bunny Extra,きゃんきゃんバニー エクストラ,Galgame,恋爱剧情冒险,城市行动／恋爱模拟,スワティ,1997,PC-FX,カクテルソフト,Cocktail Soft,合集,,1997-11-28的Cocktail Pack收录Pia Carrot与Can Can Bunny Extra DX。,https://fandc.co.jp/catalog/consumer/371
g721,g721-v5,欢迎来到Pia Carrot!!2,欢迎来到Pia Carrot!!2,Pia♥キャロットへようこそ!!2　DELUXE PACK,Galgame,恋爱模拟,餐厅打工／恋爱模拟,前田耕治、日野森あずさ、愛沢ともみ,2001,Dreamcast,NECインターチャネル,NECインターチャネル,授权合集移植,,2001-06-21的Pia 2.5双盘版，分别收录原第二作与2.2；改名与组合销售不新增作品。,https://www.wdic.org/w/MOE/Piaキャロットへようこそ!!2.5
g744,g744-v2,欢迎来到Pia Carrot!!2.2,欢迎来到Pia Carrot!!2.2,Pia♥キャロットへようこそ!!2.2,Galgame,恋爱剧情冒险,原创后续故事／恋爱冒险,前田耕治、日野森あずさ、愛沢ともみ,2001,Dreamcast,NECインターチャネル,NECインターチャネル,授权合集移植,,2001-06-21的Pia 2.5双盘版，分别收录原第二作与2.2；改名与组合销售不新增作品。,https://www.wdic.org/w/MOE/Piaキャロットへようこそ!!2.5
g724,g724-v3,With You TOYBOX,With You TOYBOX,うぃずゆーTOYBOX,Galgame,恋爱剧情冒险,平行短篇ADV／Fan Disc,ミャーコ、冴子、乃絵美、みよか,2000,PlayStation,NECインターチャネル,NECインターチャネル,授权合集移植,,絆という名のペンダント with TOYBOX收录该支线内容；与With You本篇同盘。,https://fandc.co.jp/catalog/consumer/295
g724,g724-v4,With You TOYBOX,With You TOYBOX,うぃずゆーTOYBOX,Galgame,恋爱剧情冒险,平行短篇ADV／Fan Disc,ミャーコ、冴子、乃絵美、みよか,2004,PlayStation,NECインターチャネル,NECインターチャネル,授权合集移植,,絆という名のペンダント with TOYBOX收录该支线内容；与With You本篇同盘。,https://fandc.co.jp/catalog/consumer/137
g718,g718-v8,欢迎来到Pia Carrot!!,欢迎来到Pia Carrot!!,Pia♥キャロットへようこそ!!　～We've been Waiting for you～,Galgame,恋爱模拟,餐厅打工／恋爱模拟,Pia Carrot店员（主人公）,2009,Windows,カクテル・ソフト,Cocktail Soft,合集,,官方组合销售中的同一原作；Pia3属于FC02品牌边界，PetitBox新增剧情单独建档。,https://fandc.co.jp/catalog/pc/561
g721,g721-v6,欢迎来到Pia Carrot!!2,欢迎来到Pia Carrot!!2,Pia♥キャロットへようこそ!!2　DELUXE PACK,Galgame,恋爱模拟,餐厅打工／恋爱模拟,前田耕治、日野森あずさ、愛沢ともみ,2009,Windows,カクテル・ソフト,Cocktail Soft,合集,,官方组合销售中的同一原作；Pia3属于FC02品牌边界，PetitBox新增剧情单独建档。,https://fandc.co.jp/catalog/pc/561
g731,g731-v7,欢迎来到Pia Carrot!!G.O.,欢迎来到Pia Carrot!!G.O.,Pia♥キャロットへようこそ!!G.O. ～グランドオープン～ 【ドラマCD付きブランチパック】,Galgame,恋爱模拟,餐厅打工／恋爱模拟,秋山純一、椚あやの、久我原美森、西明寺美湖、木ノ下留美、衣坂小春,2009,Windows,カクテル・ソフト,Cocktail Soft,合集,,官方组合销售中的同一原作；Pia3属于FC02品牌边界，PetitBox新增剧情单独建档。,https://fandc.co.jp/catalog/pc/561
g735,g735-v7,欢迎来到Pia Carrot!!G.P.,欢迎来到Pia Carrot!!G.P.,Pia♥キャロットへようこそ!!G.P.,Galgame,恋爱剧情冒险,学园餐厅／恋爱冒险,紗東陽菜、汐月さくら、諸見里葵、黒須美羽、黒須美咲,2009,Windows,カクテル・ソフト,Cocktail Soft,合集,,官方组合销售中的同一原作；Pia3属于FC02品牌边界，PetitBox新增剧情单独建档。,https://fandc.co.jp/catalog/pc/561
g736,g736-v6,欢迎来到Pia Carrot!!4,欢迎来到Pia Carrot!!4,Pia♥キャロットへようこそ!!4,Galgame,恋爱剧情冒险,餐厅打工／恋爱冒险,滝川ゆな、羽瀬川朱美、真柴さゆり、北川蒼空、神峰彩花,2009,Windows,カクテル・ソフト,Cocktail Soft,合集,,官方组合销售中的同一原作；Pia3属于FC02品牌边界，PetitBox新增剧情单独建档。,https://fandc.co.jp/catalog/pc/561
g718,g718-v9,欢迎来到Pia Carrot!!,欢迎来到Pia Carrot!!,Pia♥キャロットへようこそ!!　～We've been Waiting for you～,Galgame,恋爱模拟,餐厅打工／恋爱模拟,Pia Carrot店员（主人公）,2016,Windows,カクテル・ソフト,Cocktail Soft,合集,,官方组合销售中的同一原作；Pia3属于FC02品牌边界，PetitBox新增剧情单独建档。,https://fandc.co.jp/catalog/pc/833
g721,g721-v7,欢迎来到Pia Carrot!!2,欢迎来到Pia Carrot!!2,Pia♥キャロットへようこそ!!2　DELUXE PACK,Galgame,恋爱模拟,餐厅打工／恋爱模拟,前田耕治、日野森あずさ、愛沢ともみ,2016,Windows,カクテル・ソフト,Cocktail Soft,合集,,官方组合销售中的同一原作；Pia3属于FC02品牌边界，PetitBox新增剧情单独建档。,https://fandc.co.jp/catalog/pc/833
g731,g731-v8,欢迎来到Pia Carrot!!G.O.,欢迎来到Pia Carrot!!G.O.,Pia♥キャロットへようこそ!!G.O. ～グランドオープン～ 【ドラマCD付きブランチパック】,Galgame,恋爱模拟,餐厅打工／恋爱模拟,秋山純一、椚あやの、久我原美森、西明寺美湖、木ノ下留美、衣坂小春,2016,Windows,カクテル・ソフト,Cocktail Soft,合集,,官方组合销售中的同一原作；Pia3属于FC02品牌边界，PetitBox新增剧情单独建档。,https://fandc.co.jp/catalog/pc/833
g735,g735-v8,欢迎来到Pia Carrot!!G.P.,欢迎来到Pia Carrot!!G.P.,Pia♥キャロットへようこそ!!G.P.,Galgame,恋爱剧情冒险,学园餐厅／恋爱冒险,紗東陽菜、汐月さくら、諸見里葵、黒須美羽、黒須美咲,2016,Windows,カクテル・ソフト,Cocktail Soft,合集,,官方组合销售中的同一原作；Pia3属于FC02品牌边界，PetitBox新增剧情单独建档。,https://fandc.co.jp/catalog/pc/833
g736,g736-v7,欢迎来到Pia Carrot!!4,欢迎来到Pia Carrot!!4,Pia♥キャロットへようこそ!!4,Galgame,恋爱剧情冒险,餐厅打工／恋爱冒险,滝川ゆな、羽瀬川朱美、真柴さゆり、北川蒼空、神峰彩花,2016,Windows,カクテル・ソフト,Cocktail Soft,合集,,官方组合销售中的同一原作；Pia3属于FC02品牌边界，PetitBox新增剧情单独建档。,https://fandc.co.jp/catalog/pc/833
g732,g732-v4,Pia Carrot G.O. TOYBOX：夏日庆典,Pia Carrot G.O. TOYBOX：夏日庆典,ぴあきゃろG.O. TOYBOX ～サマーフェア～,Galgame,恋爱剧情冒险,后日谈／Fan Disc,椚あやの、木ノ下留美、衣坂小春,2016,Windows,カクテル・ソフト,Cocktail Soft,合集,,官方组合销售中的同一原作；Pia3属于FC02品牌边界，PetitBox新增剧情单独建档。,https://fandc.co.jp/catalog/pc/833
g733,g733-v4,Pia Carrot G.O. TOYBOX2：春日庆典,Pia Carrot G.O. TOYBOX2：春日庆典,ぴあきゃろG.O. TOYBOX2 ～スプリングフェア～,Galgame,恋爱剧情冒险,外传ADV／Fan Disc,陸文華、堀内さな、白鍬澄光、山名トキ子,2016,Windows,カクテル・ソフト,Cocktail Soft,合集,,官方组合销售中的同一原作；Pia3属于FC02品牌边界，PetitBox新增剧情单独建档。,https://fandc.co.jp/catalog/pc/833
g737,g737-v3,Pia Carrot 4 Fan Disc,Pia Carrot 4 Fan Disc,ぴあきゃろ４ＦＤ　Pia♥キャロットへようこそ!!4ファンディスク,Galgame,恋爱剧情冒险,后日谈／Fan Disc,羽瀬川朱美、北川蒼空、星野はるな,2016,Windows,カクテル・ソフト,Cocktail Soft,合集,,官方组合销售中的同一原作；Pia3属于FC02品牌边界，PetitBox新增剧情单独建档。,https://fandc.co.jp/catalog/pc/833
g718,g718-v10,欢迎来到Pia Carrot!!,欢迎来到Pia Carrot!!,Pia♥キャロットへようこそ!!　～We've been Waiting for you～,Galgame,恋爱模拟,餐厅打工／恋爱模拟,Pia Carrot店员（主人公）,2017,Windows,カクテル・ソフト,Cocktail Soft,合集,,官方组合销售中的同一原作；Pia3属于FC02品牌边界，PetitBox新增剧情单独建档。,https://fandc.co.jp/catalog/pc/795
g721,g721-v8,欢迎来到Pia Carrot!!2,欢迎来到Pia Carrot!!2,Pia♥キャロットへようこそ!!2　DELUXE PACK,Galgame,恋爱模拟,餐厅打工／恋爱模拟,前田耕治、日野森あずさ、愛沢ともみ,2017,Windows,カクテル・ソフト,Cocktail Soft,合集,,官方组合销售中的同一原作；Pia3属于FC02品牌边界，PetitBox新增剧情单独建档。,https://fandc.co.jp/catalog/pc/795
g731,g731-v9,欢迎来到Pia Carrot!!G.O.,欢迎来到Pia Carrot!!G.O.,Pia♥キャロットへようこそ!!G.O. ～グランドオープン～ 【ドラマCD付きブランチパック】,Galgame,恋爱模拟,餐厅打工／恋爱模拟,秋山純一、椚あやの、久我原美森、西明寺美湖、木ノ下留美、衣坂小春,2017,Windows,カクテル・ソフト,Cocktail Soft,合集,,官方组合销售中的同一原作；Pia3属于FC02品牌边界，PetitBox新增剧情单独建档。,https://fandc.co.jp/catalog/pc/795
g735,g735-v9,欢迎来到Pia Carrot!!G.P.,欢迎来到Pia Carrot!!G.P.,Pia♥キャロットへようこそ!!G.P.,Galgame,恋爱剧情冒险,学园餐厅／恋爱冒险,紗東陽菜、汐月さくら、諸見里葵、黒須美羽、黒須美咲,2017,Windows,カクテル・ソフト,Cocktail Soft,合集,,官方组合销售中的同一原作；Pia3属于FC02品牌边界，PetitBox新增剧情单独建档。,https://fandc.co.jp/catalog/pc/795
g736,g736-v8,欢迎来到Pia Carrot!!4,欢迎来到Pia Carrot!!4,Pia♥キャロットへようこそ!!4,Galgame,恋爱剧情冒险,餐厅打工／恋爱冒险,滝川ゆな、羽瀬川朱美、真柴さゆり、北川蒼空、神峰彩花,2017,Windows,カクテル・ソフト,Cocktail Soft,合集,,官方组合销售中的同一原作；Pia3属于FC02品牌边界，PetitBox新增剧情单独建档。,https://fandc.co.jp/catalog/pc/795
g691,g691-v2,晴天之后大骚动！,晴天之后大骚动！,晴れのちおおさわぎ！,文字冒险,图文选项／调查,菜单指令／校园调查,生徒会长（主人公）、三上葉子、藤崎三枝子,1990,MSX2,カクテル・ソフト,Cocktail Soft,移植,,已发行MSX2版及年份依机种档案；不从官网的多机种共用日期推导。,https://generation-msx.nl/company/cocktail-soft/217/software
g692,g692-v2,Can Can Bunny Superior,Can Can Bunny Superior,きゃんきゃんバニー スペリオール,Galgame,恋爱模拟,菜单选择／恋爱冒险,亜理子,1990,MSX2,カクテル・ソフト,Cocktail Soft,移植,,已发行MSX2版及年份依机种档案；不从官网的多机种共用日期推导。,https://generation-msx.nl/company/cocktail-soft/217/software
g693,g693-v2,世界上最喜欢你！,世界上最喜欢你！,世界でいちばん君がすき！,文字冒险,图文选项／调查,菜单指令／娱乐圈调查,大室（主人公，可改名）、諸江かすみ,1990,MSX2,カクテル・ソフト,Cocktail Soft,移植,,已发行MSX2版及年份依机种档案；不从官网的多机种共用日期推导。,https://generation-msx.nl/company/cocktail-soft/217/software
g694,g694-v2,NIKE：奈基,NIKE：奈基,ナイキ,文字冒险,图文选项／调查,多窗口菜单／科幻冒险,ナイキ、美歩鈴、アテナ、SDC,1991,MSX2,カクテル・ソフト,Cocktail Soft,移植,,已发行MSX2版及年份依机种档案；不从官网的多机种共用日期推导。,https://generation-msx.nl/company/cocktail-soft/217/software
g695,g695-v3,Can Can Bunny Spirits,Can Can Bunny Spirits,きゃんきゃんバニー スピリッツ,Galgame,恋爱模拟,图标选择／恋爱冒险,亜理子、秋沢琴美、夢野恵理香、姫川雪乃,1991,MSX2,カクテル・ソフト,Cocktail Soft,移植,,已发行MSX2版及年份依机种档案；不从官网的多机种共用日期推导。,https://generation-msx.nl/company/cocktail-soft/217/software
g696,g696-v2,Cosmic Psycho：宇宙心灵,Cosmic Psycho：宇宙心灵,COSMIC PSYCHO,文字冒险,图文选项／调查,菜单指令／科幻冒险,Kazuki、レイディ,1991,MSX2,カクテル・ソフト,Cocktail Soft,移植,,已发行MSX2版及年份依机种档案；不从官网的多机种共用日期推导。,https://generation-msx.nl/company/cocktail-soft/217/software
g742,g742-v2,毕业照片／美姬,毕业照片／美姬,卒業写真／美姫,Galgame,恋爱剧情冒险,菜单指令／恋爱与时空冒险,香村宏美、羽田由那子、藤沢真治、橘あゆみ,1992,MSX2,カクテル・ソフト,Cocktail Soft,移植,,已发行MSX2版及年份依机种档案；不从官网的多机种共用日期推导。,https://generation-msx.nl/company/cocktail-soft/217/software
g746,g746-v1,Macadam：二人爱戏,Macadam：二人爱戏,マカダム ～二人愛戯（ふたりよがり）～,Galgame,早期成人向互动,成人向／图标选择与限时动作互动,玩家、四名可选女性角色,1985,PC-88,デービーソフト,dB-SOFT,原版,,MAME机种档案将发行署名记为dB-Soft、开发／品牌记为Macadamia Soft；8BITS则以品牌列厂商。保留版本实际署名，不将母公司全部作品并入本专题。磁带与软盘格式资料有异文，不重复建作品。 角色语音规格未核实；音乐与音效不视作配音。,https://github.com/mamedev/mame/blob/master/hash/pc8801_flop.xml
g746,g746-v2,Macadam：二人爱戏,Macadam：二人爱戏,マカダム ～二人愛戯（ふたりよがり）～,Galgame,早期成人向互动,成人向／图标选择与限时动作互动,玩家、四名可选女性角色,1985,PC-98,マカダミアソフト,Macadamia Soft,机种版本,,PC-98软件档案确认1985年版本；具体移植先后、内容与PC-88版差异未核实。模拟器支持状态不等同于游戏未发行。 角色语音规格未核实；音乐与音效不视作配音。,https://github.com/mamedev/mame/blob/master/hash/pc98.xml
g747,g747-v1,177,,177,Galgame,早期成人向互动,成人向／横向动作与按键互动,大内秀雄、斎藤琴絵、新藤彰,1986,PC-88,マカダミアソフト,Macadamia Soft,原版,,PC-88版发行资料记1986年9月，两段式动作操作。 角色语音规格未核实；音乐与音效不视作配音。,https://www.8-bits.info/gamelist/PC88/info/info_FE8KsDzbM8rq2Nwg.php
g747,g747-v2,177,,177,Galgame,早期成人向互动,成人向／横向动作与按键互动,大内秀雄、斎藤琴絵、新藤彰,1986,PC-98,マカダミアソフト,Macadamia Soft,机种版本,,PC-98软件档案确认1986年版本；磁盘规格不另拆成作品，机种内容差异未核实。 角色语音规格未核实；音乐与音效不视作配音。,https://github.com/mamedev/mame/blob/master/hash/pc98.xml
g747,g747-v3,177,,177,Galgame,早期成人向互动,成人向／横向动作与按键互动,大内秀雄、斎藤琴絵、新藤彰,1986,X1,マカダミアソフト,Macadamia Soft,机种版本,,X1软件档案确认1986年版本；具体月份及与PC版内容差异未核实。 角色语音规格未核实；音乐与音效不视作配音。,https://github.com/mamedev/mame/blob/master/hash/x1_flop.xml
g748,g748-v1,ふぇありぃてぃる,童话,ふぇありぃてぃる,文字冒险,图文选项／调查,菜单选择冒险,由美子,1987,PC-98,フェアリーテール,フェアリーテール,首发,,官网商品日期1987-05；实体版。特典、初回与通常包装归并；未确认的语音与移植细节不推测。,https://fandc.co.jp/catalog/pc/240
g748,g748-v2,ふぇありぃてぃる,童话,ふぇありぃてぃる,文字冒险,图文选项／调查,菜单选择冒险,由美子,1987,PC-88,フェアリーテール,フェアリーテール,原版机种／档案记录,,MAME机种档案记1987年，发行字段198706xx；与官网日期不同则按机种保留年级精度，不据版权年补其他平台。,https://github.com/mamedev/mame/blob/master/hash/pc8801_flop.xml
g749,g749-v1,ほっとMILK,热牛奶,ほっとMILK,文字冒险,图文选项／调查,编号菜单冒险,変人28号、森村ユキコ、中森あきこ,1987,PC-98,フェアリーテール,フェアリーテール,首发,,官网商品日期1987-06；实体版。特典、初回与通常包装归并；未确认的语音与移植细节不推测。,https://fandc.co.jp/catalog/pc/334
g749,g749-v2,ほっとMILK,热牛奶,ほっとMILK,文字冒险,图文选项／调查,编号菜单冒险,変人28号、森村ユキコ、中森あきこ,1987,PC-88,フェアリーテール,フェアリーテール,原版机种／档案记录,,MAME机种档案记1987年，发行字段198706xx；与官网日期不同则按机种保留年级精度，不据版权年补其他平台。,https://github.com/mamedev/mame/blob/master/hash/pc8801_flop.xml
g750,g750-v1,あぶない女性心理学入門,危险女性心理学入门,あぶない女性心理学入門,视觉小说,单线视觉小说,短篇电子小说集,ひとみ、ミミ,1987,PC-98,フェアリーテール,フェアリーテール,首发,,官网商品日期1987-06；实体版。特典、初回与通常包装归并；未确认的语音与移植细节不推测。,https://fandc.co.jp/catalog/pc/236
g750,g750-v2,あぶない女性心理学入門,危险女性心理学入门,あぶない女性心理学入門,视觉小说,单线视觉小说,短篇电子小说集,ひとみ、ミミ,1987,PC-88,フェアリーテール,フェアリーテール,原版机种／档案记录,,MAME机种档案记1987年，发行字段198706xx；与官网日期不同则按机种保留年级精度，不据版权年补其他平台。,https://github.com/mamedev/mame/blob/master/hash/pc8801_flop.xml
g751,g751-v1,殺しのドレス,杀戮礼服,殺しのドレス,文字冒险,图文选项／调查,菜单调查／悬疑推理,さとる、ゆう、かおり,1987,PC-98,フェアリーテール,フェアリーテール,首发,,官网商品日期1987-10；实体版。特典、初回与通常包装归并；未确认的语音与移植细节不推测。,https://fandc.co.jp/catalog/pc/224
g751,g751-v2,殺しのドレス,杀戮礼服,殺しのドレス,文字冒险,图文选项／调查,菜单调查／悬疑推理,さとる、ゆう、かおり,1987,PC-88,フェアリーテール,フェアリーテール,原版机种／档案记录,,MAME机种档案记1987年，发行字段198710xx；与官网日期不同则按机种保留年级精度，不据版权年补其他平台。,https://github.com/mamedev/mame/blob/master/hash/pc8801_flop.xml
g752,g752-v1,殺しのドレス2,杀戮礼服2,殺しのドレス2,文字冒险,图文选项／调查,菜单调查／悬疑推理,私立侦探、委托人,1989,PC-98,フェアリーテール,フェアリーテール,首发,,官网商品日期1989/09；实体版。特典、初回与通常包装归并；未确认的语音与移植细节不推测。,https://fandc.co.jp/catalog/pc/398
g752,g752-v2,殺しのドレス2,杀戮礼服2,殺しのドレス2,文字冒险,图文选项／调查,菜单调查／悬疑推理,私立侦探、委托人,1989,PC-88,フェアリーテール,フェアリーテール,原版机种／档案记录,,MAME机种档案记1989年，发行字段198910xx；与官网日期不同则按机种保留年级精度，不据版权年补其他平台。,https://github.com/mamedev/mame/blob/master/hash/pc8801_flop.xml
g753,g753-v1,殺しのドレス3,杀戮礼服3,殺しのドレス3,文字冒险,图文选项／调查,菜单调查／悬疑推理,真柴悟、千尋、神崎敏哉,1993,PC-98,フェアリーテール,フェアリーテール,首发,,官网商品日期1993/02/10；实体版。特典、初回与通常包装归并；未确认的语音与移植细节不推测。,https://fandc.co.jp/catalog/pc/226
g754,g754-v1,LIPSTICK. ADV,口红冒险,LIPSTICK. ADV,文字冒险,图文选项／调查,菜单调查／侦探冒险,浅見五郎、清里音美,1988,PC-98,フェアリーテール,フェアリーテール,首发,,官网商品日期1988/10/15；实体版。特典、初回与通常包装归并；未确认的语音与移植细节不推测。,https://fandc.co.jp/catalog/pc/379
g754,g754-v2,LIPSTICK. ADV,口红冒险,LIPSTICK. ADV,文字冒险,图文选项／调查,菜单调查／侦探冒险,浅見五郎、清里音美,1988,PC-88,フェアリーテール,フェアリーテール,原版机种／档案记录,,MAME机种档案记1988年，发行字段198810xx；与官网日期不同则按机种保留年级精度，不据版权年补其他平台。,https://github.com/mamedev/mame/blob/master/hash/pc8801_flop.xml
g755,g755-v1,LIPSTICK. ADV2,口红冒险2,LIPSTICK. ADV2,文字冒险,图文选项／调查,菜单调查／侦探冒险,浅見五郎、清里音美,1990,PC-98,フェアリーテール,フェアリーテール,首发,,官网商品日期1990/12/14；实体版。特典、初回与通常包装归并；未确认的语音与移植细节不推测。,https://fandc.co.jp/catalog/pc/514
g755,g755-v2,LIPSTICK. ADV2,口红冒险2,LIPSTICK. ADV2,文字冒险,图文选项／调查,菜单调查／侦探冒险,浅見五郎、清里音美,1989,PC-88,フェアリーテール,フェアリーテール,原版机种／档案记录,,MAME机种档案记1989年，发行字段198912xx；与官网日期不同则按机种保留年级精度，不据版权年补其他平台。,https://github.com/mamedev/mame/blob/master/hash/pc8801_flop.xml
g756,g756-v1,リップスティックアドベンチャー3,口红冒险3,リップスティックアドベンチャー3,文字冒险,图文选项／调查,菜单调查／侦探冒险,浅見五郎、清里音美,1993,PC-98,フェアリーテール,フェアリーテール,首发,,官网商品日期1993/04/23；实体版。特典、初回与通常包装归并；未确认的语音与移植细节不推测。,https://fandc.co.jp/catalog/pc/282
g757,g757-v1,Lipstick Adv.EX,,Lipstick Adv.EX,视觉小说,推理解谜融合,双视角侦探冒险,日高小梅、一条恵美,1999,Windows,フェアリーテール,フェアリーテール,首发,,官网商品日期1999/04/23；实体版。特典、初回与通常包装归并；未确认的语音与移植细节不推测。,https://fandc.co.jp/catalog/pc/649
g758,g758-v1,Lipstick ADV.4,,Lipstick ADV.4,视觉小说,推理解谜融合,双视角悬疑小说ADV,浅見五郎、清里音美、北川真理,2001,Windows,フェアリーテール,フェアリーテール,首发,,官网商品日期2001/02/23；实体版。特典、初回与通常包装归并；未确认的语音与移植细节不推测。,https://fandc.co.jp/catalog/pc/647
g758,g758-v2,Lipstick ADV.4,,Lipstick ADV.4,视觉小说,推理解谜融合,双视角悬疑小说ADV,浅見五郎、清里音美、北川真理,2011,Windows,フェアリーテール,フェアリーテール,下载再版,,官网商品日期2011/02/12；下载版。特典、初回与通常包装归并；未确认的语音与移植细节不推测。,https://fandc.co.jp/catalog/pc/907
g759,g759-v1,うろつき童子,,うろつき童子,文字冒险,图文选项／调查,漫画改编冒险,原作《うろつき童子》人物,1990,PC-98,フェアリーテール,フェアリーテール,首发,,官网商品日期1990/04/21；实体版。特典、初回与通常包装归并；未确认的语音与移植细节不推测。,https://fandc.co.jp/catalog/pc/5
g759,g759-v2,うろつき童子,,うろつき童子,文字冒险,图文选项／调查,漫画改编冒险,原作《うろつき童子》人物,1990,PC-88,フェアリーテール,フェアリーテール,原版机种／档案记录,,MAME机种档案记1990年，发行字段19900525；与官网日期不同则按机种保留年级精度，不据版权年补其他平台。,https://github.com/mamedev/mame/blob/master/hash/pc8801_flop.xml
g760,g760-v1,狂った果実,疯狂的果实,狂った果実,文字冒险,图文选项／调查,悬疑调查冒险,狩野哲、高瀬成子、月島美夏,1992,PC-98,フェアリーテール,フェアリーテール,首发,,官网商品日期1992/05/01；实体版。特典、初回与通常包装归并；未确认的语音与移植细节不推测。,https://fandc.co.jp/catalog/pc/493
g761,g761-v1,蘭丸,,蘭丸,文字冒险,图文选项／调查,历史幻想冒险,蘭丸,1992,PC-98,フェアリーテール,フェアリーテール,首发,,官网商品日期1992-04；实体版。特典、初回与通常包装归并；未确认的语音与移植细节不推测。,https://fandc.co.jp/catalog/pc/394
g762,g762-v1,夢二 浅草綺譚,梦二：浅草绮谭,夢二 浅草綺譚,文字冒险,图文选项／调查,时代悬疑冒险,题名人物夢二,1992,PC-98,フェアリーテール,フェアリーテール,首发,,官网商品日期1992-05；实体版。特典、初回与通常包装归并；未确认的语音与移植细节不推测。,https://fandc.co.jp/catalog/pc/624
g763,g763-v1,新宿物語,新宿物语,新宿物語,文字冒险,图文选项／调查,都市剧情冒险,生活在新宿的男性群像,1992,PC-98,フェアリーテール,フェアリーテール,首发,,官网商品日期1992/07/23；实体版。特典、初回与通常包装归并；未确认的语音与移植细节不推测。,https://fandc.co.jp/catalog/pc/231
g764,g764-v1,ドラキュラ伯爵,德古拉伯爵,ドラキュラ伯爵,文字冒险,图文选项／调查,吸血鬼幻想冒险,ドラキュラ伯爵、ヴァンヘルシング,1992,PC-98,フェアリーテール,フェアリーテール,首发,,官网商品日期1992/11/27；实体版。特典、初回与通常包装归并；未确认的语音与移植细节不推测。,https://fandc.co.jp/catalog/pc/267
g765,g765-v1,マリンフィルト,Marine Philt,マリンフィルト,文字冒险,图文选项／调查,科幻悬疑冒险,《マリンフィルト》故事主角,1993,PC-98,フェアリーテール,フェアリーテール,首发,,官网商品日期1993/03/12；实体版。特典、初回与通常包装归并；未确认的语音与移植细节不推测。,https://fandc.co.jp/catalog/pc/360
g766,g766-v1,極楽まんだら,极乐曼荼罗,極楽まんだら,文字冒险,图文选项／调查,点击冒险／喜剧幻想,往生極楽院市的故事主角,1993,PC-98,フェアリーテール,フェアリーテール,首发,,官网商品日期1993/10/29；实体版。特典、初回与通常包装归并；未确认的语音与移植细节不推测。,https://fandc.co.jp/catalog/pc/165
g767,g767-v1,DEAD OF THE BRAIN ～死霊の叫び～,脑死亡：亡灵的呼喊,DEAD OF THE BRAIN ～死霊の叫び～,文字冒险,图文选项／调查,恐怖调查冒险,コール、シーラ,1992,PC-98,フェアリーテール,フェアリーテール,首发,,官网商品日期1992-04；实体版。特典、初回与通常包装归并；未确认的语音与移植细节不推测。,https://fandc.co.jp/catalog/pc/207
g768,g768-v1,DEAD OF THE BRAIN2,脑死亡2,DEAD OF THE BRAIN2,文字冒险,图文选项／调查,恐怖调查冒险,シーラ,1993,PC-98,フェアリーテール,フェアリーテール,首发,,官网商品日期1993/11/26；实体版。特典、初回与通常包装归并；未确认的语音与移植细节不推测。,https://fandc.co.jp/catalog/pc/539
g769,g769-v1,アラベスク,,アラベスク,视觉小说,单线视觉小说,单线叙事ADV,《アラベスク》的故事人物,1994,Windows,フェアリーテール,フェアリーテール,首发,,官网商品日期1994/04/13；实体版。特典、初回与通常包装归并；未确认的语音与移植细节不推测。,https://fandc.co.jp/catalog/pc/56
g769,g769-v2,アラベスク,,アラベスク,视觉小说,单线视觉小说,单线叙事ADV,《アラベスク》的故事人物,1994,PC-98,フェアリーテール,フェアリーテール,原版机种／档案记录,,MAME机种档案记1994年，发行字段19940413；与官网日期不同则按机种保留年级精度，不据版权年补其他平台。,https://github.com/mamedev/mame/blob/master/hash/pc98.xml
g770,g770-v1,バーチャコール,虚拟通话,バーチャコール,Galgame,恋爱模拟,虚拟通信恋爱模拟,プリシア,1995,PC-98,フェアリーテール,フェアリーテール,首发,,官网商品日期1995/02/24；实体版。特典、初回与通常包装归并；未确认的语音与移植细节不推测。,https://fandc.co.jp/catalog/pc/232
g770,g770-v2,バーチャコール,虚拟通话,バーチャコール,Galgame,恋爱模拟,虚拟通信恋爱模拟,プリシア,1996,Windows,フェアリーテール,フェアリーテール,再版,,官网商品日期1996/04/26；实体版。特典、初回与通常包装归并；未确认的语音与移植细节不推测。,https://fandc.co.jp/catalog/pc/300
g771,g771-v1,バーチャコール２,虚拟通话2,バーチャコール２,Galgame,恋爱模拟,虚拟通信恋爱模拟,エミリ、ウィンディ、プリシア,1995,PC-98,フェアリーテール,フェアリーテール,首发,,官网商品日期1995/12/22；实体版。特典、初回与通常包装归并；未确认的语音与移植细节不推测。,https://fandc.co.jp/catalog/pc/189
g771,g771-v2,バーチャコール２,虚拟通话2,バーチャコール２,Galgame,恋爱模拟,虚拟通信恋爱模拟,エミリ、ウィンディ、プリシア,1996,Windows,フェアリーテール,フェアリーテール,再版,,官网商品日期1996/10/25；实体版。特典、初回与通常包装归并；未确认的语音与移植细节不推测。,https://fandc.co.jp/catalog/pc/924
g772,g772-v1,バーチャコール2.2,虚拟通话2.2,バーチャコール2.2,Galgame,恋爱剧情冒险,系列改编剧情ADV,《バーチャコール２》人物,1996,Windows,フェアリーテール,フェアリーテール,首发,,Remix第三卷内含把VirtuaCall2重新编排为剧情ADV的2.2；作为独立可玩改编内容记录，附件不拆分。,https://fandc.co.jp/catalog/pc/660
g773,g773-v1,バーチャコール3,虚拟通话3,バーチャコール3,Galgame,恋爱模拟,虚拟通信恋爱模拟,《バーチャコール3》的通信对象,1997,Windows,フェアリーテール,フェアリーテール,首发,,官网商品日期1997/07/25；实体版。特典、初回与通常包装归并；未确认的语音与移植细节不推测。,https://fandc.co.jp/catalog/pc/221
g774,g774-v1,ProjectVC,,ProjectVC,Galgame,恋爱模拟,运营员养成／短篇小说集,バーチャコール运营员,1998,Windows,フェアリーテール,フェアリーテール,首发,,ProjectVC运营员养成与Remix第四卷同捆；第四卷短篇、音画编辑工具和壁纸作为同捆内容归并。,https://fandc.co.jp/catalog/pc/196
g775,g775-v1,同窓会 ～Yesterday Once More～,同学会：Yesterday Once More,同窓会 ～Yesterday Once More～,Galgame,恋爱剧情冒险,同学重逢恋爱ADV,佐伯夏奈子、村田深雪、小早川瑞穂、秋山みどり,1996,Windows,フェアリーテール,フェアリーテール,首发,,官网商品日期1996/09/12；实体版。特典、初回与通常包装归并；未确认的语音与移植细节不推测。,https://fandc.co.jp/catalog/pc/659
g775,g775-v2,同窓会 ～Yesterday Once More～,同学会：Yesterday Once More,同窓会 ～Yesterday Once More～,Galgame,恋爱剧情冒险,同学重逢恋爱ADV,佐伯夏奈子、村田深雪、小早川瑞穂、秋山みどり,2000,Windows,フェアリーテール,フェアリーテール,再版,,官网商品日期2000/10/06；实体版。特典、初回与通常包装归并；未确认的语音与移植细节不推测。,https://fandc.co.jp/catalog/pc/507
g775,g775-v3,同窓会 ～Yesterday Once More～,同学会：Yesterday Once More,同窓会 ～Yesterday Once More～,Galgame,恋爱剧情冒险,同学重逢恋爱ADV,佐伯夏奈子、村田深雪、小早川瑞穂、秋山みどり,2008,Windows,フェアリーテール,フェアリーテール,下载再版,,官网商品日期2008/12/29；下载版。特典、初回与通常包装归并；未确认的语音与移植细节不推测。,https://fandc.co.jp/catalog/pc/914
g776,g776-v1,Natural ～身も心も～,,Natural ～身も心も～,Galgame,恋爱模拟,剧情ADV／关系模拟,美澤千歳、河田穂鳥、出水由羽、美澤万里子,1998,Windows,フェアリーテール,フェアリーテール,首发,,官网商品日期1998/02/06；实体版。特典、初回与通常包装归并；未确认的语音与移植细节不推测。,https://fandc.co.jp/catalog/pc/764
g776,g776-v2,Natural ～身も心も～,,Natural ～身も心も～,Galgame,恋爱模拟,剧情ADV／关系模拟,美澤千歳、河田穂鳥、出水由羽、美澤万里子,2000,Windows,フェアリーテール,フェアリーテール,再版,,官网商品日期2000/04/14；实体版。特典、初回与通常包装归并；未确认的语音与移植细节不推测。 同捆ナチュラル★ぷち为附件／Windows配件集，不新增故事作品。,https://fandc.co.jp/catalog/pc/497
g776,g776-v3,Natural ～身も心も～,,Natural ～身も心も～,Galgame,恋爱模拟,剧情ADV／关系模拟,美澤千歳、河田穂鳥、出水由羽、美澤万里子,2008,Windows,フェアリーテール,フェアリーテール,下载再版,,官网商品日期2008/05/14；下载版。特典、初回与通常包装归并；未确认的语音与移植细节不推测。,https://fandc.co.jp/catalog/pc/904
g777,g777-v1,Natural2 -DUO-,,Natural2 -DUO-,Galgame,恋爱模拟,剧情ADV／关系模拟,安岐山かのこ、鳥海千紗都、柴崎彩音、鳥海空,2000,Windows,フェアリーテール,フェアリーテール,首发,,官网商品日期2000/05/26；实体版。特典、初回与通常包装归并；未确认的语音与移植细节不推测。,https://fandc.co.jp/catalog/pc/760
g777,g777-v2,Natural2 -DUO-,,Natural2 -DUO-,Galgame,恋爱模拟,剧情ADV／关系模拟,安岐山かのこ、鳥海千紗都、柴崎彩音、鳥海空,2008,Windows,フェアリーテール,フェアリーテール,下载再版,,官网商品日期2008/05/14；下载版。特典、初回与通常包装归并；未确认的语音与移植细节不推测。,https://fandc.co.jp/catalog/pc/919
g778,g778-v1,NaturalZero+ ～はじまりと終わりの場所で～,,NaturalZero+ ～はじまりと終わりの場所で～,Galgame,恋爱剧情冒险,前传ADV／系列短篇集,柴崎鞠乃、柴崎彩音、小端愛,2000,Windows,フェアリーテール,フェアリーテール,首发,,官网商品日期2000/12/22；实体版。特典、初回与通常包装归并；未确认的语音与移植细节不推测。,https://fandc.co.jp/catalog/pc/758
g778,g778-v2,NaturalZero+ ～はじまりと終わりの場所で～,,NaturalZero+ ～はじまりと終わりの場所で～,Galgame,恋爱剧情冒险,前传ADV／系列短篇集,柴崎鞠乃、柴崎彩音、小端愛,2011,Windows,フェアリーテール,フェアリーテール,下载再版,,官网商品日期2011/04/16；下载版。特典、初回与通常包装归并；未确认的语音与移植细节不推测。,https://fandc.co.jp/catalog/pc/909
g779,g779-v1,PALETTE,,PALETTE,Galgame,恋爱模拟,可选女主角恋爱模拟,菜乃花恵理、萌木玉緒、東雲深月、鳩羽翠,1998,Windows,フェアリーテール,フェアリーテール,首发,,官网商品日期1998/11/20；实体版。特典、初回与通常包装归并；未确认的语音与移植细节不推测。,https://fandc.co.jp/catalog/pc/195
g780,g780-v1,ハートに火をつけて…,点燃心火,ハートに火をつけて…,Galgame,恋爱模拟,恋爱ADV／格斗选手养成,椎名麻美、伊崎和枝、岸和田典子、リナ・スティングレー,1999,Windows,フェアリーテール,フェアリーテール,首发,,官网商品日期1999/10/29；实体版。特典、初回与通常包装归并；未确认的语音与移植细节不推测。,https://fandc.co.jp/catalog/pc/157
g780,g780-v2,ハートに火をつけて…,点燃心火,ハートに火をつけて…,Galgame,恋爱模拟,恋爱ADV／格斗选手养成,椎名麻美、伊崎和枝、岸和田典子、リナ・スティングレー,2011,Windows,フェアリーテール,フェアリーテール,下载再版,,官网商品日期2011/04/23；下载版。特典、初回与通常包装归并；未确认的语音与移植细节不推测。,https://fandc.co.jp/catalog/pc/922
g781,g781-v1,トゥインクルレビュー,,トゥインクルレビュー,Galgame,恋爱模拟,演艺人才培养／恋爱ADV,鈴鳴マミコ、織原聖、上小園茜、上小園繭,1999,Windows,フェアリーテール,フェアリーテール,首发,,官网商品日期1999/11/19；实体版。特典、初回与通常包装归并；未确认的语音与移植细节不推测。,https://fandc.co.jp/catalog/pc/47
g781,g781-v2,トゥインクルレビュー,,トゥインクルレビュー,Galgame,恋爱模拟,演艺人才培养／恋爱ADV,鈴鳴マミコ、織原聖、上小園茜、上小園繭,2000,Windows,フェアリーテール,フェアリーテール,再版,,官网商品日期2000/01/28；实体版。特典、初回与通常包装归并；未确认的语音与移植细节不推测。,https://fandc.co.jp/catalog/pc/58
g781,g781-v3,トゥインクルレビュー,,トゥインクルレビュー,Galgame,恋爱模拟,演艺人才培养／恋爱ADV,鈴鳴マミコ、織原聖、上小園茜、上小園繭,2010,Windows,フェアリーテール,フェアリーテール,下载再版,,官网商品日期2010/07/19；下载版。特典、初回与通常包装归并；未确认的语音与移植细节不推测。,https://fandc.co.jp/catalog/pc/921
g782,g782-v1,さくらんぼ海岸,樱桃海岸,さくらんぼ海岸,Galgame,恋爱模拟,海滨店铺经营／恋爱模拟,知念由香、田口さやか、星野あんな、風原かすみ,2000,Windows,フェアリーテール,フェアリーテール,首发,,官网商品日期2000/06/30；实体版。特典、初回与通常包装归并；未确认的语音与移植细节不推测。,https://fandc.co.jp/catalog/pc/619
g782,g782-v2,さくらんぼ海岸,樱桃海岸,さくらんぼ海岸,Galgame,恋爱模拟,海滨店铺经营／恋爱模拟,知念由香、田口さやか、星野あんな、風原かすみ,2009,Windows,フェアリーテール,フェアリーテール,下载再版,,官网商品日期2009/12/08；下载版。特典、初回与通常包装归并；未确认的语音与移植细节不推测。,https://fandc.co.jp/catalog/pc/918
g783,g783-v1,"B.B. Oh,yes! Jonny!",,"B.B. Oh,yes! Jonny!",Galgame,成人向冒险,人物关系ADV,ジョニー、高見麗華、桜坂たえ子、葉月涼,2000,Windows,フェアリーテール,フェアリーテール,首发,,官网商品日期2000/11/10；实体版。特典、初回与通常包装归并；未确认的语音与移植细节不推测。,https://fandc.co.jp/catalog/pc/626
g783,g783-v2,"B.B. Oh,yes! Jonny!",,"B.B. Oh,yes! Jonny!",Galgame,成人向冒险,人物关系ADV,ジョニー、高見麗華、桜坂たえ子、葉月涼,2010,Windows,フェアリーテール,フェアリーテール,下载再版,,官网商品日期2010/08/10；下载版。特典、初回与通常包装归并；未确认的语音与移植细节不推测。,https://fandc.co.jp/catalog/pc/912
g784,g784-v1,White Christmas ～雪降る夜の恋人達～,,White Christmas ～雪降る夜の恋人達～,视觉小说,恋爱剧情,圣诞短篇小说集,四篇故事的恋人群像,2000,Windows,フェアリーテール,フェアリーテール,首发,,官网商品日期2000/12/08；实体版。特典、初回与通常包装归并；未确认的语音与移植细节不推测。,https://fandc.co.jp/catalog/pc/477
g784,g784-v2,White Christmas ～雪降る夜の恋人達～,,White Christmas ～雪降る夜の恋人達～,视觉小说,恋爱剧情,圣诞短篇小说集,四篇故事的恋人群像,2010,Windows,フェアリーテール,フェアリーテール,下载再版,,官网商品日期2010/06/15；下载版。特典、初回与通常包装归并；未确认的语音与移植细节不推测。,https://fandc.co.jp/catalog/pc/910
g785,g785-v1,ひまわりの咲くまち,向日葵盛开的城镇,ひまわりの咲くまち,Galgame,恋爱剧情冒险,恋爱剧情ADV,三梨涼子、雛咲祭里、花園さくら、葵夏流,2002,Windows,フェアリーテール,フェアリーテール,首发,,官网商品日期2002/02/08；实体版。特典、初回与通常包装归并；未确认的语音与移植细节不推测。,https://fandc.co.jp/catalog/pc/356
g785,g785-v2,ひまわりの咲くまち,向日葵盛开的城镇,ひまわりの咲くまち,Galgame,恋爱剧情冒险,恋爱剧情ADV,三梨涼子、雛咲祭里、花園さくら、葵夏流,2003,Windows,フェアリーテール,フェアリーテール,再版,,官网商品日期2003/03/28；实体版。特典、初回与通常包装归并；未确认的语音与移植细节不推测。,https://fandc.co.jp/catalog/pc/348
g785,g785-v3,ひまわりの咲くまち,向日葵盛开的城镇,ひまわりの咲くまち,Galgame,恋爱剧情冒险,恋爱剧情ADV,三梨涼子、雛咲祭里、花園さくら、葵夏流,2009,Windows,フェアリーテール,フェアリーテール,下载再版,,官网商品日期2009/09/08；下载版。特典、初回与通常包装归并；未确认的语音与移植细节不推测。,https://fandc.co.jp/catalog/pc/896
g786,g786-v1,羊たちの憂鬱 ～コンクリートに映る影～,羊群的忧郁：映在混凝土上的影子,羊たちの憂鬱 ～コンクリートに映る影～,视觉小说,剧情分支／冒险,心理剧情ADV,裕人、夏来、由美,2002,Windows,フェアリーテール,フェアリーテール,首发,,官网商品日期2002/09/27；实体版。特典、初回与通常包装归并；未确认的语音与移植细节不推测。,https://fandc.co.jp/catalog/pc/606
g786,g786-v2,羊たちの憂鬱 ～コンクリートに映る影～,羊群的忧郁：映在混凝土上的影子,羊たちの憂鬱 ～コンクリートに映る影～,视觉小说,剧情分支／冒险,心理剧情ADV,裕人、夏来、由美,2010,Windows,フェアリーテール,フェアリーテール,下载再版,,官网商品日期2010/09/21；下载版。特典、初回与通常包装归并；未确认的语音与移植细节不推测。,https://fandc.co.jp/catalog/pc/890
g787,g787-v1,いたずら姫,恶作剧公主,いたずら姫,Galgame,成人向冒险,网络通信／剧情冒险,菊川紗理亜、蓮見円佳,2002,Windows,フェアリーテール,フェアリーテール,首发,,官网商品日期2002/08/30；实体版。特典、初回与通常包装归并；未确认的语音与移植细节不推测。,https://fandc.co.jp/catalog/pc/712
g788,g788-v1,Hello Good-bye! ～男ともだち女ともだち～,,Hello Good-bye! ～男ともだち女ともだち～,Galgame,恋爱剧情冒险,大学生活恋爱ADV,大学生主角、高中旧友,2003,Windows,フェアリーテール,フェアリーテール,首发,,官网商品日期2003/11/28；实体版。特典、初回与通常包装归并；未确认的语音与移植细节不推测。,https://fandc.co.jp/catalog/pc/515
g788,g788-v2,Hello Good-bye! ～男ともだち女ともだち～,,Hello Good-bye! ～男ともだち女ともだち～,Galgame,恋爱剧情冒险,大学生活恋爱ADV,大学生主角、高中旧友,2003,Windows,フェアリーテール,フェアリーテール,首发,,官网商品日期2003/11/28；实体版。特典、初回与通常包装归并；未确认的语音与移植细节不推测。,https://fandc.co.jp/catalog/pc/522
g788,g788-v3,Hello Good-bye! ～男ともだち女ともだち～,,Hello Good-bye! ～男ともだち女ともだち～,Galgame,恋爱剧情冒险,大学生活恋爱ADV,大学生主角、高中旧友,2011,Windows,フェアリーテール,フェアリーテール,下载再版,,官网商品日期2011/04/09；下载版。特典、初回与通常包装归并；未确认的语音与移植细节不推测。,https://fandc.co.jp/catalog/pc/874
g789,g789-v1,アルゴノーツ,阿尔戈号,アルゴノーツ,视觉小说,剧情分支／冒险,太空歌剧ADV,ナオキ,2005,Windows,フェアリーテール,フェアリーテール,首发,,官网商品日期2005/02/25；实体版。特典、初回与通常包装归并；未确认的语音与移植细节不推测。,https://fandc.co.jp/catalog/pc/575
g789,g789-v2,アルゴノーツ,阿尔戈号,アルゴノーツ,视觉小说,剧情分支／冒险,太空歌剧ADV,ナオキ,2011,Windows,フェアリーテール,フェアリーテール,下载再版,,官网商品日期2011/03/11；下载版。特典、初回与通常包装归并；未确认的语音与移植细节不推测。,https://fandc.co.jp/catalog/pc/861
g790,g790-v1,donor[ドナー],捐赠者,donor[ドナー],视觉小说,剧情分支／冒险,医学伦理悬疑ADV,ネリ・パサイ、三好玲子、日下部綾,2006,Windows,FAIRYTALE ETHIX,フェアリーテール,首发,,官网商品日期2006/12/08；实体版。特典、初回与通常包装归并；未确认的语音与移植细节不推测。,https://fandc.co.jp/catalog/pc/683
g790,g790-v2,donor[ドナー],捐赠者,donor[ドナー],视觉小说,剧情分支／冒险,医学伦理悬疑ADV,ネリ・パサイ、三好玲子、日下部綾,2011,Windows,FAIRYTALE ETHIX,フェアリーテール,下载再版,,官网商品日期2011/01/21；下载版。特典、初回与通常包装归并；未确认的语音与移植细节不推测。,https://fandc.co.jp/catalog/pc/850
g791,g791-v1,蔵の中はキケンがいっぱい!?,,蔵の中はキケンがいっぱい!?,Galgame,成人向冒险,乡间剧情ADV,乡间故事的主角,2007,Windows,FAIRYTALE ETHIX,フェアリーテール,首发,,官网商品日期2007/06/29；实体版。特典、初回与通常包装归并；未确认的语音与移植细节不推测。,https://fandc.co.jp/catalog/pc/258
g791,g791-v2,蔵の中はキケンがいっぱい!?,,蔵の中はキケンがいっぱい!?,Galgame,成人向冒险,乡间剧情ADV,乡间故事的主角,2010,Windows,FAIRYTALE ETHIX,フェアリーテール,下载再版,,官网商品日期2010/06/22；下载版。特典、初回与通常包装归并；未确认的语音与移植细节不推测。,https://fandc.co.jp/catalog/pc/845
g792,g792-v1,たまきゅう,丘比特之约,たまきゅう,Galgame,恋爱模拟,关系撮合／恋爱ADV,メル、榑林凛、滝沢一樹、神楽弥衣,2003,Windows,月星組/フェアリーテール,フェアリーテール,首发,,官网商品日期2003/06/27；实体版。特典、初回与通常包装归并；未确认的语音与移植细节不推测。,https://fandc.co.jp/catalog/pc/104
g792,g792-v2,たまきゅう,丘比特之约,たまきゅう,Galgame,恋爱模拟,关系撮合／恋爱ADV,メル、榑林凛、滝沢一樹、神楽弥衣,2010,Windows,月星組/フェアリーテール,フェアリーテール,下载再版,,官网商品日期2010/09/04；下载版。特典、初回与通常包装归并；未确认的语音与移植细节不推测。,https://fandc.co.jp/catalog/pc/882
g793,g793-v1,鏡の中のオルゴール ひとつめの物語 [THUMBELINA],镜中八音盒：拇指姑娘,鏡の中のオルゴール ひとつめの物語 [THUMBELINA],视觉小说,有声小说,童话改编小说ADV,親指姫、アル,2003,Windows,花月組/フェアリーテール,フェアリーテール,首发,,官网商品日期2003/06/27；实体版。特典、初回与通常包装归并；未确认的语音与移植细节不推测。,https://fandc.co.jp/catalog/pc/625
g793,g793-v2,鏡の中のオルゴール ひとつめの物語 [THUMBELINA],镜中八音盒：拇指姑娘,鏡の中のオルゴール ひとつめの物語 [THUMBELINA],视觉小说,有声小说,童话改编小说ADV,親指姫、アル,2009,Windows,花月組/フェアリーテール,フェアリーテール,下载再版,,官网商品日期2009/08/25；下载版。特典、初回与通常包装归并；未确认的语音与移植细节不推测。,https://fandc.co.jp/catalog/pc/881
g794,g794-v1,鏡の中のオルゴール ふたつめの物語 [SNOW WHITE],镜中八音盒：白雪公主,鏡の中のオルゴール ふたつめの物語 [SNOW WHITE],视觉小说,有声小说,童话改编小说ADV,白雪姫、女王,2003,Windows,花月組/フェアリーテール,フェアリーテール,首发,,官网商品日期2003/07/25；实体版。特典、初回与通常包装归并；未确认的语音与移植细节不推测。,https://fandc.co.jp/catalog/pc/20
g794,g794-v2,鏡の中のオルゴール ふたつめの物語 [SNOW WHITE],镜中八音盒：白雪公主,鏡の中のオルゴール ふたつめの物語 [SNOW WHITE],视觉小说,有声小说,童话改编小说ADV,白雪姫、女王,2009,Windows,花月組/フェアリーテール,フェアリーテール,下载再版,,官网商品日期2009/09/06；下载版。特典、初回与通常包装归并；未确认的语音与移植细节不推测。,https://fandc.co.jp/catalog/pc/880
g795,g795-v1,鏡の中のオルゴール みっつめの物語 [Haensel und Gretel],镜中八音盒：汉塞尔与格蕾特,鏡の中のオルゴール みっつめの物語 [Haensel und Gretel],视觉小说,有声小说,童话改编小说ADV,ヘンゼル、グレーテル、魔女,2003,Windows,花月組/フェアリーテール,フェアリーテール,首发,,官网商品日期2003/09/12；实体版。特典、初回与通常包装归并；未确认的语音与移植细节不推测。,https://fandc.co.jp/catalog/pc/587
g795,g795-v2,鏡の中のオルゴール みっつめの物語 [Haensel und Gretel],镜中八音盒：汉塞尔与格蕾特,鏡の中のオルゴール みっつめの物語 [Haensel und Gretel],视觉小说,有声小说,童话改编小说ADV,ヘンゼル、グレーテル、魔女,2009,Windows,花月組/フェアリーテール,フェアリーテール,下载再版,,官网商品日期2009/09/13；下载版。特典、初回与通常包装归并；未确认的语音与移植细节不推测。,https://fandc.co.jp/catalog/pc/879
g796,g796-v1,なつえっち ～めいといなかのなつやすみ～,,なつえっち ～めいといなかのなつやすみ～,Galgame,成人向冒险,乡间暑期ADV,芽衣,2016,Windows,フェアリーテール,フェアリーテール,首发,,官网商品日期2016/07/29；实体版。特典、初回与通常包装归并；未确认的语音与移植细节不推测。,https://fandc.co.jp/catalog/pc/784
g796,g796-v2,なつえっち ～めいといなかのなつやすみ～,,なつえっち ～めいといなかのなつやすみ～,Galgame,成人向冒险,乡间暑期ADV,芽衣,2016,Windows,フェアリーテール,フェアリーテール,下载再版,,官网商品日期2016/07/29；下载版。特典、初回与通常包装归并；未确认的语音与移植细节不推测。,https://fandc.co.jp/catalog/pc/818
g796,g796-v3,なつえっち ～めいといなかのなつやすみ～,,なつえっち ～めいといなかのなつやすみ～,Galgame,成人向冒险,乡间暑期ADV,芽衣,2025,Windows,フェアリーテール,フェアリーテール,动画增强版,,官网日期2025/12/19；动画增强下载版，Windows11，画面1280×720。保持原作ID，不改列互动动画类。,https://fandc.co.jp/catalog/pc/983
g796,g796-v4,なつえっち ～めいといなかのなつやすみ～,,なつえっち ～めいといなかのなつやすみ～,Galgame,成人向冒险,乡间暑期ADV,芽衣,2026,Windows,フェアリーテール,フェアリーテール,动画增强版,,官网日期2026/03/26；DX增强下载版，Windows11，画面1280×720。保持原作ID，不改列互动动画类。,https://fandc.co.jp/catalog/pc/988
g797,g797-v1,なつえっち２ ～ふたごといなかのなつやすみ～,,なつえっち２ ～ふたごといなかのなつやすみ～,Galgame,成人向冒险,乡间暑期ADV,さつき、まい,2018,Windows,フェアリーテール,フェアリーテール,首发,,官网商品日期2018/03/23；实体版。特典、初回与通常包装归并；未确认的语音与移植细节不推测。,https://fandc.co.jp/catalog/pc/960
g797,g797-v2,なつえっち２ ～ふたごといなかのなつやすみ～,,なつえっち２ ～ふたごといなかのなつやすみ～,Galgame,成人向冒险,乡间暑期ADV,さつき、まい,2018,Windows,フェアリーテール,フェアリーテール,下载再版,,官网商品日期2018/03/23；下载版。特典、初回与通常包装归并；未确认的语音与移植细节不推测。,https://fandc.co.jp/catalog/pc/961
g798,g798-v1,ねとられ姫,,ねとられ姫,Galgame,成人向冒险,异世界剧情ADV,ヒメ、エル,2019,Windows,フェアリーテール,フェアリーテール,首发,,官网商品日期2019/02/28；实体版。特典、初回与通常包装归并；未确认的语音与移植细节不推测。,https://fandc.co.jp/catalog/pc/965
g798,g798-v2,ねとられ姫,,ねとられ姫,Galgame,成人向冒险,异世界剧情ADV,ヒメ、エル,2019,Windows,フェアリーテール,フェアリーテール,下载再版,,官网商品日期2019/02/28；下载版。特典、初回与通常包装归并；未确认的语音与移植细节不推测。,https://fandc.co.jp/catalog/pc/966
g799,g799-v1,妖怪ゑッチ ～エチチな鬼だよう～,,妖怪ゑッチ ～エチチな鬼だよう～,Galgame,成人向冒险,妖怪校园ADV,青樹、無垢品こころ、川屋華、各務未来,2019,Windows,フェアリーテール,フェアリーテール,首发,,官网商品日期2019/03/29；实体版。特典、初回与通常包装归并；未确认的语音与移植细节不推测。,https://fandc.co.jp/catalog/pc/967
g799,g799-v2,妖怪ゑッチ ～エチチな鬼だよう～,,妖怪ゑッチ ～エチチな鬼だよう～,Galgame,成人向冒险,妖怪校园ADV,青樹、無垢品こころ、川屋華、各務未来,2019,Windows,フェアリーテール,フェアリーテール,下载再版,,官网商品日期2019/03/29；下载版。特典、初回与通常包装归并；未确认的语音与移植细节不推测。,https://fandc.co.jp/catalog/pc/968
g800,g800-v1,沙織 -美少女達の館-,沙织：美少女们的馆,沙織 -美少女達の館-,文字冒险,图文选项／调查,菜单调查冒险,沙織,1991,PC-98,FAIRYTALE/X指定,フェアリーテール,历史机种原版,,MAME记1991年；月份／各机种先后不作推测。,https://github.com/mamedev/mame/blob/master/hash/pc98.xml
g801,g801-v1,ドラゴンシティ X指定,,ドラゴンシティ X指定,文字冒险,图文选项／调查,菜单调查冒险,エレメンタル・ワールド的冒险者,1991,PC-98,FAIRYTALE/X指定,フェアリーテール,历史机种原版,,MAME记1991年；月份／各机种先后不作推测。,https://github.com/mamedev/mame/blob/master/hash/pc98.xml
g801,g801-v2,ドラゴンシティ X指定,,ドラゴンシティ X指定,文字冒险,图文选项／调查,菜单调查冒险,エレメンタル・ワールド的冒险者,1991,PC-88,FAIRYTALE/X指定,フェアリーテール,历史机种原版,,MAME记1991年；月份／各机种先后不作推测。,https://github.com/mamedev/mame/blob/master/hash/pc8801_flop.xml
g802,g802-v1,花王フロッピー劇場 ルート246殺人案内,,花王フロッピー劇場 ルート246殺人案内,文字冒险,图文选项／调查,菜单调查冒险,调查案件的主人公,1991,PC-98,フェアリーテール,フェアリーテール,历史机种原版,,MAME记1991年；月份／各机种先后不作推测。,https://github.com/mamedev/mame/blob/master/hash/pc98.xml
g803,g803-v1,校内写生1 世にもHな物語,,校内写生1 世にもHな物語,文字冒险,图文选项／调查,菜单调查冒险,原作《校内写生》人物,1991,PC-98,FAIRYTALE/X指定,フェアリーテール,历史机种原版,,MAME记1991年；月份／各机种先后不作推测。,https://github.com/mamedev/mame/blob/master/hash/pc98.xml
g804,g804-v1,校内写生2 美少女仮面の謎：美少女仮面見参！,,校内写生2 美少女仮面の謎：美少女仮面見参！,文字冒险,图文选项／调查,菜单调查冒险,美少女仮面,1991,PC-98,FAIRYTALE/X指定,フェアリーテール,历史机种原版,,MAME记1991年；月份／各机种先后不作推测。,https://github.com/mamedev/mame/blob/master/hash/pc98.xml
g805,g805-v1,校内写生3 セーラー服戦士アッコちゃん対美少女仮面,,校内写生3 セーラー服戦士アッコちゃん対美少女仮面,文字冒险,图文选项／调查,菜单调查冒险,美少女仮面、アッコちゃん,1991,PC-98,FAIRYTALE/X指定,フェアリーテール,历史机种原版,,MAME记1991年；月份／各机种先后不作推测。,https://github.com/mamedev/mame/blob/master/hash/pc98.xml
g806,g806-v1,セーラー服美少女図鑑 其の一,,セーラー服美少女図鑑 其の一,Galgame,早期成人向互动,连按动作／图像集,本卷登场人物群像,1988,PC-98,フェアリーテール,フェアリーテール,历史机种原版,,MAME记1988年；月份／各机种先后不作推测。,https://github.com/mamedev/mame/blob/master/hash/pc98.xml
g806,g806-v2,セーラー服美少女図鑑 其の一,,セーラー服美少女図鑑 其の一,Galgame,早期成人向互动,连按动作／图像集,本卷登场人物群像,1988,PC-88,フェアリーテール,フェアリーテール,历史机种原版,,MAME记1988年；月份／各机种先后不作推测。,https://github.com/mamedev/mame/blob/master/hash/pc8801_flop.xml
g807,g807-v1,セーラー服美少女図鑑 其の二,,セーラー服美少女図鑑 其の二,Galgame,早期成人向互动,连按动作／图像集,本卷登场人物群像,1988,PC-88,フェアリーテール,フェアリーテール,历史机种原版,,MAME记1988年；月份／各机种先后不作推测。,https://github.com/mamedev/mame/blob/master/hash/pc8801_flop.xml
g808,g808-v1,セーラー服美少女図鑑 其の三,,セーラー服美少女図鑑 其の三,Galgame,早期成人向互动,连按动作／图像集,本卷登场人物群像,1988,PC-88,フェアリーテール,フェアリーテール,历史机种原版,,MAME记1988年；月份／各机种先后不作推测。,https://github.com/mamedev/mame/blob/master/hash/pc8801_flop.xml
g809,g809-v1,セーラー服美少女図鑑 其の四,,セーラー服美少女図鑑 其の四,Galgame,早期成人向互动,连按动作／图像集,本卷登场人物群像,1988,PC-98,フェアリーテール,フェアリーテール,历史机种原版,,MAME记1988年；月份／各机种先后不作推测。,https://github.com/mamedev/mame/blob/master/hash/pc98.xml
g809,g809-v2,セーラー服美少女図鑑 其の四,,セーラー服美少女図鑑 其の四,Galgame,早期成人向互动,连按动作／图像集,本卷登场人物群像,1988,PC-88,フェアリーテール,フェアリーテール,历史机种原版,,MAME记1988年；月份／各机种先后不作推测。,https://github.com/mamedev/mame/blob/master/hash/pc8801_flop.xml
g810,g810-v1,セーラー服美少女図鑑 其の五,,セーラー服美少女図鑑 其の五,Galgame,早期成人向互动,连按动作／图像集,本卷登场人物群像,1988,PC-88,フェアリーテール,フェアリーテール,历史机种原版,,MAME记1988年；月份／各机种先后不作推测。,https://github.com/mamedev/mame/blob/master/hash/pc8801_flop.xml
g811,g811-v1,セーラー服美少女図鑑 其の六,,セーラー服美少女図鑑 其の六,Galgame,早期成人向互动,连按动作／图像集,本卷登场人物群像,1988,PC-98,フェアリーテール,フェアリーテール,历史机种原版,,MAME记1988年；月份／各机种先后不作推测。,https://github.com/mamedev/mame/blob/master/hash/pc98.xml
g811,g811-v2,セーラー服美少女図鑑 其の六,,セーラー服美少女図鑑 其の六,Galgame,早期成人向互动,连按动作／图像集,本卷登场人物群像,1988,PC-88,フェアリーテール,フェアリーテール,历史机种原版,,MAME记1988年；月份／各机种先后不作推测。,https://github.com/mamedev/mame/blob/master/hash/pc8801_flop.xml
g767,g767-v2,DEAD OF THE BRAIN ～死霊の叫び～,脑死亡：亡灵的呼喊,DEAD OF THE BRAIN ～死霊の叫び～,文字冒险,图文选项／调查,恐怖调查冒险,コール、シーラ,1992,X68000,フェアリーテール,フェアリーテール,移植／机种档案,,MAME机种档案记1992年，发行字段199207xx；仅采用该机种证据，配音与具体改编内容未核实。,https://github.com/mamedev/mame/blob/master/hash/x68k_flop.xml
g801,g801-v3,ドラゴンシティ X指定,,ドラゴンシティ X指定,文字冒险,图文选项／调查,菜单调查冒险,エレメンタル・ワールド的冒险者,1991,X68000,FAIRYTALE/X指定,フェアリーテール,移植／机种档案,,MAME机种档案记1991年，发行字段19910413；仅采用该机种证据，配音与具体改编内容未核实。,https://github.com/mamedev/mame/blob/master/hash/x68k_flop.xml
g754,g754-v3,LIPSTICK. ADV,口红冒险,LIPSTICK. ADV,文字冒险,图文选项／调查,菜单调查／侦探冒险,浅見五郎、清里音美,1989,X68000,フェアリーテール,フェアリーテール,移植／机种档案,,MAME机种档案记1989年，发行字段19891129；仅采用该机种证据，配音与具体改编内容未核实。,https://github.com/mamedev/mame/blob/master/hash/x68k_flop.xml
g800,g800-v2,沙織 -美少女達の館-,沙织：美少女们的馆,沙織 -美少女達の館-,文字冒险,图文选项／调查,菜单调查冒险,沙織,1991,X68000,FAIRYTALE/X指定,フェアリーテール,移植／机种档案,,MAME机种档案记1991年，发行字段19911223；仅采用该机种证据，配音与具体改编内容未核实。,https://github.com/mamedev/mame/blob/master/hash/x68k_flop.xml
g759,g759-v3,うろつき童子,,うろつき童子,文字冒险,图文选项／调查,漫画改编冒险,原作《うろつき童子》人物,1990,X68000,フェアリーテール,フェアリーテール,移植／机种档案,,MAME机种档案记1990年，发行字段19900727；仅采用该机种证据，配音与具体改编内容未核实。,https://github.com/mamedev/mame/blob/master/hash/x68k_flop.xml
g769,g769-v3,アラベスク,,アラベスク,视觉小说,单线视觉小说,单线叙事ADV,《アラベスク》的故事人物,1994,FM Towns,フェアリーテール,フェアリーテール,移植／机种档案,,MAME机种档案记1994年，发行字段199404xx；仅采用该机种证据，配音与具体改编内容未核实。,https://github.com/mamedev/mame/blob/master/hash/fmtowns_cd.xml
g767,g767-v3,DEAD OF THE BRAIN ～死霊の叫び～,脑死亡：亡灵的呼喊,DEAD OF THE BRAIN ～死霊の叫び～,文字冒险,图文选项／调查,恐怖调查冒险,コール、シーラ,1993,FM Towns,フェアリーテール,フェアリーテール,移植／机种档案,,MAME机种档案记1993年，发行字段199302xx；仅采用该机种证据，配音与具体改编内容未核实。,https://github.com/mamedev/mame/blob/master/hash/fmtowns_cd.xml
g764,g764-v2,ドラキュラ伯爵,德古拉伯爵,ドラキュラ伯爵,文字冒险,图文选项／调查,吸血鬼幻想冒险,ドラキュラ伯爵、ヴァンヘルシング,1993,FM Towns,フェアリーテール,フェアリーテール,移植／机种档案,,MAME机种档案记1993年，发行字段199303xx；仅采用该机种证据，配音与具体改编内容未核实。,https://github.com/mamedev/mame/blob/master/hash/fmtowns_cd.xml
g766,g766-v2,極楽まんだら,极乐曼荼罗,極楽まんだら,文字冒险,图文选项／调查,点击冒险／喜剧幻想,往生極楽院市的故事主角,1994,FM Towns,フェアリーテール,フェアリーテール,移植／机种档案,,MAME机种档案记1994年，发行字段199402xx；仅采用该机种证据，配音与具体改编内容未核实。,https://github.com/mamedev/mame/blob/master/hash/fmtowns_cd.xml
g756,g756-v2,リップスティックアドベンチャー3,口红冒险3,リップスティックアドベンチャー3,文字冒险,图文选项／调查,菜单调查／侦探冒险,浅見五郎、清里音美,1993,FM Towns,フェアリーテール,フェアリーテール,移植／机种档案,,MAME机种档案记1993年，发行字段199311xx；仅采用该机种证据，配音与具体改编内容未核实。,https://github.com/mamedev/mame/blob/master/hash/fmtowns_cd.xml
g765,g765-v2,マリンフィルト,Marine Philt,マリンフィルト,文字冒险,图文选项／调查,科幻悬疑冒险,《マリンフィルト》故事主角,1993,FM Towns,フェアリーテール,フェアリーテール,移植／机种档案,,MAME机种档案记1993年，发行字段199304xx；仅采用该机种证据，配音与具体改编内容未核实。,https://github.com/mamedev/mame/blob/master/hash/fmtowns_cd.xml
g770,g770-v3,バーチャコール,虚拟通话,バーチャコール,Galgame,恋爱模拟,虚拟通信恋爱模拟,プリシア,1995,FM Towns,フェアリーテール,フェアリーテール,移植／机种档案,,MAME机种档案记1995年，发行字段199503xx；仅采用该机种证据，配音与具体改编内容未核实。,https://github.com/mamedev/mame/blob/master/hash/fmtowns_cd.xml
g771,g771-v3,バーチャコール２,虚拟通话2,バーチャコール２,Galgame,恋爱模拟,虚拟通信恋爱模拟,エミリ、ウィンディ、プリシア,1995,FM Towns,フェアリーテール,フェアリーテール,移植／机种档案,,MAME机种档案记1995年，发行字段199512xx；仅采用该机种证据，配音与具体改编内容未核实。,https://github.com/mamedev/mame/blob/master/hash/fmtowns_cd.xml
g767,g767-v4,DEAD OF THE BRAIN ～死霊の叫び～,脑死亡：亡灵的呼喊,DEAD OF THE BRAIN ～死霊の叫び～,文字冒险,图文选项／调查,恐怖调查冒险,コール、シーラ,1992,MSX2,フェアリーテール,フェアリーテール,移植／机种档案,,MAME机种档案记1992年，发行字段未列；仅采用该机种证据，配音与具体改编内容未核实。,https://github.com/mamedev/mame/blob/master/hash/msx2_flop.xml
g801,g801-v4,ドラゴンシティ X指定,,ドラゴンシティ X指定,文字冒险,图文选项／调查,菜单调查冒险,エレメンタル・ワールド的冒险者,1991,MSX2,FAIRYTALE/X指定,フェアリーテール,移植／机种档案,,MAME机种档案记1991年，发行字段未列；仅采用该机种证据，配音与具体改编内容未核实。,https://github.com/mamedev/mame/blob/master/hash/msx2_flop.xml
g749,g749-v3,ほっとMILK,热牛奶,ほっとMILK,文字冒险,图文选项／调查,编号菜单冒险,変人28号、森村ユキコ、中森あきこ,1989,MSX2,フェアリーテール,フェアリーテール,移植／机种档案,,MAME机种档案记1989年，发行字段未列；仅采用该机种证据，配音与具体改编内容未核实。,https://github.com/mamedev/mame/blob/master/hash/msx2_flop.xml
g803,g803-v2,校内写生1 世にもHな物語,,校内写生1 世にもHな物語,文字冒险,图文选项／调查,菜单调查冒险,原作《校内写生》人物,1991,MSX2,FAIRYTALE/X指定,フェアリーテール,移植／机种档案,,MAME机种档案记1991年，发行字段未列；仅采用该机种证据，配音与具体改编内容未核实。,https://github.com/mamedev/mame/blob/master/hash/msx2_flop.xml
g804,g804-v2,校内写生2 美少女仮面の謎：美少女仮面見参！,,校内写生2 美少女仮面の謎：美少女仮面見参！,文字冒险,图文选项／调查,菜单调查冒险,美少女仮面,1991,MSX2,FAIRYTALE/X指定,フェアリーテール,移植／机种档案,,MAME机种档案记1991年，发行字段未列；仅采用该机种证据，配音与具体改编内容未核实。,https://github.com/mamedev/mame/blob/master/hash/msx2_flop.xml
g805,g805-v2,校内写生3 セーラー服戦士アッコちゃん対美少女仮面,,校内写生3 セーラー服戦士アッコちゃん対美少女仮面,文字冒险,图文选项／调查,菜单调查冒险,美少女仮面、アッコちゃん,1991,MSX2,FAIRYTALE/X指定,フェアリーテール,移植／机种档案,,MAME机种档案记1991年，发行字段未列；仅采用该机种证据，配音与具体改编内容未核实。,https://github.com/mamedev/mame/blob/master/hash/msx2_flop.xml
g752,g752-v3,殺しのドレス2,杀戮礼服2,殺しのドレス2,文字冒险,图文选项／调查,菜单调查／悬疑推理,私立侦探、委托人,1990,MSX2,フェアリーテール,フェアリーテール,移植／机种档案,,MAME机种档案记1990年，发行字段未列；仅采用该机种证据，配音与具体改编内容未核实。,https://github.com/mamedev/mame/blob/master/hash/msx2_flop.xml
g760,g760-v2,狂った果実,疯狂的果实,狂った果実,文字冒险,图文选项／调查,悬疑调查冒险,狩野哲、高瀬成子、月島美夏,1992,MSX2,フェアリーテール,フェアリーテール,移植／机种档案,,MAME机种档案记1992年，发行字段未列；仅采用该机种证据，配音与具体改编内容未核实。,https://github.com/mamedev/mame/blob/master/hash/msx2_flop.xml
g754,g754-v4,LIPSTICK. ADV,口红冒险,LIPSTICK. ADV,文字冒险,图文选项／调查,菜单调查／侦探冒险,浅見五郎、清里音美,1989,MSX2,フェアリーテール,フェアリーテール,移植／机种档案,,MAME机种档案记1989年，发行字段未列；仅采用该机种证据，配音与具体改编内容未核实。,https://github.com/mamedev/mame/blob/master/hash/msx2_flop.xml
g755,g755-v3,LIPSTICK. ADV2,口红冒险2,LIPSTICK. ADV2,文字冒险,图文选项／调查,菜单调查／侦探冒险,浅見五郎、清里音美,1990,MSX2,フェアリーテール,フェアリーテール,移植／机种档案,,MAME机种档案记1990年，发行字段未列；仅采用该机种证据，配音与具体改编内容未核实。,https://github.com/mamedev/mame/blob/master/hash/msx2_flop.xml
g759,g759-v4,うろつき童子,,うろつき童子,文字冒险,图文选项／调查,漫画改编冒险,原作《うろつき童子》人物,1990,MSX2,フェアリーテール,フェアリーテール,移植／机种档案,,MAME机种档案记1990年，发行字段未列；仅采用该机种证据，配音与具体改编内容未核实。,https://github.com/mamedev/mame/blob/master/hash/msx2_flop.xml
g762,g762-v2,夢二 浅草綺譚,梦二：浅草绮谭,夢二 浅草綺譚,文字冒险,图文选项／调查,时代悬疑冒险,题名人物夢二,1992,MSX2,フェアリーテール,フェアリーテール,移植／机种档案,,MAME机种档案记1992年，发行字段未列；仅采用该机种证据，配音与具体改编内容未核实。,https://github.com/mamedev/mame/blob/master/hash/msx2_flop.xml
g777,g777-v3,Natural2 -DUO-,,Natural2 -DUO-,Galgame,恋爱模拟,剧情ADV／关系模拟,安岐山かのこ、鳥海千紗都、柴崎彩音、鳥海空,2002,Game Boy Advance,シャルラク,シャルラク,授权改编移植,,官网机种与年份已确认；商品名《Natural2 -DUO-》，原作ID保留，通常与限定包装归并；具体配音与追加故事未核实。,https://fandc.co.jp/catalog/consumer/259
g777,g777-v4,Natural2 -DUO-,,Natural2 -DUO-,Galgame,恋爱模拟,剧情ADV／关系模拟,安岐山かのこ、鳥海千紗都、柴崎彩音、鳥海空,2005,PlayStation 2,KADOKAWA,KADOKAWA,授权改编移植,,官网机种与年份已确认；商品名《ナチュラル２デュオ～桜色の季節～》，原作ID保留，通常与限定包装归并；具体配音与追加故事未核实。,https://fandc.co.jp/catalog/consumer/43
g792,g792-v3,たまきゅう,丘比特之约,たまきゅう,Galgame,恋爱模拟,关系撮合／恋爱ADV,メル、榑林凛、滝沢一樹、神楽弥衣,2004,Dreamcast,NECインターチャネル,NECインターチャネル,授权改编移植,,官网机种与年份已确认；商品名《たまきゅう》，原作ID保留，通常与限定包装归并；具体配音与追加故事未核实。,https://fandc.co.jp/catalog/consumer/517
g773,g773-v2,バーチャコール3,虚拟通话3,バーチャコール3,Galgame,恋爱模拟,虚拟通信恋爱模拟,《バーチャコール3》的通信对象,1998,Sega Saturn,KID,KID,授权改编移植,,官网机种与年份已确认；商品名《バーチャコールS》，原作ID保留，通常与限定包装归并；具体配音与追加故事未核实。,https://fandc.co.jp/catalog/consumer/923
g775,g775-v4,同窓会 ～Yesterday Once More～,同学会：Yesterday Once More,同窓会 ～Yesterday Once More～,Galgame,恋爱剧情冒险,同学重逢恋爱ADV,佐伯夏奈子、村田深雪、小早川瑞穂、秋山みどり,1999,Sega Saturn,NECインターチャネル,NECインターチャネル,授权改编移植,,官网机种与年份已确认；商品名《フレンズ ～青春の輝き～》，原作ID保留，通常与限定包装归并；具体配音与追加故事未核实。,https://fandc.co.jp/catalog/consumer/329
g767,g767-v5,DEAD OF THE BRAIN ～死霊の叫び～,脑死亡：亡灵的呼喊,DEAD OF THE BRAIN ～死霊の叫び～,文字冒险,图文选项／调查,恐怖调查冒险,コール、シーラ,1999,PC Engine Super CD-ROM²,NEC Home Electronics,NEC Home Electronics,授权合辑移植,,Dead of the Brain 1&2合集中的对应本篇；MAME记1999-06-03，商品编号HECD5024。两篇保持各自原作ID，不另建合集作品。,https://github.com/mamedev/mame/blob/master/hash/pcecd.xml
g768,g768-v2,DEAD OF THE BRAIN2,脑死亡2,DEAD OF THE BRAIN2,文字冒险,图文选项／调查,恐怖调查冒险,シーラ,1999,PC Engine Super CD-ROM²,NEC Home Electronics,NEC Home Electronics,授权合辑移植,,Dead of the Brain 1&2合集中的对应本篇；MAME记1999-06-03，商品编号HECD5024。两篇保持各自原作ID，不另建合集作品。,https://github.com/mamedev/mame/blob/master/hash/pcecd.xml
g777,g777-v5,Natural2 -DUO-,,Natural2 -DUO-,Galgame,恋爱模拟,剧情ADV／关系模拟,安岐山かのこ、鳥海千紗都、柴崎彩音、鳥海空,2001,Windows,F&C・FC03,F&C・FC03,DVD版／再版,,官网独立品牌FC03发行的Natural2 DVD版本；沿用FairyTale原作ID，实际署名保留。,https://fandc.co.jp/catalog/pc/754
g777,g777-v6,Natural2 -DUO-,,Natural2 -DUO-,Galgame,恋爱模拟,剧情ADV／关系模拟,安岐山かのこ、鳥海千紗都、柴崎彩音、鳥海空,2003,Windows,F&C・FC03,F&C・FC03,DVD版／再版,,官网独立品牌FC03发行的Natural2 DVD版本；沿用FairyTale原作ID，实际署名保留。,https://fandc.co.jp/catalog/pc/631
